w1,w3,w5,gain_max_dB,pm,gbw
0.00375,0.0035,0.00025,0.4529475974467954,87.95995530272991,0.5121068343926545
0.00275,0.003,0.00425,0.7132746463139972,87.79605461702128,0.43615500052281664
0.00125,0.00425,0.005,-1.6109485854525316,88.53296313728619,1.0633335335479615
0.002,0.003,0.00125,0.8073078991008324,87.42185147239393,0.3798357644314039
0.0025,0.005,0.00175,0.5886083258281474,87.0302036962456,1.4152674940446965
0.00425,0.00375,0.00025,0.37795871214479776,88.0166834666853,0.6398758495515015
0.00225,0.0025,0.00325,0.5139435999727001,87.77584115561287,0.11879978529173994
0.0015,0.0005,0.005,0.8022294011048758,88.77690494117356,-1.6586771889266563
0.002,0.00175,0.00375,0.36412790909197973,88.02479047615252,-0.40382861314564517
0.0015,0.00125,0.005,0.4766112370449764,88.07142027369031,-0.8169399103287146
0.00075,0.00275,0.00075,-1.5957725206965296,88.24193034752474,0.1603442583672527
0.00375,0.00125,0.00225,0.2642543836097947,88.77792702894672,-0.8329970449517213
0.0005,0.0025,0.00475,-1.2892068281076312,86.02902482125508,0.08734346054923377
0.005,0.0025,0.00075,1.1247950637097588,88.50340914246036,0.051456167568369716
0.00225,0.005,0.00175,-0.8604735441000425,86.97311001362466,1.410058997924478
0.004,0.00125,0.00175,0.24440231883730232,88.81677508512696,-0.8405913059815641
0.0025,0.001,0.00275,0.5653498855381545,88.66046403527608,-1.0692812761252504
0.00275,0.0005,0.005,0.9329737112135463,89.09636790795251,-1.6583426533442887
0.00175,0.00025,0.005,0.42439455286314565,89.1990029623948,-2.08377350981101
0.005,0.00125,0.00275,0.18763119443143858,88.9416127278528,-0.8274819026635822
0.0035,0.001,0.00375,0.24831114149695616,88.86791684907733,-1.0622159243193983
0.00075,0.001,0.00425,0.7327512263942352,87.56690497990814,-1.064102404832293
0.002,0.00275,0.00325,-1.4736184359214453,88.8505253461135,0.2578192255731802
0.00475,0.0035,0.00425,0.29818847500618123,88.18607228217536,0.7232784204960278
0.00375,0.00275,0.00325,0.33172547108054373,88.19013349439642,0.2788307121559423
0.00325,0.0015,0.00475,0.7508771421138465,88.56150739319163,-0.5970243132486027
0.005,0.0015,0.00275,0.3481090297749463,88.84029664017812,-0.6097290438910269
0.00425,0.00475,0.00025,0.46445525779933544,87.7697780247273,1.1087582572053467
0.0005,0.002,0.00225,-1.4865172805654308,87.2408724341963,-0.26346709240811134
0.00175,0.003,0.00175,-0.9953454844947882,87.42185147239393,0.39352854080112876
0.00475,0.00125,0.00325,0.4252049514795217,88.9129459602121,-0.8235343436239343
0.003,0.00175,0.00425,0.5502224446991346,88.38427421969216,-0.3988365236211068
0.004,0.00475,0.00125,0.6071394408559463,87.70210150662979,1.2848122589280735
0.0035,0.00425,0.00175,0.5314482100864228,87.67787186804578,1.0681426173492847
0.003,0.00425,0.00275,-1.433041777199496,88.6043410337225,1.0729572410013266
0.0045,0.0045,0.00275,0.15336213827361625,87.89010837707565,1.2155182041328672
0.005,0.005,0.005,-1.2445025390996067,88.38630936624526,1.4671564421081842
0.001,0.004,0.005,-1.5144166035985371,87.41782564005283,0.9467567837306374
0.0025,0.003,0.00125,0.5391199836547826,87.68998585047578,0.38224824364481
0.00325,0.00325,0.00275,0.27987886893352515,87.89010837707565,0.5658998907655134
0.001,0.00075,0.00425,0.4853365288146251,88.16982930341918,-1.3362639536479362
0.002,0.00025,0.00375,0.8591734105489002,89.25036481773961,-2.086490983099779
0.00225,0.00475,0.005,-1.539944160014383,88.7053880306825,1.321915466782982
0.005,0.0035,0.00175,0.273519941123694,88.23177170464471,0.6850612623864516
0.00375,0.00325,0.00425,-1.0368784135840612,88.23888263185633,0.5803224229016396
0.0025,0.00325,0.00325,-1.5173961691780797,89.18873413880061,0.5481615891785844
0.00175,0.00225,0.00425,-1.4733726150078112,88.9293258387237,-0.05521569659499731
0.0025,0.0015,0.00025,0.24598529746795722,88.3618907001594,-0.7374018406551991
0.003,0.001,0.00125,0.6993087768251166,88.77690494117356,-1.0907968125546792
0.0015,0.0045,0.00275,-1.5829439105992966,88.49118278921215,1.166481094216135
0.00425,0.003,0.00175,0.22572263072983448,88.22466135048299,0.4036310087108417
0.0045,0.00375,0.00025,0.06808659320108539,88.0734482164322,0.6403077536460214
0.002,0.00475,0.00375,-1.6918966019136146,90.12805522486578,1.2797538685233025
0.0005,0.00375,0.00375,-1.5217696203777893,86.02803438120588,0.7837923932917978
0.00075,0.00425,0.005,-1.5862314276530622,87.23283762292404,1.0518142968871609
0.00075,0.004,0.00425,-1.6022530082988167,87.5225575583545,0.9220700368375595
0.0045,0.00025,0.00025,-1.3552218993976248,90.2921511663134,-2.1420384000248145
0.00425,0.00325,0.00275,0.2403476244267009,88.15257441659365,0.5675937304989985
0.0005,0.0045,0.00325,1.1929766006341975,83.91217922531212,1.1571336903236515
0.00025,0.00175,0.00025,1.2415735043295486,84.57947790659561,-0.5790126038055211
0.00225,0.004,0.00025,1.65511991826625,87.19669012870742,0.7560875988321476
0.0045,0.0045,0.00475,-1.3847096037188282,88.79223749339837,1.2239950895286864
0.00025,0.00125,0.00275,1.0884081658344735,85.37387620225034,-0.8486813194631547
0.0015,0.003,0.00425,-1.6249036496265274,89.55090929300306,0.39675816747532855
0.00275,0.00025,0.00175,1.3551103504838333,89.36037857523917,-2.095419458341426
0.00275,0.0015,0.00375,0.6598693774948153,88.43720326287368,-0.6028071697096639
0.0005,0.00225,0.00075,-1.5847213848978812,87.72734783363818,-0.15488804775863477
0.0045,0.00125,0.00125,0.6286960440515494,88.88326511985908,-0.8520653222642425
0.003,0.002,0.00025,0.9110929485713927,88.27342957401449,-0.37058403079925084
0.0015,0.003,0.00075,-1.5132037070026945,88.59516065278166,0.3236196011224288
0.0025,0.002,0.00225,1.2750159538986672,88.10995917178316,-0.23247918183762814
0.004,0.002,0.00075,0.6961482222212498,88.50340914246036,-0.2824206666799566
0.00125,0.0035,0.00375,-1.6190687795886198,88.96107044092292,0.669794193710773
0.005,0.002,0.00475,-0.9626810175973907,88.80961758716278,-0.2095183533934411
0.0045,0.004,0.00425,0.46164587592923184,88.0085772038668,0.9871364333518631
0.001,0.00375,0.00275,-1.5463814263571303,87.77483060471326,0.7936707594032184
0.005,0.00175,0.00225,0.26089663200927643,88.74726951391219,-0.4159583755160782
0.00425,0.00375,0.00225,0.2204388317510626,88.0176968020349,0.8302575162039985
0.0035,0.00475,0.005,-1.55594953268781,89.42212786291569,1.3244682111782506
0.00125,0.00125,0.00325,1.5456620784810569,87.8890965106336,-0.8266929361368857
0.0005,0.0005,0.00375,0.8016080954989876,87.8890965106336,-1.6645191096501486
0.00125,0.00175,0.00475,-1.4434986206794684,88.66965118306429,-0.41254267303496805
0.00375,0.001,0.00325,0.23656846554566732,88.90680428362228,-1.0650449937214543
0.00025,0.00025,0.00125,0.9951582983768021,87.8890965106336,-2.1025294329295203
0.00125,0.0045,0.00075,0.670971838539167,86.04685469216763,1.106329649708268
0.00425,0.00175,0.00375,0.3794174296542747,88.64209259526876,-0.40102169434204443
0.00425,0.0015,0.005,0.6847216017303475,88.74216095745406,-0.5955765173855351
0.00475,0.00175,0.00175,0.268457651100065,88.71560120379608,-0.42494270189940647
0.00275,0.00075,0.00325,0.5121337097294602,88.8934987730083,-1.3391227972928854
0.00475,0.003,0.00425,0.6829117114871077,88.31917426641908,0.4394239057029498
0.004,0.004,0.00025,0.4302834494754784,87.8890965106336,0.7618802945184024
0.001,0.00075,0.00075,0.876894126960323,88.16982930341918,-1.379863027374183
0.00175,0.003,0.00425,-1.623182903231089,89.74804561417814,0.3983740966285005
0.005,0.00125,0.00175,1.5439332280994547,88.94058875558919,-0.8403298567791682
0.003,0.00075,0.00025,0.07045025583218198,88.9416127278528,-1.4315058129465048
0.00375,0.00275,0.00425,0.4057553846864964,88.19013349439642,0.2878197929503185
0.004,0.00025,0.00425,-0.05890557131376417,89.47258809908563,-2.0850740687403206
0.00375,0.004,0.00125,0.3020459724201315,87.82132798980062,0.9239279367581815
0.0015,0.0015,0.00075,0.7026854377266835,87.8890965106336,-0.6638573679616163
0.0005,0.00475,0.00125,1.2999222047086245,83.75967817321579,1.2155182041328672
0.0045,0.00375,0.00175,0.17042913313449595,88.07243423922432,0.8175716379141941
0.004,0.0015,0.00275,0.8483410823766733,88.70334553715612,-0.6100170404649041
0.005,0.00075,0.00225,0.8216789678979011,89.17846649738038,-1.3460465494796678
0.00275,0.0045,0.00375,-1.5555227227498518,89.1825734120963,1.1936549168289523
0.0035,0.0005,0.00125,0.0688699785302488,89.20002990977909,-1.6820688575095755
0.00375,0.0005,0.00275,0.48339157213532286,89.22570743729062,-1.666516640989007
0.00375,0.00425,0.00075,0.8919135146504925,87.75462202975163,1.0074766802413846
0.0045,0.003,0.00225,0.6406089037122775,88.27342957401449,0.415792414830226
0.00325,0.002,0.00425,0.6464167604629727,88.3405299013859,-0.21185603507028022
0.00125,0.0025,0.00075,-1.478845506997071,88.38223911999945,0.026791666038040615
0.00425,0.004,0.00375,0.5346087646902896,87.9518542645278,0.9814780339183367
0.0015,0.00475,0.00175,-1.564023804235637,88.23177170464471,1.2605850094743785
0.0045,0.00125,0.00225,0.05523367114536095,88.88531175623454,-0.8327347213773909
0.0045,0.0005,0.00175,0.2018753007786083,89.29455966660336,-1.6746446462664597
0.00325,0.00325,0.00025,0.3530524613348404,87.8890965106336,0.38023772858129656
0.00125,0.004,0.00175,-1.6321486132569294,88.86893998466988,0.8901555729267069
0.005,0.00325,0.00225,0.33939994597762485,88.2957906848896,0.5599775907591122
0.00175,0.003,0.00075,1.6431530320310965,87.24589456705272,0.34504144156670963
0.003,0.003,0.00325,-1.2652541463362763,88.43211255475002,0.42066875059340014
0.00125,0.00075,0.00275,0.8479088697812729,88.3618907001594,-1.343402432203017
0.00075,0.0005,0.00175,1.4364203449935649,88.27342957401449,-1.6762977965844919
0.00175,0.0045,0.00125,0.7153546694293623,86.64230548248584,1.1551684199095453
0.0045,0.0015,0.00325,0.18536477963430686,88.77792702894672,-0.6054051140953681
0.00225,0.00125,0.00475,0.4279062802007755,88.4229500185674,-0.8166757380020129
0.0005,0.00475,0.00275,1.7018799184311484,83.75967817321579,1.2625988372018986
0.00375,0.002,0.00325,0.3584281054901349,88.45553223872022,-0.2188577870283616
0.00425,0.00275,0.00275,0.7962054380564805,88.29884036612657,0.27337074030490566
0.0015,0.0045,0.00225,-1.58269268702822,88.488126464818,1.1566422878693243
0.00075,0.00325,0.00375,-1.506369345337923,87.2017097181526,0.53554378475342
0.00125,0.0025,0.00325,-1.4967715243913093,88.48914522788704,0.09619408067341913
0.00475,0.0005,0.005,0.18235279811010902,89.31306633310764,-1.658008040723387
0.002,0.002,0.00325,0.48431002390054884,87.8890965106336,-0.2215206714891216
0.00325,0.0005,0.00225,0.4577019359962017,89.16820003799792,-1.6700056871998368
0.00225,0.00125,0.00175,1.0410268600636872,88.4229500185674,-0.8416368018385677
0.00475,0.00375,0.00025,1.0807904188405388,88.12213285340391,0.6407397074682005
0.00325,0.00275,0.00225,0.14781631040888293,88.05925359778736,0.2640312387041276
0.003,0.001,0.00075,0.8088746697591593,88.77690494117356,-1.1102433954607311
0.00275,0.0035,0.00475,-1.5253110623313526,89.26886232467884,0.6986349936088331
0.00125,0.002,0.00075,0.6373673092467732,87.33835342839707,-0.28860212590087136
0.00075,0.00025,0.00125,0.59055328250745,88.77690494117356,-2.1011346918205698
0.00225,0.00025,0.005,0.6846945884431351,89.2935316309113,-2.08377350981101
0.003,0.00275,0.00375,0.2772072548282054,87.97919825908578,0.2823453440831203
0.00325,0.00125,0.00425,0.4822570140723963,88.68700728192067,-0.8179962955483692
0.005,0.00225,0.00025,-0.36694078672702424,88.59108078880007,-0.20316371256813706
0.005,0.00075,0.005,0.6047622715812434,89.17846649738038,-1.3317621648316935
0.004,0.00225,0.00025,0.3749062106897813,88.41378843172397,-0.2038332769110793
0.00475,0.004,0.00075,0.7943415212388155,88.06128126037797,0.8864717196594087
0.0035,0.004,0.00175,0.1483781867829035,87.74653990257201,0.9439544904849627
0.00125,0.00475,0.00375,-1.6155300389637777,88.3690121141457,1.2873436388514152
0.0015,0.00375,0.00275,0.6193224333887999,86.68820292956858,0.8266288056876298
0.0015,0.00125,0.00425,0.42544807106443455,88.07142027369031,-0.8201076070974925
0.00225,0.00425,0.00425,-1.5210996908549184,88.73092316832637,1.0797070332154686
0.00325,0.00025,0.00475,0.5769385857523321,89.41183335259669,-2.0841283710609058
0.00175,0.00475,0.005,-1.6461387947043014,89.31512286613577,1.3000224192451133
0.00275,0.00375,0.00025,0.5451439467031783,87.53968912638125,0.6364224063042275
0.00475,0.004,0.00275,0.3107091336291916,88.06229510918163,0.9692449534889117
0.00475,0.0015,0.00375,0.1288367748133556,88.81064005155636,-0.601651663413624
0.00075,0.004,0.00325,-1.615500324347844,87.65667642549673,0.9100145200785119
0.0005,0.0045,0.00275,1.0550467561269927,83.91217922531212,1.149768590558373
0.00475,0.00225,0.00175,0.33763327699392515,88.54315645810755,-0.0657531044903131
0.0045,0.0045,0.00175,0.14671957094805405,87.89112025516734,1.1911774529494965
0.0005,0.00125,0.00325,-1.4735238894162013,88.01060369957688,-0.8439874078900348
0.00325,0.00225,0.00275,0.19159134233679603,88.24193034752474,-0.049933328830145035
0.0025,0.002,0.00025,0.45346084990383373,88.10995917178316,-0.3712150496271665
0.00375,0.003,0.00175,0.46286147385379595,88.10995917178316,0.4032263514650888
0.004,0.00475,0.00325,0.6027903016147285,87.70210150662979,1.3403280673802525
0.0045,0.002,0.00025,0.0691455140598166,88.59006085216133,-0.3693215571673703
0.001,0.00475,0.005,-1.6457254914099497,88.245994132164,1.286837246285683
0.00375,0.005,0.00075,1.441417803127884,87.56690497990814,1.3541876853688588
0.00175,0.0015,0.005,0.5357163094660035,88.04404761646754,-0.598181950027545
0.00025,0.00025,0.00225,0.9145506493345972,87.8890965106336,-2.093897752478665
0.00025,0.00125,0.005,-1.3786694326981053,86.25712921773179,-0.8416368018385677
0.00075,0.00175,0.00175,-1.5694804882525688,88.7881485539019,-0.4544708196827757
0.00175,0.00475,0.00375,-1.5800750994973252,88.63596962792026,1.3005303298973676
0.00075,0.003,0.00125,-1.6019261475235451,88.13126421840123,0.3362979455218673
0.005,0.0015,0.00325,0.17898424119470616,88.84029664017812,-0.605116586523269
0.0045,0.00075,0.00075,0.2548024344141285,89.13535530968372,-1.3778683973820527
0.0005,0.00325,0.00425,-1.5816067528822761,86.86303508634539,0.5196236674291204
0.001,0.001,0.00175,0.9435359065136473,87.8890965106336,-1.0831054811957848
0.00275,0.001,0.00325,0.4393329006916779,88.72275112462971,-1.06528057312683
0.005,0.0005,0.00325,0.22211635688696107,89.33054837332953,-1.663852652370354
0.0005,0.0025,0.005,-1.5140384175775619,86.94707972146244,0.09139695922234004
0.002,0.00225,0.00275,0.40896996586478807,87.76270490135695,-0.05239956903158053
0.00375,0.0035,0.00225,0.7650591179004272,87.96096798496868,0.6960040376391026
0.00425,0.0035,0.00225,0.07274638524524768,88.08460273622597,0.6968808210367632
0.005,0.004,0.005,0.23777866081278876,88.11097358101519,0.9932751941893443
0.0015,0.0035,0.00475,-1.6140686201255796,89.20619184237714,0.6811295671178766
0.002,0.004,0.00175,-1.5278287006995608,88.69619718016516,0.9123300869702394
0.004,0.00425,0.005,0.5141597062704003,87.82537240453951,1.117512828902912
0.00025,0.00125,0.00475,-1.5198840929303543,86.98712955249823,-0.847899676220228
0.00275,0.001,0.00025,0.5982250560758098,88.72275112462971,-1.172161527201177
0.005,0.004,0.00375,0.3095070423482334,88.11097358101519,0.9828919009828887
0.003,0.00025,0.005,0.6564657033060358,89.38816047621093,-2.08365519548849
0.00475,0.00225,0.00275,-0.6964110455434313,88.59108078880007,-0.04887576015689352
0.003,0.00475,0.00025,1.4707272197534842,87.35142616605042,1.10487315611746
0.00175,0.0045,0.00075,-1.5611306811751742,88.56354662073635,1.0859844463803132
0.0035,0.003,0.005,0.4679669851369649,88.04404761646754,0.4431050246411707
0.00275,0.00025,0.00125,0.5724003535006263,89.36037857523917,-2.1005529807468037
0.0005,0.00475,0.00225,1.1524296565281822,83.75967817321579,1.2520365804203373
0.00225,0.001,0.00075,1.5142726387400915,88.589040927265,-1.1107041210324502
0.00275,0.00275,0.00425,0.9107687891248423,87.8890965106336,0.2858636196302387
0.0045,0.001,0.00125,0.6632460383963823,89.00102329450668,-1.090331502628013
0.0035,0.00075,0.00175,0.09064809068099479,89.0204940047974,-1.352133276034669
0.0005,0.00275,0.00125,-1.5775763704301657,87.22379934476986,0.1841608068010564
0.002,0.00275,0.00375,-1.468639887088175,88.82291054250528,0.26325411113228936
0.0045,0.00175,0.00475,0.5841511334380789,88.6798602415844,-0.3950864171204113
0.0015,0.00225,0.00225,-1.489534664747071,88.83518272880224,-0.0780008360516278
0.00475,0.00075,0.00175,-0.0680819849798622,89.16101421966998,-1.351930723668326
0.003,0.00075,0.005,0.6537913878719948,88.94058875558919,-1.3319670390555236
0.004,0.00325,0.00125,0.5315022366608478,88.09575866874185,0.5275750199563373
0.003,0.00325,0.00125,0.22195427716368585,87.80515219323816,0.5254808721493991
0.0045,0.00275,0.00325,0.5899319769015614,88.34663245977612,0.2796114267856581
0.00025,0.00425,0.00475,1.0883001126856238,81.92849932318144,0.9946931365524414
0.0005,0.003,0.005,-1.5618546372724704,86.88703954609801,0.3870782043955051
0.0005,0.004,0.00175,-1.6013156472325416,86.51571473837906,0.8648974695700807
0.00425,0.0005,0.00375,1.4385003681089301,89.2729734023723,-1.6618514380516805
0.00025,0.0035,0.00275,1.036029401929368,82.5771709318692,0.6144813202398355
0.0005,0.003,0.00375,-1.5076065538922572,86.48782986182232,0.3826504855576253
0.0045,0.0025,0.00375,0.450840561044218,88.4229500185674,0.12699169426593795
0.00175,0.0025,0.00475,-1.4855772181704348,88.87303264483494,0.1113705790897581
0.00275,0.00475,0.00125,0.48177077490257064,87.236854936056,1.2797538685233025
0.00225,0.0035,0.00475,-1.6460496508565001,90.1322058707656,0.6798199070740956
0.00375,0.00175,0.00025,0.2929100786848521,88.55437046654392,-0.5467382237845548
0.00425,0.00475,0.00325,1.2929527766077902,87.7697780247273,1.3408406186588653
0.00325,0.001,0.005,0.7407201461219332,88.82495578914929,-1.0570191349130111
0.004,0.00275,0.00425,0.47309950970734693,88.24701010756544,0.2882111627601512
0.002,0.005,0.00075,0.8420199731689402,86.68820292956858,1.343917165842312
0.0045,0.0025,0.00175,0.24226556781879086,88.42396803126047,0.09841055946463931
0.004,0.005,0.00175,0.712599314133684,87.64355800505678,1.4215256099389197
0.00475,0.0025,0.00175,0.5318534093946109,88.4646981511278,0.09878012147526298
0.001,0.00175,0.00175,-1.5667575489015455,89.18462694037927,-0.45202258907404935
0.00325,0.003,0.00175,0.34430015627797905,87.97210825911864,0.4020126592175521
0.00325,0.0005,0.00075,0.873706559069244,89.16820003799792,-1.69598785574108
0.00025,0.0005,0.005,-1.382000171011411,87.92451876850185,-1.6681791436342681
0.00125,0.00375,0.005,0.8543650454250685,86.38035807326862,0.8457168763701339
0.00325,0.0015,0.00125,0.7518496204534973,88.56150739319163,-0.6375109034807508
0.0045,0.003,0.00175,0.22559296695121422,88.2744458652799,0.4040357125471783
0.00325,0.003,0.00225,0.40951023160903904,87.9710954486235,0.4137625957462718
0.0035,0.004,0.00125,0.3603730621694375,87.74552968901351,0.9229988798485544
0.0005,0.001,0.00025,-1.391025310269119,87.95995530272991,-1.1848457235431065
0.004,0.0025,0.00175,-1.1787170807509197,88.70334553715612,0.0932411563078254
0.001,0.00025,0.00375,1.119500459416102,88.94058875558919,-2.086726945235102
0.003,0.00125,0.005,0.3530794746220527,88.63392873279338,-0.8150900651892854
0.00475,0.002,0.00425,0.6547098396372211,88.62576562220293,-0.21052044766126168
0.001,0.00375,0.00475,-1.5319023044112112,87.6667688542744,0.8162148605860062
0.0005,0.003,0.00275,-1.4872277300191206,86.36047055050952,0.37260831762744306
0.0025,0.003,0.00275,0.5277473897383055,87.68998585047578,0.42026213191802
0.001,0.004,0.00175,-1.5579133986681615,87.73845851974944,0.8956877185248542
0.0045,0.00375,0.00325,0.509459394295419,88.07142027369031,0.8470838450934595
0.00425,0.00125,0.00025,0.2013350350343577,88.85154828147786,-0.9430432636735593
0.00275,0.001,0.00225,0.39246484737792936,88.72275112462971,-1.073743393689626
0.00125,0.002,0.00025,0.6866935716968627,87.33835342839707,-0.37562811543485936
0.005,0.00175,0.00025,-0.656452991098649,88.78712634844973,-0.5461476253144336
0.0025,0.005,0.00125,-1.5713092877968575,89.03586862699576,1.3583025194038265
0.0025,0.0005,0.00075,1.3564880281316731,89.05227115078497,-1.69598785574108
0.001,0.00025,0.00125,1.0978087897844362,88.94058875558919,-2.1009020475734674
0.0005,0.00125,0.00375,1.1327369701502437,86.68820292956858,-0.8303724496625026
0.003,0.0005,0.00475,1.0683643067227728,89.13432910688908,-1.658844427833933
0.00075,0.0035,0.00475,-1.621851148171511,88.0166834666853,0.6667481553192363
0.00175,0.00125,0.00075,0.9806251498564583,88.21348909448406,-0.875869444869207
0.001,0.005,0.00075,-1.6166727010128679,87.81222873759387,1.2873436388514152
0.00275,0.0015,0.00425,0.6154595333174073,88.43720326287368,-0.5999174059188291
0.0005,0.003,0.00175,-1.556227769546099,86.84103682410155,0.3478281104795267
0.003,0.004,0.005,-1.553388673060062,89.42315737913506,0.959859777677643
0.00325,0.003,0.00275,0.28686450500668637,87.97210825911864,0.4218888875395032
0.0015,0.001,0.00225,0.48587679455887606,88.2744458652799,-1.075150456809529
0.00225,0.004,0.00125,-1.5449173061902108,88.98872819807143,0.8910770665147152
0.00025,0.00275,0.00225,1.473563614910801,83.33165362357515,0.2001347462739524
0.00275,0.00325,0.00275,-1.3520235261916604,88.49322039745442,0.5536428531013872
0.00275,0.002,0.00025,0.6972557669969641,88.19724106582959,-0.370899558375385
0.00425,0.00125,0.00275,0.43441648241899644,88.85154828147786,-0.8277448309562051
0.00225,0.00225,0.00425,0.33277898928183264,87.8890965106336,-0.038279959196180414
0.0045,0.00125,0.00075,0.5605145071271106,88.88326511985908,-0.8738095155293976
0.002,0.00375,0.00025,0.43214736629314343,87.12243397912884,0.6325410827317093
0.0035,0.00225,0.00475,0.9342163224253227,88.30392340226558,-0.03296831918054232
0.00025,0.00475,0.00425,1.7029064233452242,81.53986723708145,1.2115348187685988
0.004,0.00025,0.00075,-0.8646633049467066,89.56740669952785,-2.110396671910118
0.005,0.003,0.00025,0.3316417298901848,88.3618907001594,0.2458159646892021
0.00325,0.00075,0.005,0.8097931215243857,88.98155684288196,-1.3319670390555236
0.0025,0.002,0.00375,0.482608186806159,88.10995917178316,-0.21619244883056152
0.0015,0.00375,0.00175,-1.6526760102097349,89.52823032047058,0.7636644073476807
0.00475,0.00125,0.00275,0.5192922308407819,88.9129459602121,-0.8274819026635822
0.0045,0.0015,0.00425,0.19176692870367756,88.77792702894672,-0.5990498278244929
0.00025,0.00125,0.00375,-1.4774219067609702,86.72014592753364,-0.8507643820719352
0.00075,0.00225,0.00325,-1.5550283795938626,88.25412226289677,-0.07835004657391179
0.00475,0.0035,0.00375,0.3385517287591515,88.18607228217536,0.7188661478074275
0.0035,0.0035,0.00225,0.9532336766229477,87.8890965106336,0.6955657216420247
0.00075,0.00425,0.00175,-1.5852670532995745,87.22379934476986,1.004632457660674
0.001,0.005,0.00125,-1.5713092877968575,87.38260751426172,1.3367418602246135
0.0035,0.0005,0.00375,0.31601994589517574,89.1990029623948,-1.6618514380516805
0.00275,0.00275,0.00125,0.29385284240856935,87.89010837707565,0.23462582467379567
0.0005,0.001,0.00075,-1.5110021240948728,88.58088195080384,-1.1281333148208001
0.00175,0.0005,0.00225,0.5454410928625161,88.86791684907733,-1.6703375375785667
0.00275,0.00425,0.00425,-1.5551364327427128,89.25344746936844,1.077777410885731
0.00275,0.00125,0.00275,0.5134033342284492,88.57272372577754,-0.8282705967379569
0.00475,0.00275,0.00125,0.8022834276793007,88.39037979993715,0.23770902911827624
0.00225,0.0035,0.00075,0.5719681409052256,87.3745596493073,0.6230703164797317
0.00425,0.00425,0.005,0.12392575919811681,87.89010837707565,1.1179997261524397
0.00475,0.0025,0.00075,0.3799576953985253,88.46571664446677,0.051092053615664795
0.00225,0.0045,0.00375,-1.5555227227498518,88.90475715236869,1.1911774529494965
0.00475,0.0005,0.00075,0.1548100504682082,89.31306633310764,-1.695824893375146
0.0045,0.00175,0.00125,0.561378932317912,88.6798602415844,-0.4388246469340272
0.0045,0.004,0.00125,0.3078403225272203,88.00959044588907,0.9253219232903118
0.0025,0.001,0.00025,0.3031886344692217,88.66148478246615,-1.1723847750697665
0.00475,0.00475,0.005,-1.4055854720766754,88.87712549347826,1.342891413971701
0.001,0.001,0.00275,1.1314673456512545,87.8890965106336,-1.0716309757362983
0.00475,0.005,0.00275,0.524883981293777,87.83447301871533,1.4492692770189062
0.00475,0.003,0.00325,0.3228570088886685,88.32019108434277,0.430441656127952
0.00475,0.004,0.00025,0.6729438085056823,88.06128126037797,0.7632183021110628
0.00375,0.00375,0.00125,0.2898737852021629,87.89010837707565,0.7959193341626783
0.00175,0.00225,0.00025,0.4477070197275635,87.61026621589808,-0.2078474269527404
0.0025,0.002,0.00475,0.6019799029983524,88.10995917178316,-0.2101864546947049
0.00375,0.00225,0.00175,0.9940507536010883,88.3618907001594,-0.06645430515262749
0.00075,0.00325,0.00425,-1.6108000123728627,88.05722598188488,0.5288320873970709
0.005,0.0025,0.00425,1.1277665253031373,88.50340914246036,0.13109543613442326
0.00275,0.0025,0.00425,0.16103121051325506,87.9873018158788,0.1284833627572568
0.00025,0.0015,0.00425,-1.41285744899429,85.97852691458091,-0.6338055408790967
0.00275,0.005,0.00075,-1.11639472582288,87.45406480626535,1.345456236568867
0.00025,0.00125,0.00025,-1.4770734353559287,86.71814914536976,-0.9720551833304265
0.0035,0.00175,0.00325,0.3952472159608203,88.50340914246036,-0.4053867562116661
0.002,0.0035,0.00275,-1.5265752841728992,88.87507904559625,0.6754576390575692
0.003,0.0035,0.00225,0.4910363324164703,87.72229798690167,0.694251076388077
0.00025,0.002,0.00175,1.196218195099702,84.23256000178019,-0.2814434101570795
0.0025,0.0005,0.00375,0.9169548318965128,89.05227115078497,-1.6620183115310634
0.0025,0.00425,0.00275,0.5982520693630224,87.25794886549023,1.0879178490599413
0.00425,0.0025,0.00075,0.2901304114306821,88.37816906119109,0.05072798158071444
0.00125,0.005,0.00275,-1.5687484281691093,87.82840583782404,1.3929134439376318
0.00325,0.002,0.00025,0.37736441982612184,88.34154696517685,-0.37026846689456017
0.00475,0.005,0.00175,0.10931157081613535,87.83649550548223,1.4230914903020582
0.00125,0.003,0.00125,-1.6241823948579528,89.26783458483669,0.34185942582833756
0.00275,0.00025,0.00075,0.28803147901426823,89.36140738053955,-2.110396671910118
0.00025,0.0005,0.00225,1.3906868497427425,87.0302036962456,-1.6753061347935858
0.001,0.00325,0.00075,-1.5912477950884298,88.42396803126047,0.44801912024682045
0.0005,0.00325,0.00125,-1.6042114716217255,87.07530412926612,0.462802207241635
0.0045,0.00375,0.00275,0.1527570406400557,88.07243423922432,0.8397987979748481
0.00225,0.00025,0.00025,0.5249380078682019,89.2935316309113,-2.141256888525355
0.002,0.005,0.00025,0.6765365757049493,86.68820292956858,1.2065607435894337
0.00125,0.00175,0.005,0.5747505094881167,87.50744425315465,-0.3994610378210533
0.0025,0.0015,0.00425,-0.8694635660843743,88.46164274146486,-0.6013627036846692
0.00425,0.00025,0.00275,-0.5120696722763697,89.50761805678236,-2.089554257003382
0.00025,0.0005,0.00425,-1.3817219341531217,87.92350650589783,-1.6701716219406264
0.003,0.0045,0.00325,0.8201662238139992,87.42084499692766,1.2190066771874042
0.00075,0.00325,0.00075,-1.6350687496046046,88.31714066569099,0.43615500052281664
0.005,0.00475,0.00425,0.32899442774335635,87.94274148836827,1.353673597540838
0.003,0.00375,0.00175,0.5461164250428293,87.64456704461607,0.8144065529501662
0.00025,0.00225,0.00125,1.4614076356651595,83.91121315620819,-0.13062212120209848
0.0025,0.004,0.00025,0.689935166162367,87.33835342839707,0.7574236053530451
0.001,0.00375,0.00175,-1.5593910254786871,87.87796674860671,0.7699152764376058
0.00225,0.005,0.00125,-1.5838299464198677,88.98975272456404,1.3547018323868156
0.0025,0.00325,0.00375,-1.5170612044166443,89.18668051594699,0.5532209260979322
0.00025,0.00075,0.00325,-1.3565482517997602,87.18364054835911,-1.3533481006411077
0.00075,0.001,0.00125,-1.3813653587619161,88.45756902606874,-1.1014694230597464
0.0035,0.00025,0.00475,0.9196831739049789,89.43345319325584,-2.0841283710609058
0.00125,0.0025,0.00025,0.6420676212217545,87.0302036962456,-0.05521569659499731
0.002,0.00325,0.00125,0.9761679574663898,87.31724006178604,0.5212961912664124
0.00375,0.00025,0.00075,-0.7183053148291909,89.5045266265641,-2.110396671910118
0.0005,0.00175,0.00225,-1.488243429618312,87.50945920971924,-0.4452783164431183
0.0005,0.0035,0.00175,-1.577695228893901,86.64330299463307,0.6166267155718576
0.00475,0.00375,0.00225,0.7698674830242584,88.12314740279149,0.8311652161667837
0.0045,0.00025,0.00125,-0.958050940169162,89.64581089435255,-2.1006693497518842
0.0015,0.004,0.00025,1.226338010341678,86.5814789531573,0.7494144834514344
0.003,0.00375,0.00325,0.4319852865698682,87.64355800505678,0.8438949856817786
0.001,0.001,0.00075,1.4141884096176482,87.8890965106336,-1.1130061582728408
0.00175,0.00025,0.00225,0.5523564943889252,89.1990029623948,-2.0921391056467313
0.00475,0.003,0.00025,1.6358054179092874,88.31917426641908,0.2458159646892021
0.0015,0.0015,0.00225,0.6738892735581209,87.8890965106336,-0.6192154458369654
0.00125,0.00125,0.005,0.4329307516223068,87.8890965106336,-0.8177322448495212
0.00425,0.00375,0.00425,0.2430840704213306,88.0166834666853,0.8566658573385689
0.0005,0.00175,0.00275,-1.492082017731213,87.53263454523817,-0.439132318471139
0.0035,0.00375,0.005,0.2452586400419397,87.81627273328705,0.860779531130909
0.00125,0.0045,0.005,-1.609362905493156,88.40971692004953,1.183259145414714
0.003,0.00275,0.00025,0.38652192419117165,87.97818536696447,0.10099838725730363
0.003,0.0005,0.005,0.5194002839896322,89.13432910688908,-1.6581753566647635
0.00125,0.00125,0.00025,0.45148887993731845,87.8890965106336,-0.9460368625116753
0.0015,0.001,0.00325,0.7758644327854415,88.27342957401449,-1.0666934801374262
0.00275,0.0025,0.00375,0.6084360786421481,87.98628883046239,0.1247554791437098
0.00475,0.00425,0.00375,0.513187227930749,88.00249799669982,1.108272423857988
0.00375,0.00425,0.00175,0.22919113680792397,87.75563234799007,1.0686238303159652
0.00275,0.00175,0.00175,0.5544905440787152,88.31307360470812,-0.42648869421652574
0.00475,0.0025,0.00375,1.034165485111703,88.4646981511278,0.12699169426593795
0.003,0.00125,0.00425,0.7427191293756606,88.63290830285233,-0.8182603158490068
0.0035,0.0025,0.00225,0.35129659766602567,88.21450469565528,0.10803301318741261
0.004,0.005,0.00425,0.5333121269040879,87.64254897711446,1.4671564421081842
0.00075,0.00275,0.00275,-1.59241206776729,88.21044236112476,0.22846792845843783
0.00325,0.0035,0.00225,0.7536865239839501,87.81020680958352,0.6946892410223132
0.00175,0.0035,0.00475,-1.6205680170289156,89.50555709143971,0.6820029251477855
0.00275,0.00375,0.00275,-1.5347278942536424,89.25344746936844,0.809889425492749
0.002,0.0005,0.00225,0.5298814394280956,88.94058875558919,-1.6703375375785667
0.00275,0.00275,0.00325,0.33392165133092283,87.8890965106336,0.27687971187764393
0.004,0.00475,0.00425,0.18545932613955082,87.70311122019997,1.3516178379921167
0.00475,0.00425,0.00225,0.2782607730294943,88.0035111687323,1.0845349785603957
0.00275,0.00175,0.00075,0.5781541836768962,88.31307360470812,-0.46576460098040223
0.00225,0.00125,0.00125,0.35497040472693037,88.4229500185674,-0.8533655137906708
0.004,0.0005,0.00175,0.2841226563546144,89.2513923564525,-1.6746446462664597
0.0015,0.003,0.00125,-0.843814449876072,87.12243397912884,0.37501580257269296
0.002,0.00025,0.00125,0.4851744490913498,89.25036481773961,-2.1006693497518842
0.00275,0.00375,0.00175,1.0229279576312884,87.53968912638125,0.8135027113679763
0.0015,0.00275,0.00425,-1.4703201135527948,88.45756902606874,0.26441986959776537
0.0045,0.00075,0.00275,0.3157849302964269,89.13535530968372,-1.3419770367378452
0.001,0.0005,0.00025,0.9110929485713927,88.50340914246036,-1.7405715091152132
0.00425,0.00225,0.005,0.26266330099297613,88.46062429502817,-0.031195733113420776
0.00225,0.0025,0.00025,0.516779995130016,87.77584115561287,-0.049933328830145035
0.003,0.0045,0.00075,0.7358847677108893,87.42084499692766,1.1233592972345527
0.00425,0.00025,0.00175,-0.7781748632783326,89.55297130263072,-2.095419458341426
0.005,0.0035,0.00025,1.1479454508509015,88.2307559046808,0.5141932812683055
0.00175,0.00475,0.00025,0.7312925088847582,86.55257640104207,1.0951760440962843
0.00025,0.002,0.00425,1.4681069308938688,84.23256000178019,-0.2529556444386283
0.0015,0.001,0.005,0.5993055875643113,88.27342957401449,-1.0584377467523458
0.00275,0.0035,0.00025,0.5287198680779568,87.62237085761676,0.5100215882267314
0.002,0.00175,0.005,0.6008723582226382,88.02377705913445,-0.39664959115083837
0.003,0.002,0.00225,0.1880120817811353,88.27546216824592,-0.23181621421751017
0.0045,0.00275,0.00475,0.08762260251319061,88.3476495938258,0.2921273400536858
0.0015,0.00075,0.00025,0.5222366791469482,88.50340914246036,-1.432472547699686
0.0035,0.00475,0.00125,0.24913234542821724,87.54674427607934,1.2832941302725571
0.001,0.002,0.00225,-1.5927065125979067,89.22776195878266,-0.26248328842196655
0.00125,0.00225,0.00125,-1.5044703112468818,88.68700728192067,-0.10615702776115218
0.003,0.00375,0.00225,0.8208415559943124,87.64254897711446,0.8270822117485229
0.00425,0.005,0.00425,-1.5080792864184764,89.24214493390215,1.4414001123382623
0.00025,0.00425,0.005,1.0300594654553976,81.92849932318144,0.9965844883484134
0.0005,0.003,0.00075,-1.6267216438559309,87.50240706472144,0.2893855425746662
0.0025,0.001,0.005,0.5924171993251149,88.66046403527608,-1.0572556382763412
0.0005,0.00125,0.00175,-1.4994782557700053,88.16475398613485,-0.8621869950397109
0.0025,0.0025,0.00075,0.7389642824531184,87.8890965106336,0.048180650627915
0.00375,0.00275,0.00225,0.5405516878770473,88.19013349439642,0.264808545236778
0.00475,0.004,0.00325,0.7039280489384603,88.06128126037797,0.9767686689921493
0.00025,0.0045,0.00425,1.2512172478644237,81.72971791853857,1.1029319470280068
0.00175,0.00375,0.00225,-1.6577031829599878,89.8286762919271,0.7770714747145321
0.0025,0.00175,0.00225,0.4277982270519252,88.23177170464471,-0.4178196635273636
0.003,0.00325,0.005,0.3337757795799753,87.80414130488471,0.5867032743505355
0.00325,0.00175,0.00025,0.5324477017132865,88.44738555829746,-0.5470334720271425
0.0025,0.003,0.00175,0.20296393625327352,87.69200501026434,0.39999077011591067
0.00225,0.00125,0.00325,0.49673613601831523,88.4229500185674,-0.82485095417567
0.00375,0.003,0.00325,0.7091686266576919,88.10995917178316,0.42921856567032823
0.0045,0.00075,0.00375,0.30699750796618885,89.13535530968372,-1.3362639536479362
0.00425,0.004,0.00425,0.5262886722288286,87.9518542645278,0.9866646014284156
0.003,0.00375,0.00075,0.7408552125579957,87.64254897711446,0.7565328830689524
0.00475,0.00475,0.00475,-1.189268470736136,88.28156023176112,1.3511040460116972
0.001,0.00075,0.00125,0.42620444310638567,88.16982930341918,-1.3630365463735112
0.00125,0.00475,0.00175,1.5595469081083002,85.94289918093043,1.2843061577814494
0.00175,0.005,0.005,0.8942096440635582,86.46592662115938,1.4587302304288916
0.00175,0.00475,0.00275,-1.5626812438611737,88.48710771347793,1.2888631663992105
0.00175,0.0005,0.00425,0.41745213804952436,88.86791684907733,-1.660682785604637
0.001,0.002,0.00325,-1.5947108985090768,89.24625478118597,-0.25098043305430545
0.00075,0.00325,0.00125,-1.619125507491766,88.14344084362622,0.47310434800545786
0.00425,0.001,0.00325,0.1276806061206591,88.97336171603382,-1.0648093871924358
0.003,0.002,0.00075,0.1506635108810842,88.2744458652799,-0.2833975857286495
0.004,0.00125,0.00275,0.4157773142423472,88.81575255010156,-0.8277448309562051
0.00425,0.0025,0.00025,0.46518461655407395,88.37816906119109,-0.04640667895641202
0.00275,0.002,0.005,0.30899378989119547,88.19825647993733,-0.20851591295473162
0.00025,0.003,0.00025,-1.5206107503563715,84.68080931017678,0.16185128981913485
0.003,0.0015,0.00275,0.44492465114467256,88.50340914246036,-0.6105929341517188
0.0025,0.00125,0.00425,0.546143438330042,88.50340914246036,-0.8185243057549336
0.002,0.00475,0.00475,-1.6799918462390506,89.9611503078252,1.292410772334131
0.0005,0.00425,0.00075,1.4692685022440073,84.06979724298061,0.9495610134006648
0.002,0.0035,0.00225,0.3902767711137139,87.2177743462646,0.6907475747623806
0.00325,0.0025,0.00025,1.6144108944369593,88.14648526279522,-0.04781782614927558
0.0045,0.0035,0.00075,0.2873048215882507,88.13633760780414,0.6290943919442316
0.002,0.002,0.00425,0.5244517686983763,87.8890965106336,-0.214191833557203
0.0015,0.00125,0.00275,0.40821359382283734,88.07142027369031,-0.830109823903078
0.00075,0.00475,0.00225,0.8700057387211266,84.8271742323194,1.2777321424307093
0.00225,0.003,0.00275,0.6362597644710594,87.56690497990814,0.4194490349949003
0.00375,0.004,0.00025,0.4000555810846515,87.82132798980062,0.7614343946735411
0.00425,0.00325,0.00425,0.2625741571451749,88.15257441659365,0.5837241723525097
0.00175,0.00125,0.00275,0.48436405047497416,88.21348909448406,-0.8295844816678014
0.00475,0.001,0.00075,0.11138348994533648,89.02869347288967,-1.1097825637908143
0.00325,0.00275,0.00425,0.514456852429738,88.05722598188488,0.28703718849202875
0.00475,0.00225,0.00125,0.4360372796517486,88.54315645810755,-0.08149113273837609
0.001,0.00225,0.00425,-1.452529162594619,88.06229510918163,-0.05908363932531016
0.00025,0.00325,0.00275,1.5776187972534865,82.81518950732925,0.4850920384747134
0.001,0.0015,0.00125,-1.4291410585260063,88.51461811689123,-0.6525601190901543
0.00175,0.00225,0.00175,0.640473837276215,87.61026621589808,-0.07100817604668276
0.00425,0.003,0.00375,0.5838269739915285,88.22364563237969,0.4349299370866598
0.00175,0.0035,0.00275,-1.6459470003650924,89.78835190217669,0.6576247552072236
0.00475,0.001,0.005,0.41115804212900353,89.02766849807772,-1.0565460464931373
0.00125,0.00275,0.00475,-1.485836545727675,88.28156023176112,0.26441986959776537
0.00025,0.0025,0.00025,-1.4990784591192596,85.0863707935329,-0.11237838161900715
0.0025,0.00425,0.00475,-1.5482588498184013,89.07482955503532,1.0816375443737551
0.00275,0.001,0.00175,0.3708542176079009,88.72275112462971,-1.0805352035731237
0.00075,0.00025,0.00325,0.6930687074790212,88.77690494117356,-2.088377159753612
0.00225,0.005,0.00225,-1.5719305934027459,88.88428843215614,1.3944694403019071
0.005,0.003,0.00425,-0.22434574751821462,88.36799473415229,0.4398327305860607
0.001,0.00375,0.00075,1.5798068735177015,85.9686288406512,0.7374318779893675
0.0015,0.00275,0.00025,0.7865346812343927,87.15353358528478,0.09508641530411806
0.001,0.0005,0.00425,0.7700025494603213,88.50340914246036,-1.6613507023259488
0.00425,0.00275,0.00475,0.6582485802620632,88.29884036612657,0.2917355194032331
0.00375,0.0035,0.00175,0.361966846114977,87.96096798496868,0.683313339309506
0.00375,0.0015,0.00475,0.5078385970626672,88.66148478246615,-0.5967348207456139
0.0035,0.0025,0.005,-1.2414743496030816,88.70334553715612,0.12811038123145024
0.0045,0.001,0.00375,0.9748443063929758,89.00102329450668,-1.0617440326422893
0.0035,0.00125,0.00025,0.440602525190667,88.73398787876634,-0.9432928882386618
0.00375,0.00225,0.00325,0.8806489738828652,88.36087340215387,-0.04358243425039498
0.00225,0.00175,0.00225,0.39000663824158843,88.13633760780414,-0.4184398072010201
0.00475,0.003,0.00175,0.373474506467517,88.31917426641908,0.4044404629794481
0.00075,0.00375,0.00225,-1.5347251929249213,87.09234815240427,0.7775191749484
0.00475,0.005,0.00075,0.2901358140881247,87.83548425627755,1.3562446286485752
0.002,0.00075,0.005,1.1005101185056896,88.70334553715612,-1.332376716748929
0.001,0.00175,0.005,-1.5617817013969963,89.14356535738042,-0.4209189544550886
0.001,0.0005,0.00475,0.5145108790041635,88.50340914246036,-1.6598474570425357
0.00475,0.00025,0.005,-0.752679722807142,89.57359401049202,-2.08365519548849
0.00025,0.00225,0.00225,1.5798879133793395,83.91217922531212,-0.10546497004114126
0.0045,0.00125,0.00425,0.5910935482517006,88.88326511985908,-0.8174681637489628
0.0035,0.0005,0.00025,-0.48690409390917183,89.21851698460053,-1.7396242613703128
0.00475,0.002,0.00225,0.39262692710120456,88.62678596991046,-0.23015812715239747
0.00475,0.00175,0.00075,0.9888101758818564,88.71457983357132,-0.46424122420128033
0.001,0.004,0.00125,-1.5736810544141182,87.87088490660673,0.8731461580781626
0.00375,0.0025,0.00075,0.2976806252065856,88.2744458652799,0.05036395145869374
0.0045,0.00275,0.005,0.5014634612805088,88.34663245977612,0.2933030727015178
0.00325,0.00225,0.00425,0.3839826751931931,88.2409144306059,-0.036510431635049814
0.00475,0.00075,0.00425,0.20381755612918956,89.15896123508374,-1.3342190994613679
0.00025,0.00425,0.00075,-1.526380788504969,83.57762004099396,0.8768177323958983
0.002,0.00425,0.00325,0.5463325313405298,86.94007289707028,1.091787326539082
0.001,0.00025,0.00475,1.0095293671738708,88.94058875558919,-2.0844831097672287
0.00075,0.0045,0.00275,0.7151385631316622,84.95716271561216,1.1733817506209645
0.0025,0.002,0.00125,0.5884192328176595,88.10995917178316,-0.2565733234911597
0.00375,0.0025,0.00325,0.44146695038146805,88.27342957401449,0.12177626086862677
0.00275,0.0035,0.00075,0.5045159627355252,87.62237085761676,0.62522065745875
0.005,0.00275,0.00325,0.2668881791130168,88.43109444829011,0.28000185151801055
0.00225,0.004,0.005,-1.6650318877807486,90.18825830268386,0.9383557079188408
0.00425,0.0035,0.00175,0.534635777977502,88.08257453664469,0.6841872002294385
0.00375,0.00325,0.00025,0.34348975766160295,88.03391175436745,0.38104179572791613
0.00475,0.00175,0.00275,0.30173802094590835,88.71457983357132,-0.4097447880998322
0.003,0.0015,0.00075,1.5618430375213659,88.50340914246036,-0.6613200210447084
0.003,0.0005,0.00125,0.480879336424557,89.13432910688908,-1.6820688575095755
0.003,0.0035,0.00125,0.5006800759513453,87.72229798690167,0.6624009280532612
0.00175,0.0035,0.00325,0.5597311217979472,87.0302036962456,0.7039023608881494
0.00025,0.00075,0.00375,-1.3555136428995203,87.18062938409416,-1.3509176119672224
0.00475,0.00425,0.00275,0.9357830930836499,88.00249799669982,1.094691774369005
0.0025,0.004,0.00375,-1.5415973731917902,89.10457436461141,0.9490935072583094
0.00125,0.00225,0.00375,-1.5102862719837404,88.72479406499129,-0.06399939629564068
0.00325,0.00125,0.00475,0.884673953677533,88.68700728192067,-0.8158830385136538
0.00175,0.0005,0.00075,0.5310970373526598,88.86791684907733,-1.69631372419314
0.00375,0.00125,0.00075,0.3348455057535915,88.77792702894672,-0.8740671104654999
0.003,0.0045,0.00025,0.38144342619521493,87.42185147239393,0.9928026555556188
0.00425,0.0005,0.00325,1.0002908229471839,89.2729734023723,-1.663852652370354
0.00325,0.00175,0.00425,0.739504548197369,88.44738555829746,-0.3985242125921139
0.00425,0.00325,0.00325,0.33473204994729894,88.15257441659365,0.5743768952442914
0.0035,0.0035,0.00325,0.43906276781955245,87.8890965106336,0.711376932579178
0.00425,0.00075,0.00125,0.8770832199708108,89.10970378386277,-1.3610225330234111
0.002,0.00175,0.00225,0.4588094807719155,88.02479047615252,-0.4187498254944431
0.00475,0.004,0.00225,0.026253816623753156,88.06432284180643,0.9593910859144832
0.00175,0.00325,0.00475,-1.6178747922938257,89.58184442332357,0.5452135355962386
0.005,0.004,0.00225,0.7634923472421004,88.11097358101519,0.959859777677643
0.0045,0.00325,0.005,0.3607782614776255,88.20434921008831,0.5892587019442327
0.002,0.001,0.00275,0.44225033571063144,88.50340914246036,-1.0697514324877038
0.00175,0.00225,0.005,-1.473040351575097,88.92727818889814,-0.05099053229518945
0.0005,0.0005,0.00475,1.1249841567202465,87.8890965106336,-1.6613507023259488
0.005,0.00125,0.00475,0.13790783665932507,88.9416127278528,-0.8150900651892854
0.0045,0.00375,0.00425,0.36658611822832027,88.07142027369031,0.8571227217418884
0.002,0.003,0.00175,-1.6365571817300153,90.0689292851149,0.3617951917175132
0.0045,0.00375,0.00475,0.8693574198280257,88.07142027369031,0.8612368691657059
0.001,0.0005,0.005,0.5279364827487935,88.50340914246036,-1.6591788478917617
0.00125,0.00325,0.00125,-1.6151869702161787,89.0440695112083,0.48302233880032863
0.00025,0.001,0.00425,-1.421979836085963,86.90404671853615,-1.0817039151104413
0.00225,0.00125,0.00275,0.7308062697149326,88.4229500185674,-0.8287962414715911
0.00075,0.001,0.005,0.8498268131733628,87.56690497990814,-1.061272032295596
0.0035,0.005,0.00425,-1.563259328207522,89.41903938537303,1.4319750354059837
0.00075,0.00225,0.00375,-1.540946352969968,88.14445563833256,-0.07275785082444525
0.00025,0.001,0.00325,-1.4770383180825524,87.18564804898199,-1.0887020738857116
0.00025,0.0045,0.00475,1.5893965904781513,81.72971791853857,1.10730092494805
0.00025,0.00275,0.00425,1.604172858583408,83.33165362357515,0.22270519365654776
0.00325,0.00425,0.00025,0.5829085222263025,87.59009552892516,0.8786547880609962
0.00325,0.00025,0.005,0.7549021219085139,89.41183335259669,-2.08365519548849
0.0045,0.00425,0.00175,0.2993095264255014,87.94881656755929,1.0700678016708
0.0015,0.004,0.00075,-1.5254542327535792,88.23278751630342,0.8493631757480323
0.0015,0.00375,0.00375,0.74036897338817,86.68820292956858,0.8393439279471362
0.005,0.00125,0.00375,0.26723394918933724,88.9416127278528,-0.8201076070974925
0.00375,0.003,0.00125,0.3457048472130307,88.10995917178316,0.3850649097831953
0.0035,0.00025,0.00175,0.8101172809709362,89.43345319325584,-2.095302484885469
0.0025,0.001,0.00475,0.4702901278372433,88.66148478246615,-1.058201379492118
0.00175,0.00075,0.00475,0.33161201527425116,88.61454257270096,-1.3334004983759216
0.00225,0.00425,0.00125,-1.5520839312876964,88.96004624464541,1.0126961938613994
0.004,0.003,0.00225,0.3121651498099472,88.17084440193558,0.41498034697901987
0.003,0.00425,0.00075,0.4937646744249364,87.49334085621828,1.0051063583290856
0.0025,0.00025,0.00325,0.8409934682548639,89.32951992330462,-2.0877881027399274
0.00275,0.00425,0.00125,0.6157296661895328,87.38361354950017,1.043674073714141
0.00075,0.00175,0.00375,-1.516077920762108,88.38325666398826,-0.4267977859009272
0.00025,0.0035,0.00425,-1.5255406752726592,84.22480225356301,0.616197537700662
0.004,0.0005,0.005,0.030619163837299037,89.25241990699536,-1.6581753566647635
0.0035,0.00375,0.00075,0.45824220174045227,87.81627273328705,0.7578690434121382
0.005,0.0015,0.005,0.19238283165212347,88.84029664017812,-0.5952868581892817
0.00275,0.004,0.00175,0.6083010122060855,87.46010612770108,0.9411541323264528
0.0035,0.00125,0.00475,-0.8249321621145099,88.81677508512696,-0.8164115352596069
0.00375,0.00025,0.00025,-1.2056196134858834,89.87108812601285,-2.1415918991478926
0.003,0.00025,0.00325,0.9059063974265857,89.38816047621093,-2.0877881027399274
0.00025,0.001,0.005,-1.4319180244514547,86.95008281906851,-1.0791318613895347
0.00275,0.002,0.00175,0.5393360899524832,88.19724106582959,-0.24141431974721433
0.00425,0.002,0.00175,0.4503273085871797,88.5482535586162,-0.24009234756612316
0.00025,0.00475,0.00025,1.376180714509611,81.53986723708145,0.974886440617323
0.005,0.00125,0.005,0.19559471150169383,88.9416127278528,-0.8142968179343397
0.0025,0.005,0.005,-1.5737620942757558,89.05739755913471,1.4330213019001925
0.0045,0.0015,0.00475,0.9877566576805674,88.77690494117356,-0.5964452949116402
0.00325,0.0005,0.00425,0.40702500918548584,89.16922663074838,-1.6601816461709356
0.00075,0.00225,0.005,-1.5899565599596706,88.5553899922795,-0.06960771086404904
0.00225,0.00225,0.00075,0.6998490425693672,87.8890965106336,-0.11375915471447957
0.0005,0.004,0.00275,1.4264254287249267,84.23256000178019,0.9132566870166935
0.005,0.0025,0.00125,0.289287596869651,88.5044280814787,0.08219188108025638
0.00375,0.004,0.00375,-1.236706504410069,88.30087354546984,0.9734753380633834
0.002,0.00125,0.00375,0.4975735479219036,88.32832604918204,-0.8219534102048662
0.0035,0.0015,0.00175,0.5240195561029756,88.61454257270096,-0.6243746760097383
0.00275,0.00125,0.00075,0.6252113300011327,88.57272372577754,-0.8745822113761011
0.00425,0.00125,0.005,0.5018416473014842,88.85154828147786,-0.8142968179343397
0.0005,0.002,0.00425,-1.4424775184228347,87.00115135123669,-0.2417447176799052
0.004,0.004,0.00125,0.46007910527090495,87.8890965106336,0.924392545440375
0.004,0.0035,0.00125,1.0437281887849406,88.02377705913445,0.6645739160699725
0.003,0.002,0.00375,0.4080245008123494,88.27342957401449,-0.21552573061977012
0.001,0.0045,0.00425,-1.6678007497200333,88.63392873279338,1.1605750920543456
0.00125,0.00175,0.00375,-1.444003769150343,88.67169290074051,-0.4184398072010201
0.002,0.00025,0.00325,0.6356924854395961,89.25036481773961,-2.0879059412713037
0.00175,0.0015,0.00075,0.9988050921504945,88.04404761646754,-0.6632937402760609
0.0035,0.005,0.00025,1.6957208889466902,87.48226121037682,1.2155182041328672
0.00425,0.00025,0.00225,-0.7216765730733153,89.53853823225718,-2.0920217545044704
0.00025,0.0025,0.00225,1.460624250335996,83.6132298726349,0.051456167568369716
0.00375,0.00225,0.00375,0.14285396954794016,88.36290800987713,-0.03934118689749234
0.004,0.0035,0.00425,0.35151270396372586,88.02479047615252,0.7223955595261984
0.0005,0.00325,0.00375,-1.6511875780843241,87.58908711648871,0.5066876901129939
0.00475,0.00375,0.00475,0.32221679398173125,88.12314740279149,0.8612368691657059
0.003,0.00175,0.00325,0.48666017988803945,88.38427421969216,-0.40600976233845165
0.005,0.00375,0.00175,0.11970088107807617,88.17084440193558,0.8180240011700841
0.00325,0.00425,0.00175,0.44111577764770493,87.59110395297141,1.0671803576050503
0.0045,0.00075,0.00225,0.20332861563064258,89.13535530968372,-1.3460465494796678
0.00125,0.0025,0.00225,-1.4873979137285596,88.43211255475002,0.08366291374397641
0.00175,0.00125,0.00325,0.6341257147812692,88.21348909448406,-0.8253773862204571
0.00325,0.00075,0.00425,1.1453791885657105,88.98155684288196,-1.3344236908364275
0.0045,0.002,0.00475,0.5440634152146768,88.589040927265,-0.2078474269527404
0.0035,0.0005,0.00075,0.29617598510884735,89.1990029623948,-1.695824893375146
0.0035,0.00075,0.00325,0.5056775340856641,89.01946912438471,-1.3389187469535857
0.00125,0.00025,0.00475,0.6145680948393937,89.05227115078497,-2.0843648771451257
0.001,0.003,0.00475,-1.5891947852602772,88.5482535586162,0.3995865319439748
0.00375,0.00475,0.00125,0.33881375764511296,87.62842380562425,1.2838001148985014
0.00075,0.002,0.00375,-1.558802135817454,88.48507024598374,-0.24636629691988887
0.002,0.00025,0.00475,0.5889054719874851,89.25036481773961,-2.0842466309102066
0.00125,0.00475,0.00075,1.0087189685574947,85.94289918093043,1.220003900258823
0.00175,0.0005,0.00475,0.9064466631708368,88.86791684907733,-1.6591788478917617
0.00075,0.00375,0.00175,-1.5253921021929904,87.02519397919646,0.7654493419804924
0.00125,0.0005,0.00425,-0.7675046148293814,88.72581555281236,-1.6613507023259488
0.00275,0.00175,0.00325,0.5406867543131099,88.31307360470812,-0.4063212116113001
0.00425,0.005,0.00325,0.49581768425308886,87.71219916546424,1.4561002208434273
0.004,0.004,0.00175,0.8060923011762684,87.8890965106336,0.9448883731578224
0.00075,0.00075,0.00275,0.5987653218200607,87.8890965106336,-1.3448266793979333
0.00225,0.0025,0.00375,0.2971241514900073,87.77685171814697,0.12326552701100138
0.00225,0.0035,0.00175,0.43025643618826614,87.3745596493073,0.6785106992927936
0.00075,0.004,0.00475,-1.632945505229699,87.84357457591226,0.9216056955286588
0.00325,0.00275,0.00175,0.2622013737816418,88.05722598188488,0.253167719400694
0.0005,0.0005,0.00175,1.290332487748174,87.8890965106336,-1.6772887735962367
0.002,0.00375,0.00175,-0.8466508450333882,87.21576610591487,0.8071816442216593
0.00025,0.00275,0.00475,1.639019999087579,83.33165362357515,0.22577741373639215
0.004,0.00325,0.00175,1.201485786106146,88.09575866874185,0.5464766962166417
0.005,0.00225,0.00425,0.37169162951148965,88.57986213158289,-0.03473988515873408
0.00275,0.00425,0.00025,0.5910395216772756,87.38361354950017,0.8768177323958983
0.00225,0.0045,0.00475,-1.5550175742789776,88.90066303126974,1.2005994075778075
0.00175,0.002,0.005,0.5262886722288286,87.74552968901351,-0.2108544021776693
0.00275,0.0015,0.005,0.7545239358875385,88.43720326287368,-0.5964452949116402
0.0025,0.00325,0.00425,0.6869366912817755,87.59614624735492,0.5803224229016396
0.00375,0.00075,0.00475,0.6303978811459392,89.05227115078497,-1.3325815202239275
0.001,0.00175,0.00275,-1.5618060133554879,89.14356535738042,-0.436361999029245
0.0025,0.0005,0.00125,0.5028411389283481,89.05227115078497,-1.6822334035065025
0.0035,0.00325,0.00325,0.42358415424676993,87.96501883051509,0.5731040999004857
0.005,0.0045,0.00375,0.4521371988304193,87.9964192094551,1.230488617473474
0.002,0.00225,0.00225,0.5036245242575116,87.76270490135695,-0.05978637551194065
0.0045,0.0035,0.00225,0.5394711563885457,88.13735232073088,0.6973192884489703
0.0035,0.004,0.005,0.4150209422003961,87.74552968901351,0.9904407782601706
0.00475,0.0015,0.00475,0.6035196603694666,88.80961758716278,-0.5964452949116402
0.00125,0.002,0.00425,-1.517012580499662,88.92830200791735,-0.23479836672733828
0.00325,0.0005,0.00025,0.4349027215888221,89.16820003799792,-1.7394663231204404
0.004,0.0015,0.00175,0.1531244213461461,88.70436677804057,-0.6240883325148964
0.003,0.00325,0.00425,1.3055949950232564,87.80414130488471,0.5811725665562575
0.00275,0.0015,0.00275,0.44108876436049266,88.43720326287368,-0.6108808312722789
0.0045,0.00425,0.005,-1.4028274154522755,88.92420680256271,1.1029319470280068
0.00475,0.0005,0.00425,0.5060016935322145,89.31203808435095,-1.6601816461709356
0.0005,0.0035,0.00225,-1.5435909537880752,86.36345338700265,0.6325410827317093
0.0035,0.005,0.00175,0.30709205447143284,87.48427558707371,1.419960270318328
0.0045,0.00325,0.00125,0.44832832533345207,88.20333372583582,0.5279939941957615
0.00275,0.0025,0.00125,0.32513422900068517,87.9873018158788,0.07961920343526778
0.00025,0.0005,0.00325,-1.3805927787476377,87.91945757202063,-1.6738173571111212
0.0025,0.0035,0.00225,-1.2631714218921897,88.04607492892345,0.6850612623864516
0.0025,0.003,0.00025,0.34492146188386724,87.68998585047578,0.24195307465644422
0.0025,0.001,0.00125,0.17607220883319455,88.66148478246615,-1.0910294273430154
0.00125,0.00275,0.00425,-1.5788757095450887,88.96004624464541,0.2523930929586794
0.00225,0.00025,0.00075,0.662678759364919,89.2935316309113,-2.110396671910118
0.00275,0.00225,0.00025,0.6559254375617852,88.08865927549421,-0.20517194316703885
0.0025,0.005,0.00325,0.27910899024796765,87.03220766381372,1.4487442431482627
0.00175,0.00075,0.00325,0.9321362993099576,88.61352236595003,-1.339734807376711
0.004,0.0045,0.00475,0.6075176268769221,87.76270490135695,1.237492525004751
0.002,0.00475,0.00225,-1.5464597648900464,88.57476321159088,1.2827882038969112
0.0045,0.0035,0.005,0.4848773029320121,88.13633760780414,0.7285798574568458
0.00125,0.003,0.00475,-1.5909938701886321,88.93546907110117,0.4028217408045118
0.00475,0.00475,0.00375,0.46837218444515294,87.8890965106336,1.3485359732096653
0.00325,0.0025,0.00425,-1.152676271878036,88.48201413270576,0.12512807439990428
0.00075,0.00375,0.00375,-1.549385303895164,87.20371763483833,0.7977191261589939
0.0015,0.00475,0.00325,-1.5622544339232158,88.21653593307566,1.29342489926913
0.00325,0.00325,0.00125,1.6548227721069115,87.8890965106336,0.5258996052772684
0.00425,0.0035,0.00075,0.2445454892595289,88.08358863059772,0.628663778761374
0.0015,0.00425,0.00275,-1.5701234044882275,88.47692084513524,1.0489394575417958
0.00025,0.003,0.00125,1.2370352720778426,83.0672819271628,0.3121701275072697
0.0045,0.0035,0.00325,0.5534370258774264,88.13633760780414,0.7131377823946905
0.0045,0.002,0.005,1.6017416627342804,88.58802101411085,-0.20684440929680878
0.001,0.00075,0.00025,0.5709956625655743,88.16982930341918,-1.4332455349241442
0.004,0.005,0.00475,-1.5674815049988413,89.6138219514187,1.4366851323926473
0.0045,0.005,0.00425,-1.2076212980683325,88.20130279240398,1.4613617544054078
0.00225,0.005,0.00325,-1.5683243195598724,88.85359418753777,1.4142253150452295
0.00075,0.00275,0.00425,-1.54338565280526,87.79504383340691,0.24813583432214473
0.004,0.00125,0.005,0.6307490538797024,88.81575255010156,-0.8145612641285604
0.00375,0.00375,0.00225,0.10716131315401756,87.89213214490871,0.8293500252228252
0.0005,0.00175,0.005,-1.4554195843263604,87.32528264716821,-0.42184804614983407
0.004,0.00375,0.00275,0.5962530861092948,87.95590469036223,0.8388891102852566
0.004,0.002,0.00375,0.48641706030312665,88.50340914246036,-0.21452536541402012
0.003,0.00325,0.00025,0.442466442008332,87.80414130488471,0.3794338465566804
0.0005,0.00375,0.00275,-1.5896161925407928,86.5745015915187,0.7650030312575091
0.00325,0.00025,0.00225,0.3911682095917276,89.41183335259669,-2.0920217545044704
0.004,0.0045,0.00275,0.3515667305381508,87.76270490135695,1.2145220138122643
0.0035,0.00325,0.00475,0.4155612079446467,87.96501883051509,0.5862775413445178
0.00075,0.00275,0.00175,-1.5026793303046906,87.51046670540026,0.21771886713868183
0.00275,0.005,0.00275,-1.6981474765745956,90.61185054670774,1.3810019760594718
0.00475,0.00275,0.00225,-1.2564586200198746,88.9129459602121,0.2593711562439955
0.0015,0.00425,0.00025,0.46699450679731397,86.47986440514022,0.8667290344871025
0.001,0.002,0.00375,-1.4326176685902594,88.14039652960606,-0.23479836672733828
0.00175,0.00475,0.00475,0.484931329506437,86.55257640104207,1.342378626600144
0.002,0.00225,0.00325,0.33785208462034666,87.76270490135695,-0.047112333785005726
0.00425,0.0025,0.00275,0.42625846968081066,88.37816906119109,0.11619761704655947
0.0025,0.00475,0.00175,-1.5823469169518996,89.20619184237714,1.2666292759307687
0.00375,0.00275,0.00375,0.23095780579162367,88.19114882667476,0.28390857204999526
0.00025,0.003,0.00075,-1.5132037070026945,84.630128442315,0.26675259479258495
0.001,0.0045,0.005,-1.5321481253248455,87.30015202717054,1.187216475924554
0.001,0.0015,0.00325,-1.4077195217664655,88.41887808499601,-0.6203628655744301
0.0005,0.00225,0.00325,-1.4798314919803286,86.96009389356789,-0.08044446562697635
0.0025,0.0045,0.00325,-1.5831330036097844,89.28839162998304,1.182270382161778
0.0035,0.00275,0.00175,1.063988154194342,88.12720571714809,0.25355509951346644
0.00325,0.00425,0.005,1.1992977098419304,87.59009552892516,1.1155658003690925
0.0045,0.00025,0.00325,-0.666148059879228,89.54163083721502,-2.0877881027399274
0.005,0.00125,0.00025,-0.8737910946958223,89.04201921934248,-0.9432928882386618
0.0015,0.0005,0.00175,0.9614187026483458,88.77690494117356,-1.6753061347935858
0.002,0.00225,0.005,0.3696656329705494,87.76270490135695,-0.03473988515873408
0.00075,0.004,0.00275,1.004126709731364,85.23049289287619,0.9336959608373566
0.003,0.0005,0.00275,0.5820440970355014,89.13432910688908,-1.6666829773979641
0.00225,0.00275,0.00225,0.35780679988424663,87.66979680949177,0.2617003927063564
0.00375,0.00175,0.00175,0.4619430220885696,88.55437046654392,-0.4255612056216686
0.0045,0.00325,0.00075,0.7922614981234503,88.20333372583582,0.49338276161541195
0.004,0.00125,0.00075,0.40105507271151547,88.81575255010156,-0.8740671104654999
0.003,0.005,0.00425,-1.5471729156724572,89.09329068156585,1.432498138539118
0.0025,0.00125,0.00125,0.19297982529952037,88.5044280814787,-0.8531055353579707
0.0025,0.0025,0.00275,-1.2439649746840773,88.38427421969216,0.10766238595956878
0.003,0.0005,0.00175,0.32735742253827693,89.13535530968372,-1.6748100469580984
0.0045,0.00075,0.00175,-0.19175961915373343,89.13946023901036,-1.351930723668326
0.0005,0.0015,0.00075,-1.5253948035217118,88.03087122328259,-0.6874129206957161
0.004,0.0045,0.00075,0.28007606593017664,87.76270490135695,1.126773469049426
0.001,0.0005,0.00375,0.8596326364315131,88.50340914246036,-1.6630191490555415
0.00075,0.0035,0.00225,-1.608287776662097,87.87594330694014,0.6394439951789305
0.001,0.00425,0.00375,-1.682863358669743,88.95390131459557,1.0341177156766435
0.0005,0.00225,0.005,-1.5463841276858514,87.40675555701742,-0.07275785082444525
0.00275,0.00275,0.00475,0.5610277595841489,87.8890965106336,0.2893855425746662
0.0015,0.00275,0.00075,0.6111103940761892,87.15453698319692,0.19708613309059958
0.00225,0.0035,0.00125,0.516374795821828,87.37556559189079,0.6593608455296233
0.00425,0.00475,0.00075,0.5275042701533927,87.7697780247273,1.2430035202355587
0.00275,0.00325,0.00225,0.7406661195475082,87.70715019073008,0.5557532169146163
0.001,0.0015,0.005,0.8053629424215298,87.42084499692766,-0.6013627036846692
0.0035,0.00075,0.00425,0.3242616998237205,89.01946912438471,-1.3344236908364275
0.004,0.00225,0.005,0.3047202878541722,88.41378843172397,-0.031195733113420776
0.00425,0.00475,0.00125,1.4060303968794627,87.7697780247273,1.2853184183450996
0.0035,0.003,0.00275,0.515105171322839,88.04404761646754,0.422702546324131
0.00175,0.00025,0.00475,0.7688409781101821,89.1990029623948,-2.0842466309102066
0.00375,0.00225,0.00025,0.3076323202156838,88.3618907001594,-0.2038332769110793
0.0045,0.00075,0.00125,0.19926581723387754,89.13535530968372,-1.3610225330234111
0.00375,0.0025,0.005,0.2565799087127132,88.2744458652799,0.13445691085744357
0.0045,0.00275,0.00025,0.2012242805567861,88.3476495938258,0.10284811296016723
0.00325,0.00025,0.00125,0.3417068807055756,89.41183335259669,-2.1005529807468037
0.003,0.00125,0.00225,0.4460862224948117,88.63392873279338,-0.833521601505722
0.002,0.00075,0.00225,-0.7711379019594672,88.76872866259409,-1.347265577195986
0.00475,0.00125,0.00225,0.1863102446867455,88.91396961422438,-0.8327347213773909
0.00125,0.00475,0.00125,-1.5652421034889223,87.90022768224705,1.2334889098605861
0.002,0.00225,0.00075,0.4767733167682516,87.76270490135695,-0.11444930284776292
0.00025,0.0025,0.00475,1.3813402523672051,83.61226724529278,0.07594754439245105
0.003,0.0045,0.00475,-1.5275126452391743,89.08405964008209,1.2075551005487755
0.0045,0.0015,0.00375,0.04631388370778169,88.77894912848721,-0.6019405898767655
0.0005,0.00125,0.00125,-1.4732510552153548,88.0085772038668,-0.8725210959042715
0.003,0.0015,0.00125,0.37158357636263933,88.50340914246036,-0.6375109034807508
0.00125,0.00075,0.005,0.9006117931329289,88.3618907001594,-1.3331957891946948
0.003,0.0035,0.00375,0.08138253316709512,87.72330793299366,0.7157805780248194
0.0015,0.00175,0.00325,0.5733188052658523,87.72229798690167,-0.40912264209353194
0.003,0.00425,0.00425,-1.5706177476442167,89.49113166271826,1.0763307771860056
0.003,0.004,0.00275,-1.3209015179940988,88.25513833187728,0.9551752873670225
0.00075,0.00075,0.00175,0.8252987483843809,87.8890965106336,-1.3549665619566276
0.00475,0.00275,0.00075,0.30476621044243346,88.39139743764954,0.20509473527984248
0.00425,0.00225,0.00075,0.4460051826331741,88.46062429502817,-0.11099697250758778
0.00175,0.00275,0.00325,-1.6288367842446727,89.92387225693194,0.24002329674387807
0.00275,0.00325,0.00075,0.5663763904522306,87.70715019073008,0.4900641813720849
0.00025,0.002,0.00475,1.2234746018971496,84.23256000178019,-0.2499923155839378
0.00425,0.002,0.00025,0.34087217013070814,88.5482535586162,-0.36963723008279775
0.004,0.00025,0.00225,-0.3286575560894195,89.4797990283135,-2.0920217545044704
0.00475,0.001,0.00275,-0.09559771933455073,89.03074345791532,-1.0685758385675896
0.003,0.00025,0.00125,0.5099186201780324,89.38816047621093,-2.1005529807468037
0.001,0.005,0.00225,0.9898096675087203,85.37387620225034,1.4032969115501202
0.00375,0.00375,0.005,0.4750984929610745,87.8890965106336,0.8612368691657059
0.00325,0.00175,0.00225,0.5106479789327709,88.44738555829746,-0.4168891802382458
0.0035,0.00375,0.00025,0.6461466275908472,87.81526171690439,0.6385804355766498
0.00475,0.0005,0.00125,0.1451230856737932,89.31306633310764,-1.6819042925675056
0.004,0.00125,0.00025,0.13889652297130367,88.81677508512696,-0.9430432636735593
0.00375,0.0035,0.00125,-1.1393100973652732,88.27749480928014,0.6597949930463619
0.00325,0.0045,0.00225,0.7384240167088674,87.5205423001928,1.2020889695549368
0.00025,0.00325,0.00025,-1.5300681022094802,84.49577622908363,0.2893855425746662
0.00275,0.0045,0.00175,-1.5576270578237084,89.20002990977909,1.1551684199095453
0.00125,0.00075,0.00425,0.9835155715881995,88.3618907001594,-1.3358551711269682
0.00475,0.00375,0.00275,0.31741383151534275,88.12314740279149,0.8402537203744225
0.0015,0.0015,0.00375,0.5395521962501834,87.8890965106336,-0.605116586523269
0.0045,0.0035,0.00275,0.2664505638601738,88.13735232073088,0.7060992459274621
0.001,0.00475,0.00125,1.421941223047646,85.4860007167466,1.2535439112359537
0.0035,0.0045,0.00025,1.6833758166905617,87.6092575712394,0.9946931365524414
0.005,0.0045,0.00075,0.21689738979749915,87.99743231150256,1.128725660094014
0.00025,0.003,0.00325,1.3793952956879025,83.06632558524258,0.3558024075866743
0.00225,0.00275,0.00275,-1.4980924741360024,89.13432910688908,0.25084437506493734
0.0045,0.0015,0.00275,0.033415039063796344,88.77894912848721,-0.6097290438910269
0.0015,0.001,0.00075,0.3505672389112872,88.27342957401449,-1.1116252539789977
0.0045,0.0035,0.00475,0.5226418784551362,88.13633760780414,0.7268118979401593
0.001,0.00325,0.00375,-1.570312497498715,88.23685087989006,0.5359636764835954
0.00025,0.00225,0.005,1.412648652246534,83.91217922531212,-0.08079339483221519
0.0035,0.00075,0.00275,0.6262918614896339,89.01844425577141,-1.3421807349987818
0.0035,0.00125,0.00125,0.48763265822769075,88.73398787876634,-0.8523254204489978
0.00125,0.003,0.005,-1.639145054644976,89.43345319325584,0.39716208000102604
0.0025,0.0005,0.00025,0.4260963899575354,89.05227115078497,-1.7396242613703128
0.0025,0.00425,0.00225,0.6544667200523082,87.25794886549023,1.077777410885731
0.001,0.0025,0.00275,-1.4868414400119812,88.08764512316354,0.08844845113481314
0.00075,0.00075,0.00125,0.8587411979534995,87.8890965106336,-1.3638415026965613
0.00175,0.005,0.00425,0.35086438507062495,86.46592662115938,1.4524207499415236
0.0045,0.00225,0.00025,0.2590759364511518,88.5044280814787,-0.20316371256813706
0.00075,0.0005,0.00325,1.1390850926451899,88.27342957401449,-1.6655182202810084
0.00375,0.003,0.00475,-1.2629310036359982,88.64719539116311,0.4345216766260331
0.00125,0.00425,0.00225,-1.6617848906578017,89.10970378386277,1.020300023272336
0.005,0.00375,0.005,0.6223209082693915,88.16982930341918,0.8635243493012258
0.00025,0.00375,0.00225,1.2613202172819118,82.35216100745593,0.7290219745655935
0.00475,0.00475,0.00125,0.11201289953738872,87.89010837707565,1.2863309120171942
0.00125,0.0035,0.00325,-1.6171778494837423,88.9416127278528,0.6645739160699725
0.002,0.003,0.00275,0.48911838902438,87.42185147239393,0.4178234027083602
0.0035,0.001,0.00025,0.24135792136844988,88.86791684907733,-1.1719382536287468
0.0015,0.00075,0.00075,0.4981138136661546,88.50340914246036,-1.3790654509350682
0.002,0.004,0.00225,-1.5195761414561315,88.63801057004109,0.9267163913714893
0.00425,0.004,0.00125,0.5238034498052754,87.9518542645278,0.924857207615699
0.002,0.005,0.00125,-1.5708176459695895,88.69109156358223,1.3547018323868156
0.0025,0.00225,0.00125,0.3892772794868499,87.9964192094551,-0.08428047831688877
0.00275,0.0005,0.00025,0.8639547623855186,89.09636790795251,-1.7396242613703128
0.00075,0.003,0.00325,-1.5899538586309494,88.0166834666853,0.38144389873528567
0.0035,0.003,0.00225,0.5121066964422475,88.04506126686046,0.4141684660918207
0.00225,0.00375,0.00375,0.4436280133584708,87.28407222592651,0.8461724801528862
0.00425,0.002,0.005,0.04301556133913144,88.55029248097662,-0.20684440929680878
0.00325,0.00075,0.00025,0.16074757099752363,88.98258128681087,-1.4315058129465048
0.00075,0.00025,0.00075,1.1205539776173905,88.77690494117356,-2.1108575354127113
0.00425,0.003,0.00325,0.6693510413064152,88.22364563237969,0.4300339123700073
0.005,0.001,0.00425,0.3909521032940271,89.05227115078497,-1.0593829437123805
0.00425,0.0005,0.00075,0.9342703489997476,89.2729734023723,-1.695824893375146
0.00175,0.00275,0.00175,1.010447818939097,87.36148344957014,0.24852263508438888
0.00325,0.005,0.00125,0.3557267767688815,87.38965000416745,1.395507069819366
0.003,0.002,0.00425,0.3190103167896036,88.2744458652799,-0.21218983583035664
0.00275,0.00025,0.00375,1.1920851621561837,89.36037857523917,-2.0863729816559435
0.00125,0.00225,0.00075,-1.4792399009903738,88.53296313728619,-0.13336623630054686
0.002,0.002,0.00225,-1.2474821046791493,88.39241508707809,-0.23910046883474512
0.00125,0.0035,0.00475,0.7537405505583751,86.49977942251563,0.711376932579178
0.0035,0.00375,0.00275,0.5195353504256948,87.81627273328705,0.8379796320348665
0.00175,0.0005,0.00025,0.6175935830071975,88.86791684907733,-1.7399400833253515
0.00175,0.00225,0.00325,-1.4739831152988145,88.93239740186752,-0.06329763030458968
0.00475,0.003,0.00475,0.8515826768421776,88.31917426641908,0.4431050246411707
0.00375,0.00275,0.00025,0.3144315646070789,88.19013349439642,0.10210809490204571
0.00275,0.00075,0.00075,0.5371210004010551,88.8934987730083,-1.3782675071138428
0.002,0.00075,0.00325,0.7408011859835707,88.70334553715612,-1.3395308275017397
0.00475,0.005,0.00325,0.3855224325643077,87.83548425627755,1.4571520430064857
0.00375,0.00025,0.00325,0.1630977269850139,89.4530185060238,-2.0877881027399274
0.001,0.00325,0.00325,-1.5710229469524049,88.24294627613986,0.5309281648739421
0.004,0.0025,0.00275,1.0957557799562834,88.32730913760166,0.11619761704655947
0.004,0.00275,0.00325,0.379525482803125,88.24701010756544,0.27922104700002687
0.00375,0.00325,0.00325,0.504002710278487,88.03391175436745,0.573528316170714
0.0025,0.0045,0.00125,0.4053231720910961,87.17962568578388,1.1620508277350363
0.0005,0.00425,0.00025,1.6766495081746404,84.06979724298061,0.8243625582224354
0.00175,0.00175,0.00325,0.4662111214681502,87.8890965106336,-0.4081891544408115
0.005,0.001,0.00125,0.616459024944271,89.05227115078497,-1.090331502628013
0.004,0.00325,0.00075,0.338335622461451,88.09575866874185,0.4925528299833416
0.0025,0.00425,0.005,-1.5361785077769556,88.9836057425341,1.0850180788760464
0.00175,0.00325,0.00375,-1.6287368350819862,89.69846271283238,0.53554378475342
0.003,0.005,0.005,-1.6823257942542136,90.50446385993656,1.4121416768198671
0.001,0.00425,0.00125,-1.6272997282022792,88.27038077042008,0.9866646014284156
0.00325,0.003,0.00125,0.5486286607535952,87.9710954486235,0.38425991638698714
0.00025,0.00125,0.00425,-1.488905255155019,86.78706470626823,-0.8486813194631547
0.002,0.00175,0.00075,0.5252891806019646,88.02377705913445,-0.46698267117432396
0.00025,0.00025,0.00175,1.0891105113019999,87.8890965106336,-2.097289203274888
0.00075,0.00175,0.00025,1.0622863170999521,86.79805630533374,-0.5561693280222296
0.0025,0.00225,0.00225,0.5054884410751765,87.9964192094551,-0.05838074130906185
0.00025,0.0005,0.00175,-1.37652457769343,87.90427573053472,-1.6845350594438049
0.00125,0.00075,0.00025,0.8754894360252714,88.36087340215387,-1.4326658278796274
0.0025,0.00375,0.00025,0.6061939758035076,87.42084499692766,0.635128184900441
0.003,0.00225,0.005,0.16230623766968683,88.17084440193558,-0.03261388359302418
0.002,0.0015,0.00125,0.5008961822490455,88.16982930341918,-0.6389345669172793
0.0025,0.00125,0.00175,1.334391159191819,88.50340914246036,-0.841375473010269
0.00275,0.00225,0.005,0.6074636003024968,88.08865927549421,-0.03296831918054232
0.00375,0.0045,0.00025,1.6833758166905617,87.68998585047578,0.9956387035754669
0.00275,0.00375,0.00125,0.6572490886351993,87.53968912638125,0.7932211997565093
0.00225,0.0035,0.005,-1.643791340045532,90.10626746957608,0.6820029251477855
0.00175,0.005,0.00175,-1.5752613317160515,88.50748496892041,1.3747998069788305
0.00325,0.0045,0.00325,0.6428239932637057,87.5205423001928,1.220003900258823
0.0035,0.001,0.00275,0.2527224112987633,88.86791684907733,-1.0688110114928295
0.004,0.00175,0.00325,0.5087300355406805,88.6002607469785,-0.405075199349471
0.00325,0.00275,0.00375,-0.6720990870521494,88.09981572177165,0.2823453440831203
0.00375,0.00175,0.00075,0.908796819158327,88.55437046654392,-0.46485068014608233
0.00325,0.00475,0.005,0.3861167248829836,87.45406480626535,1.3557303040198585
0.0045,0.00225,0.00225,0.32688739134077854,88.5044280814787,-0.05556753020241622
0.00325,0.00025,0.00375,0.4232870080874318,89.41183335259669,-2.0863729816559435
0.00475,0.0045,0.00125,0.5657280715591302,87.94476646813752,1.169437156497819
0.00325,0.0015,0.00325,0.18942217537362963,88.56252700109464,-0.6059820695952025
0.00425,0.00325,0.00025,0.6254004230116201,88.15155952841707,0.3818460480391263
0.00425,0.001,0.00375,0.9800308575377823,88.97233737824862,-1.061979992062978
0.0035,0.0035,0.00125,0.6022230225832652,87.8890965106336,0.663704570755714
0.0025,0.0035,0.00325,-1.5075687352901594,89.03381852396011,0.6863727330428878
0.00275,0.00075,0.00375,0.6675141377759625,88.8934987730083,-1.3366726420540862
0.00425,0.00375,0.00325,0.3051065778613116,88.0166834666853,0.8466281363919808
0.002,0.00325,0.00075,0.4668054137868261,87.3182453444495,0.4867486562469675
0.0045,0.001,0.00475,0.6494422486307765,89.00102329450668,-1.0574921144127827
0.005,0.004,0.00475,0.7267812899202648,88.10995917178316,0.9918577414816229
0.004,0.0015,0.00125,0.463725899044597,88.70334553715612,-0.6369412085990641
0.00125,0.00375,0.00125,-1.6347932140750365,89.01332008968953,0.7440842822652736
0.0005,0.005,0.00125,1.0243866751407655,83.61226724529278,1.3239575447342065
0.0005,0.00125,0.00425,-0.7736528389989542,86.75709469198569,-0.8287962414715911
0.00325,0.00175,0.00375,0.5226959050295615,88.44738555829746,-0.40195765712030684
0.003,0.00375,0.00025,0.7569011051622418,87.64254897711446,0.6372854689446775
0.003,0.00025,0.00275,0.3359854664739607,89.38816047621093,-2.0896718922104394
0.00225,0.0005,0.00175,0.36253412514644023,89.00102329450668,-1.6749754286083691
0.0005,0.0025,0.00425,1.2975450354339209,85.37387620225034,0.10247808263167496
0.0025,0.00475,0.00275,-1.5729489943306583,89.12304165587673,1.2929178066127198
0.0005,0.00375,0.00425,-1.4387712954172749,85.543103029014,0.7941203708103903
0.00075,0.00325,0.00225,-1.6094061267526962,88.04303397774471,0.5046055625595837
0.00075,0.001,0.00225,-1.3793744794943525,88.45044047552618,-1.084506079447884
0.0015,0.0045,0.005,-1.619347016446909,88.84541084594295,1.1857320498377562
0.001,0.0035,0.00025,-1.1028664715868421,86.3733969194049,0.49089353990567286
0.00275,0.00175,0.00275,0.7926937107188506,88.31307360470812,-0.4109886504316494
0.00025,0.005,0.00125,1.4105956424183808,81.35607724606547,1.249525519024879
0.00325,0.00425,0.00475,0.4484904050567273,87.59009552892516,1.113619668268639
0.0035,0.00425,0.00275,0.5312861303631476,87.67686244505279,1.091787326539082
0.0035,0.00425,0.00075,0.4129139057978182,87.67686244505279,1.006528387737277
0.00425,0.00075,0.00025,-0.7807006056327048,89.17743979825264,-1.4315058129465048
0.002,0.00275,0.00225,0.1663204121494696,87.5306190550479,0.2609238017698719
0.005,0.00225,0.00225,0.11163471351641333,88.58088195080384,-0.05556753020241622
0.0015,0.00475,0.005,-1.624449826401357,88.80450544176426,1.3015463266448306
0.00475,0.005,0.005,-1.4962312586470585,89.28839162998304,1.449794371339825
0.00025,0.00375,0.00075,-1.53957137665085,84.09883893730027,0.6454944831756266
0.00475,0.001,0.00175,0.2538650733478535,89.02869347288967,-1.0798336536556328
0.001,0.00275,0.00025,0.8795144158199392,86.53065676317004,0.08918532358158524
0.00175,0.00425,0.00125,-1.5336716747236323,88.44331249945381,1.011272034536287
0.00075,0.004,0.00125,-1.563313354781947,87.17159651528578,0.8658131465952489
0.00375,0.0035,0.005,0.27333354944192784,87.96096798496868,0.7272538114933285
0.0025,0.00025,0.00125,0.3291565074666316,89.32951992330462,-2.1006693497518842
0.00475,0.00475,0.00175,0.28450354370431113,87.89010837707565,1.3091737637295826
0.0015,0.003,0.005,-1.62678377441652,89.57153152601443,0.40120376390706447
0.005,0.00375,0.00325,0.6588428725807387,88.16982930341918,0.847539606263361
0.00075,0.00375,0.00075,-1.6454364492367755,88.13126421840123,0.6938129621965201
0.002,0.00375,0.00275,-1.5896161925407928,89.29044759484859,0.7999700320165687
0.003,0.0025,0.00325,0.2741223374285336,88.07243423922432,0.1206597612530325
0.00325,0.004,0.00175,0.9277061202071017,87.66172249464388,0.9430208228217817
0.00325,0.00475,0.00175,0.2502804101347501,87.45507166419101,1.305104158119121
0.0035,0.0015,0.00025,0.4436820399328961,88.61454257270096,-0.7365817562037434
0.00075,0.003,0.00275,1.3679146486225755,85.84203408875207,0.40079938609209653
0.00175,0.00375,0.00025,0.5232091574865995,86.92806251178723,0.6303865289898111
0.002,0.00025,0.00175,0.4695877823697171,89.25036481773961,-2.095419458341426
0.003,0.002,0.00475,-1.239956202861737,88.76055313704298,-0.2148588588737735
0.00325,0.00125,0.00175,0.14347257382510703,88.68802833470282,-0.8408527250852316
0.00325,0.00025,0.00025,-1.0603583628291966,89.6375545902626,-2.14148024179664
0.001,0.00475,0.00175,1.1703934925245179,85.4860007167466,1.2762164587385625
0.00225,0.00375,0.00175,0.8516637167038151,87.28407222592651,0.8112440177157046
0.00075,0.00425,0.00025,-1.5617844027257177,87.02018455052152,0.8216447827177432
0.0015,0.00025,0.00125,0.7111676099114194,89.13432910688908,-2.1007857053602588
0.0015,0.00325,0.00375,-1.6172183694145612,89.3521485592268,0.5359636764835954
0.00125,0.003,0.00175,-1.6279453457666588,89.30895340910891,0.358997271201584
0.00375,0.00225,0.00475,0.4130759855210935,88.3618907001594,-0.03296831918054232
0.002,0.00475,0.00275,-1.5626812438611737,88.70334553715612,1.2913968788836425
0.00425,0.00425,0.00075,0.2785822311473234,87.89010837707565,1.0084251911230342
0.00375,0.00025,0.00275,0.6686757091261016,89.45198864601747,-2.089554257003382
0.00375,0.004,0.00425,0.33243862186295453,87.82132798980062,0.9852494315443117
0.00225,0.00375,0.00475,-1.6525652557321635,90.11975450647704,0.8112440177157046
0.00475,0.00225,0.00325,0.3546462452803799,88.54315645810755,-0.042875966538813294
0.00125,0.00225,0.00275,-1.5100917763158104,88.72377258893042,-0.07380717234011773
0.00025,0.00175,0.00425,-1.2038610484883474,84.99825307953427,-0.43543792114203517
0.00275,0.0015,0.00325,0.3019379192712812,88.43822143966426,-0.6065588922614382
0.0035,0.001,0.00475,0.8654675064694205,88.86791684907733,-1.05772856332547
0.004,0.004,0.00425,-1.3421447670580364,88.64209259526876,0.9744160189452419
0.0005,0.00075,0.00225,-1.394372256554752,88.36392533130703,-1.3569875434891079
0.0005,0.0035,0.00125,-1.610910766850434,86.95809158646158,0.5935216726177975
0.003,0.00125,0.00275,0.5327718611598369,88.63290830285233,-0.8282705967379569
0.001,0.00425,0.00275,0.7960163450459926,85.71957319771545,1.0666993108147413
0.00025,0.00175,0.005,1.0442414412419787,84.57947790659561,-0.42865158889831106
0.00275,0.00325,0.00325,0.47550369226926253,87.70715019073008,0.5709837509903609
0.00375,0.003,0.00375,0.6259677020430834,88.10995917178316,0.43411346316539406
0.00025,0.00375,0.00175,1.0670136423621457,82.35216100745593,0.7162212214772218
0.00325,0.00325,0.00375,0.3800657485473756,87.8890965106336,0.5777731661392392
0.00075,0.0035,0.00325,1.4168086984772643,85.52242365020271,0.6846242061504144
0.0015,0.002,0.00475,-1.4592473671243766,88.8085951345406,-0.22683908823319485
0.003,0.00475,0.00475,-1.5370078156943805,89.08303402784719,1.3239575447342065
0.00275,0.00375,0.00075,0.8126835432561269,87.53968912638125,0.7556423658576344
0.00425,0.00025,0.00475,-0.3774165395080453,89.49731370460762,-2.0841283710609058
0.00175,0.00425,0.00475,-1.6369137571212207,89.39021873836545,1.062852929614163
0.0045,0.0035,0.00425,1.2952489060208559,88.13633760780414,0.7232784204960278
0.00175,0.00475,0.00425,-1.6594347346703113,89.47670855891376,1.2908900196982682
0.0045,0.00475,0.00275,0.7775122433054059,87.83143937588142,1.3336702678551648
0.0035,0.00275,0.00375,1.0709305690079636,88.12720571714809,0.2835176975656965
0.00175,0.002,0.00225,0.4376850901717131,87.74552968901351,-0.23446716902041426
0.00075,0.00075,0.00225,1.140057570984841,87.8890965106336,-1.3490925406076084
0.0005,0.00175,0.00175,1.583399640716969,86.10036647985565,-0.441592415992086
0.00075,0.00425,0.00325,-1.476981590179406,86.4340772637977,1.0460666033793609
0.00175,0.00075,0.00375,1.4860707668902045,88.61352236595003,-1.337285498245425
0.00425,0.00025,0.00075,-0.9606955409872693,89.63239478635087,-2.1105119076836085
0.002,0.00175,0.00275,0.5942811161427796,88.02377705913445,-0.41254267303496805
0.004,0.002,0.00325,0.358184985905222,88.50340914246036,-0.2188577870283616
0.002,0.003,0.00025,0.7361008740085894,87.42084499692766,0.23963747444779626
0.00475,0.003,0.00125,0.4374689838740129,88.31917426641908,0.38627274747446305
0.00225,0.001,0.00175,0.24904320158041598,88.589040927265,-1.0807689997048404
0.00275,0.00075,0.00225,0.20812347411086782,88.89452220312529,-1.3464529856191965
0.0005,0.004,0.005,-1.5883438667130823,86.39229278516002,0.9123300869702394
0.0045,0.00175,0.00375,0.641392289041441,88.6798602415844,-0.40102169434204443
0.0015,0.00425,0.00425,-1.5861179718467695,88.61862351716243,1.064775677383459
0.00225,0.00425,0.00325,-1.5312918041202082,88.80246066600148,1.067661459781106
0.00075,0.00375,0.00275,-1.5896161925407928,87.54674427607934,0.7806545202160088
0.0015,0.0035,0.00075,-1.5314160652413857,88.49016400268499,0.5948015211593488
0.003,0.004,0.00375,0.11224251247869521,87.56791313696175,0.9781809092187516
0.005,0.002,0.00325,0.4264475626912985,88.66148478246615,-0.21819168260503205
0.00425,0.003,0.00475,0.44487062457024756,88.22364563237969,0.4426958230429556
0.00025,0.004,0.00325,1.6722733556462097,82.13532879500775,0.8644397101173635
0.00375,0.00425,0.00425,0.19443854280899733,87.75563234799007,1.1111882631237215
0.0045,0.00275,0.00125,0.3353452515670235,88.34663245977612,0.23732347324676414
0.00225,0.00225,0.00375,0.5052183082030511,87.8890965106336,-0.041815959917986374
0.00125,0.002,0.00225,-1.5175258329567,88.93137353569867,-0.2539427385881883
0.005,0.00025,0.00025,-1.4310725085617022,90.62019659090404,-2.1423731407694464
0.001,0.0025,0.00025,0.2854922300162897,86.68820292956858,-0.05838074130906185
0.0015,0.00075,0.00275,0.8744899443984074,88.50340914246036,-1.3431988746032661
0.0015,0.004,0.00425,-1.6197792290423096,89.05022067007164,0.9360251637866152
0.00425,0.00075,0.00475,0.41204948060701724,89.10970378386277,-1.3325815202239275
0.0025,0.003,0.00475,-1.5071014054213827,89.21338130173815,0.4186361252727143
0.00175,0.0035,0.00025,0.6121909255646907,87.0302036962456,0.5046055625595837
0.001,0.001,0.00025,0.5279094694615808,87.8890965106336,-1.1746158406952776
0.00375,0.0045,0.00175,0.4986540794104052,87.69099542455844,1.1891965084127007
0.005,0.00275,0.00175,0.08016963657125234,88.43211255475002,0.25510506602941885
0.004,0.002,0.00275,0.5439553620658265,88.50340914246036,-0.22384868433700716
0.0025,0.0005,0.00325,1.4381762086623797,89.05227115078497,-1.664185919374622
0.00475,0.0045,0.00175,0.16824645952772319,87.9457789755074,1.1916728316405247
0.00375,0.0025,0.00275,0.3015867465375181,88.2744458652799,0.11582604988807964
0.0005,0.00175,0.00425,-1.4437309349494962,87.26598598969993,-0.42494270189940647
0.0035,0.00125,0.00175,1.5439332280994547,88.73398787876634,-0.8408527250852316
0.00425,0.00325,0.00125,0.45759388284735175,88.15155952841707,0.5279939941957615
0.001,0.0015,0.00025,0.6755370840780858,87.42084499692766,-0.7417708438780022
0.00075,0.00225,0.00175,0.7746218215736647,86.38035807326862,-0.08114228386780677
0.00225,0.0015,0.00075,0.3426253324708019,88.27342957401449,-0.6621660954900108
0.0015,0.004,0.00175,-1.6580732649947993,89.48907107698454,0.8887737303243916
0.00475,0.00425,0.005,-0.817933019397742,88.08257453664469,1.117512828902912
0.00425,0.0025,0.00325,0.3304531452528333,88.37816906119109,0.12214851310991073
0.0015,0.001,0.00125,0.34513756818156743,88.27342957401449,-1.092192099657924
0.00225,0.0015,0.00125,1.564112153647219,88.27342957401449,-0.6383651998839667
0.00075,0.00475,0.005,1.4208336782719322,84.8271742323194,1.3137565526017352
0.005,0.00425,0.00425,0.12564380426483387,88.05317089014004,1.113619668268639
0.00475,0.0045,0.00025,0.5669166561964817,87.94476646813752,0.9975304909214436
0.002,0.00225,0.00425,0.43560506705634794,87.76270490135695,-0.038987485055719834
0.005,0.00375,0.00025,0.5765603997313568,88.16982930341918,0.64117171102378
0.001,0.00275,0.00125,-1.6055432266813037,88.85359418753777,0.19556287912938697
0.0005,0.0035,0.00325,-1.5412353951431423,86.34555791329869,0.648090536327592
0.0005,0.00425,0.00375,-1.5897971815651168,86.24223442539596,1.0222031701911551
0.00125,0.00425,0.00475,0.6772659344596879,86.15490343532917,1.0961447508277826
0.0005,0.00475,0.00075,1.697071553307317,83.75967817321579,1.173875080388104
0.00075,0.0015,0.00175,-1.5325776365915247,88.729901621702,-0.6477430118847732
0.00225,0.003,0.00375,-1.4796315936549556,88.92215927060597,0.41254526503727235
0.0025,0.0035,0.00475,-1.6555475226404275,90.37847312814016,0.6785106992927936
0.00225,0.00175,0.005,0.8097390949499603,88.13633760780414,-0.396024429516836
0.00225,0.002,0.00375,0.6101649290237505,88.0085772038668,-0.2168590135414605
0.0035,0.0005,0.00475,0.32600675817765024,89.1990029623948,-1.658844427833933
0.001,0.0045,0.00175,0.8487462816848612,85.60024348406553,1.161066947315552
0.00325,0.001,0.00175,0.14332940340288083,88.82597843013146,-1.0803013805230832
0.005,0.00225,0.00375,0.6507118731297656,88.57986213158289,-0.038633742490175225
0.00225,0.0015,0.00025,0.5474670894034563,88.27342957401449,-0.7376751392012583
0.0025,0.00025,0.00225,0.23510704670746901,89.33054837332953,-2.0920217545044704
0.002,0.00275,0.00425,0.5613519190306994,87.52961132735575,0.2835176975656965
0.00475,0.00075,0.00025,-1.0263000103116324,89.35317726977499,-1.431892573628736
0.00425,0.001,0.00025,0.09878719411813158,88.97336171603382,-1.171714954349509
0.004,0.002,0.00475,-0.03671145453994515,88.5064659947086,-0.2081816891943164
0.00225,0.00475,0.00025,0.3704760315869255,86.95108387465366,1.1005066924595261
0.00325,0.00025,0.00425,0.7996361255324723,89.41183335259669,-2.0850740687403206
0.0015,0.005,0.00075,-1.5562142629024929,88.07446220531389,1.3081560109020103
0.00275,0.00025,0.005,0.611353513661102,89.36037857523917,-2.08365519548849
0.004,0.00075,0.00175,0.9045017064915342,89.08200842742012,-1.351930723668326
0.0015,0.002,0.00175,-1.461851448011665,88.82291054250528,-0.25854467277771304
0.0045,0.0045,0.00325,0.129630965457404,87.89010837707565,1.2234959898143851
0.001,0.0035,0.00325,-1.5549635477045527,87.97312108127433,0.6684884480902307
0.003,0.0015,0.00475,0.5070011851590784,88.50340914246036,-0.5973137724244525
0.0035,0.00175,0.00425,0.3672344371214212,88.50340914246036,-0.3985242125921139
0.0045,0.002,0.00425,0.21444188198987957,88.589040927265,-0.2108544021776693
0.005,0.001,0.00475,0.2753028180797214,89.05227115078497,-1.0572556382763412
0.00275,0.0015,0.00125,0.7261059577399517,88.43720326287368,-0.6377957017339545
0.00125,0.00175,0.00025,0.5109721383793213,87.50744425315465,-0.5514581190861643
0.0005,0.002,0.00375,-1.500880245376336,87.32930421764885,-0.24834469453591188
0.00125,0.00375,0.00325,-1.611399707348981,88.76361887088353,0.7968191265564808
0.00425,0.004,0.00325,0.555733155290492,87.9518542645278,0.9758274464549613
0.00175,0.004,0.00325,-1.649780185820551,89.63445867227301,0.9225344316087893
0.003,0.00075,0.00475,0.7740815558294141,88.94058875558919,-1.332786300121412
0.00075,0.00075,0.00075,0.701956078971945,87.8890965106336,-1.380660236600341
0.00275,0.005,0.00175,0.3409261967051331,87.16557512269966,1.4163099130424128
0.0005,0.00225,0.00175,-1.512358191112942,87.16256458238168,-0.10511888141946885
0.00125,0.004,0.00325,-1.607361220910707,88.60842150837495,0.924392545440375
0.00175,0.004,0.00125,-1.6006862376404898,89.10457436461141,0.880492689916335
0.00375,0.002,0.00475,0.7049545538525366,88.45451386263281,-0.20851591295473162
0.00125,0.00425,0.00025,0.5748855759241795,86.15490343532917,0.8621517032094174
0.0015,0.00475,0.00375,-1.6422110627435988,89.00307264239554,1.286837246285683
0.00125,0.00025,0.00175,0.600656251924938,89.05227115078497,-2.0956533648560223
0.001,0.00125,0.00475,0.9626613138601222,87.64254897711446,-0.8198437994863624
0.00175,0.00425,0.00325,-1.657408738129371,89.63239478635087,1.0441524694734783
0.005,0.0045,0.00275,0.21957710788898255,87.99743231150256,1.2165146238611781
0.00175,0.00275,0.00125,-1.5006479311063081,88.84438798123806,0.21235731660445306
0.001,0.0045,0.00325,0.7171645596726024,85.60024348406553,1.1936549168289523
0.004,0.00225,0.00325,0.74036897338817,88.41277053622721,-0.04358243425039498
0.0025,0.00375,0.00375,-1.5161670646099095,89.00512203747296,0.8239094652552184
0.0005,0.00025,0.005,0.9580420417467789,88.50340914246036,-2.08460132877808
0.00175,0.00025,0.00025,0.5490608733489959,89.1990029623948,-2.1413685715896222
0.00325,0.00175,0.00125,0.5495741258060338,88.44738555829746,-0.43943995458829443
0.005,0.0005,0.00075,0.3935723921536432,89.32951992330462,-1.695824893375146
0.0025,0.005,0.00475,-1.5746184154803933,89.06457502661006,1.4309290097957859
0.0005,0.0015,0.00275,-1.4656441135363047,87.65970403212793,-0.6338055408790967
0.00175,0.001,0.005,0.6949596375838984,88.40055670430016,-1.0579649850175372
0.00025,0.00025,0.005,1.357784665917875,87.8890965106336,-2.085664687627976
0.0015,0.00375,0.00225,-1.6445747253746956,89.43139393560267,0.7779669267286292
0.00075,0.00375,0.00425,1.6751637773779509,85.37387620225034,0.8248157033569428
0.0015,0.0035,0.005,1.5491197792442617,86.79605772923779,0.7175434562610292
0.00175,0.005,0.00125,-1.5571408186538827,88.35578708780373,1.3541876853688588
0.0025,0.00275,0.00425,0.24540991445032992,87.787968673935,0.28508146554563424
0.00375,0.0025,0.00025,0.4838778113051485,88.27342957401449,-0.047112333785005726
0.0015,0.00425,0.00325,-1.6397447496210942,89.16820003799792,1.0451094262400153
0.0035,0.00025,0.00375,0.08239553143756503,89.4344828398636,-2.0863729816559435
0.002,0.0045,0.00275,-1.5640102975920305,88.79837125572135,1.1743684669552017
0.00475,0.00375,0.00175,-1.2922782388636964,88.73092316832637,0.8085353010485687
0.00075,0.00475,0.00125,0.9659029083256265,84.8271742323194,1.2404976571912005
0.00275,0.00375,0.005,-1.5220208439488658,89.16306725152845,0.834343812461323
0.0045,0.001,0.00275,0.4889292960138925,89.00102329450668,-1.0685758385675896
0.00075,0.003,0.00025,1.158723752448703,85.84104580150093,0.22385694460319905
0.00275,0.002,0.00325,0.22629801374746136,88.19825647993733,-0.22018953583463918
0.0035,0.00225,0.00075,0.39730022578897284,88.3049400446062,-0.11168775658359696
0.00075,0.00275,0.00375,1.4417419625744343,86.01218889111063,0.26441986959776537
0.0015,0.00125,0.00475,0.5329339408831121,88.07142027369031,-0.8179962955483692
0.00475,0.00025,0.00075,-1.0959996939774157,89.775948039788,-2.1106271301908484
0.004,0.00075,0.005,0.8506101985025263,89.08200842742012,-1.3317621648316935
0.00125,0.004,0.00125,-1.643194346398135,88.99487553396018,0.8676451332942192
0.0045,0.00325,0.00025,0.5326367947237743,88.20333372583582,0.38224824364481
0.004,0.00375,0.00025,0.3722589085429529,87.95590469036223,0.6394439951789305
0.00125,0.0025,0.00425,-1.4974657658726716,88.49322039745442,0.10432866036087583
0.003,0.00075,0.00325,0.6641374768743956,88.94058875558919,-1.3391227972928854
0.003,0.0045,0.00425,-1.5829195986408051,89.5271995945612,1.1956379150115335
0.00375,0.004,0.00275,0.6213754432169524,87.8203169152174,0.9673661891154226
0.0045,0.0045,0.00125,0.26701244023419435,87.89010837707565,1.1689443376361384
0.00275,0.0005,0.00475,0.8533115272237797,89.09636790795251,-1.658844427833933
0.00325,0.004,0.00075,0.718974449915842,87.66071325757626,0.8832511301586735
0.004,0.00475,0.005,0.32524228214953543,87.70311122019997,1.3588171401868487
0.0015,0.00075,0.005,0.5097565404547572,88.50340914246036,-1.3329910564440963
0.00325,0.00075,0.00225,-0.049205099875742835,88.98463021005192,-1.3462497792476045
0.00175,0.0035,0.00375,-1.6330697663508766,89.64065061518335,0.6719714388584904
0.0025,0.00075,0.00075,0.8851061662729337,88.83927383435237,-1.3782675071138428
0.001,0.0025,0.00225,-1.4873979137285596,88.0906876151833,0.08072152569616534
0.005,0.0035,0.00475,0.6541425606057578,88.2307559046808,0.7276957759265877
0.00475,0.002,0.00125,0.13630054607017922,88.62780632936513,-0.25427169421638335
0.00325,0.00075,0.00325,0.5068120921485906,88.98258128681087,-1.3389187469535857
0.00375,0.00325,0.00075,0.44403321266665885,88.03391175436745,0.49213793582385046
0.001,0.0005,0.00275,0.4937376611377237,88.50340914246036,-1.6676805937980865
0.00275,0.00175,0.00225,0.4870653791962275,88.31307360470812,-0.41750953813892083
0.001,0.00475,0.00425,-1.6621819859798261,88.44738555829746,1.2772268563656997
0.002,0.00325,0.00275,0.533933432509976,87.31724006178604,0.5616687025445702
0.003,0.00025,0.00075,0.14611447331449315,89.38918960136405,-2.110396671910118
0.00225,0.00325,0.00175,0.8440189564226677,87.46816187214024,0.541847239423271
0.00125,0.00125,0.00225,0.6632730516835945,87.8890965106336,-0.8361425732861553
0.0045,0.00025,0.00475,-0.6270301186667558,89.53544573411233,-2.0841283710609058
0.001,0.003,0.00325,-1.5079415186536926,87.91237238639009,0.3955467088736524
0.0045,0.00275,0.00175,0.4190189087078512,88.34663245977612,0.2547175074804432
0.00275,0.00325,0.005,-1.5164534054543624,89.29250360705495,0.5633605932951498
0.002,0.005,0.00325,-1.5435234205700439,88.47080928705309,1.4152674940446965
0.00275,0.0005,0.00075,0.49949149131399356,89.09636790795251,-1.69598785574108
0.00425,0.0035,0.00275,0.3456238073513931,88.08257453664469,0.7060992459274621
0.00325,0.0015,0.00275,0.5961990595348695,88.56150739319163,-0.6105929341517188
0.00225,0.0025,0.00425,0.3799576953985253,87.77685171814697,0.12699169426593795
0.0045,0.00375,0.00225,0.5626485568169011,88.07243423922432,0.8307113400596938
0.00175,0.002,0.00275,0.5039756969912746,87.74552968901351,-0.22783520116415096
0.00075,0.0015,0.00025,1.1119907655710166,87.0302036962456,-0.7442248737779623
0.0045,0.00425,0.00275,0.7866697476704553,87.94780402521813,1.0942075603921098
0.005,0.00425,0.00175,-1.280211403465857,88.6308674782142,1.0618918877253065
0.00325,0.0005,0.00325,0.769084097695095,89.16820003799792,-1.6640192954646806
0.00475,0.00475,0.00275,0.567348868791882,87.8890965106336,1.3341820525821548
0.005,0.0005,0.005,0.9520991185600212,89.32951992330462,-1.658008040723387
0.005,0.00325,0.00325,0.3191075646235685,88.2957906848896,0.5752256697329499
0.00325,0.004,0.00275,0.39586852156670854,87.66172249464388,0.9659576835158309
0.00125,0.002,0.00175,-1.443044797454298,88.49831462332952,-0.25854467277771304
0.002,0.00025,0.00425,0.8612264203770527,89.25036481773961,-2.085192219718422
0.00025,0.00325,0.00325,1.609710582461978,82.81518950732925,0.49130829079051364
0.00025,0.001,0.00175,-1.5026955382770182,87.34036449145673,-1.1049374194282278
0.003,0.00475,0.00225,0.6553311452431093,87.35142616605042,1.3183440924524796
0.00125,0.0035,0.00125,-1.6254574220143845,89.02971845950212,0.6157684092375529
0.00075,0.00375,0.005,-1.5576783830694123,87.2690001021285,0.8071816442216593
0.00475,0.00025,0.00125,-1.035333253555504,89.71602019011284,-2.1006693497518842
0.0025,0.0015,0.00175,1.56530073828457,88.3618907001594,-0.6252335087217482
0.00125,0.00325,0.00325,0.9515858661029829,86.62335493353825,0.561245851584239
0.00425,0.00025,0.00125,-0.8564242523468835,89.5797817488753,-2.1006693497518842
0.004,0.00375,0.00425,-1.0919206876083227,88.21450469565528,0.8525564437764636
0.0005,0.005,0.00025,1.6957208889466902,83.61226724529278,1.145355631991618
0.0035,0.00475,0.00425,0.6120288458414155,87.54573636273986,1.3500766394912969
0.0045,0.00175,0.005,0.43079670193251673,88.6798602415844,-0.39383522985302116
0.005,0.00025,0.00275,-0.8751957856308741,89.62826715707212,-2.0896718922104394
0.0045,0.003,0.00425,0.13102214974884968,88.2744458652799,0.4394239057029498
0.0005,0.00175,0.00375,-1.4807040211572933,87.46514088102661,-0.42988674633113505
0.00125,0.001,0.00125,0.49033398694894414,88.10995917178316,-1.0926569812156033
0.00425,0.00225,0.00475,0.31028772634867585,88.46062429502817,-0.03225940719725105
0.005,0.00075,0.00325,0.21807246779124428,89.17949320832842,-1.3387146731207853
0.00375,0.002,0.00075,0.46518461655407395,88.45451386263281,-0.2827463438542318
0.005,0.0045,0.00125,0.7763776852424794,87.9964192094551,1.169930032100634
0.00125,0.001,0.00175,0.5357973493276411,88.10995917178316,-1.08240481917406
0.00225,0.0015,0.00475,0.3147881399982843,88.2744458652799,-0.598181950027545
0.0015,0.0035,0.00325,-1.5261511755636625,88.45247714563122,0.6789470516448088
0.00325,0.0025,0.00175,0.5933896776647659,88.14648526279522,0.09693273682266355
0.00225,0.00275,0.00475,-1.4968255509657342,89.12714601812561,0.26869776375544835
0.00225,0.0045,0.00075,0.8187345195917349,87.0302036962456,1.1194607542829786
0.0045,0.00025,0.00425,-0.6367522007345472,89.53750738767434,-2.0850740687403206
0.00175,0.001,0.00125,0.366099879058495,88.40157445917927,-1.0917271110449691
0.00325,0.0045,0.00075,0.40799748752513676,87.5215499234733,1.124334494147053
0.00275,0.0045,0.00425,-1.5552498885490056,89.18051993109707,1.1986141250694884
0.00375,0.00375,0.00475,0.6715661308578429,87.8890965106336,0.8598650130051231
0.00275,0.00475,0.00325,-0.5013805145263693,87.25694427701164,1.335205798817278
0.00225,0.0025,0.00225,-1.0381804540277053,87.98223700541885,0.10284811296016723
0.0025,0.00425,0.00075,0.5749936290730295,87.25794886549023,1.0027374004911278
0.00125,0.00175,0.00275,-1.4383309788357106,88.6441336783777,-0.4267977859009272
0.00075,0.003,0.00225,-1.5932008557538961,88.04708860265676,0.36659687600453256
0.00225,0.003,0.00425,-1.6387695699527218,90.23915086051572,0.3975660390315487
0.0025,0.0025,0.00225,0.4775026755229901,87.8890965106336,0.10618030367493429
0.00275,0.004,0.00125,0.630695027305277,87.46010612770108,0.9206771732732628
0.0015,0.001,0.00425,0.7315626417568837,88.27342957401449,-1.061272032295596
0.00175,0.0045,0.00025,0.5764523465825064,86.64230548248584,0.9843062564641666
0.00425,0.0045,0.005,0.3186078188101365,87.82941700553485,1.239996657657967
0.00225,0.00125,0.00425,-0.827660504122976,88.5064659947086,-0.8195799615015104
0.003,0.0015,0.005,0.3968950264807852,88.50340914246036,-0.5961557357428651
0.00475,0.00225,0.00075,0.2681361929822359,88.54417585473635,-0.11065152081791263
0.0005,0.004,0.00475,1.032949887187139,84.23256000178019,0.9350933217081929
0.0045,0.0005,0.00425,-0.07054289544492409,89.29661577349482,-1.6601816461709356
0.0015,0.004,0.00225,-1.64995036952999,89.39021873836545,0.9035380195739077
0.0025,0.00025,0.00475,0.038398990554509085,89.33157683519495,-2.0841283710609058
0.0025,0.00475,0.005,0.8208145427071001,87.10337841567917,1.3516178379921167
0.00475,0.00225,0.00025,0.23265964288601346,88.54417585473635,-0.20316371256813706
0.002,0.0025,0.005,-1.485474567679027,89.03176846812927,0.1135975450563946
0.00275,0.00375,0.00425,-1.5269588728513173,89.19797602683371,0.8279891804862388
0.004,0.004,0.00225,0.49662808286946497,87.89112025516734,0.958453864253034
0.003,0.003,0.00425,0.5149971181739891,87.8890965106336,0.4369719445795547
0.00125,0.00275,0.00075,-1.6280317882857391,89.44375019279428,0.16335901544448955
0.005,0.005,0.00275,0.4734776957283223,87.8890965106336,1.4492692770189062
0.0015,0.0005,0.00025,0.4159123806784098,88.77690494117356,-1.7400979670347043
0.00475,0.00325,0.00075,0.14889414056866315,88.25209016002907,0.4937977990989907
0.0015,0.0025,0.00325,-1.4786050887408793,88.63392873279338,0.09914972603573488
0.00125,0.00325,0.00175,-1.6178747922938257,89.07277855490146,0.5012766504933194
0.0035,0.00225,0.00025,0.35626704251313207,88.3049400446062,-0.20416800127215487
0.00325,0.0005,0.00475,0.8103604005558489,89.16820003799792,-1.658844427833933
0.003,0.00425,0.00025,0.33119060799373545,87.49334085621828,0.8777361544790392
0.00075,0.0045,0.00025,-1.5685485298437365,86.94207478927616,0.9327646550159915
0.0035,0.002,0.00275,0.7016589328126073,88.40055670430016,-0.22451348633749124
0.00225,0.00375,0.00125,0.7461768301388652,87.28407222592651,0.7905249285119883
0.005,0.001,0.00075,1.5142726387400915,89.05227115078497,-1.1097825637908143
0.002,0.00425,0.00075,0.5284497352058314,86.94107383741134,0.9989499032657895
0.00475,0.00275,0.00425,0.13648693775194576,88.39139743764954,0.28899403756714415
0.00425,0.00225,0.00125,0.41947813459046457,88.46062429502817,-0.081839941448559
0.0005,0.001,0.00175,-1.3603247093520725,87.84559727225266,-1.0931217557426878
0.00025,0.00175,0.00475,-1.4553547524370503,85.80349931586602,-0.439132318471139
0.002,0.00275,0.00175,0.49805978709172927,87.52961132735575,0.249296370217959
0.004,0.00275,0.00225,-0.03665202530807751,88.25005810395177,0.2651972656263021
0.0035,0.004,0.00275,0.45848532132536507,87.74552968901351,0.9668966331944551
0.00425,0.00325,0.00175,0.3988129698728751,88.15257441659365,0.5468978467172394
0.00425,0.005,0.00375,0.5488987936257206,87.71219916546424,1.462414788220795
0.00375,0.00325,0.00175,0.15927264551571899,88.03492528806619,0.5460555941999976
0.00175,0.001,0.00225,0.4529746107340081,88.40157445917927,-1.0746815437614958
0.00225,0.00375,0.00275,-0.736004420610844,87.3423756008233,0.8320731251592574
0.00125,0.00025,0.005,0.9304074489283555,89.05227115078497,-2.0838918105128728
0.00125,0.00075,0.00375,0.7638435199758631,88.3618907001594,-1.337898142800285
0.003,0.00275,0.00175,0.5495200992316088,87.97818536696447,0.25278038388413876
0.0015,0.00425,0.00375,-1.6323052903227622,89.08405964008209,1.0522936298782752
0.005,0.001,0.005,0.20516822048981626,89.05329640884712,-1.0565460464931373
0.003,0.00025,0.00425,0.7720285460012611,89.38816047621093,-2.085192219718422
0.0015,0.00325,0.00275,-1.6262543139871544,89.44786932455716,0.5225510897019917
0.002,0.001,0.00025,0.6102729821726004,88.50340914246036,-1.172607997237467
0.00475,0.00025,0.00225,-0.9750666097843381,89.66955200490331,-2.0921391056467313
0.0005,0.003,0.00025,-1.5021552725327674,86.45298640456207,0.19594362685805028
0.00425,0.00175,0.00425,0.21656512636478506,88.64209259526876,-0.39789948265533764
0.0045,0.0035,0.00175,0.744961232214301,88.13633760780414,0.6846242061504144
0.00275,0.00125,0.00425,0.248583975697803,88.57374346281414,-0.8185243057549336
0.002,0.0025,0.00325,-1.4864173314027445,89.0379187772373,0.10099838725730363
0.00225,0.00125,0.00025,0.40235171049771723,88.4229500185674,-0.9440415895225865
0.003,0.00275,0.005,0.2774368677695119,87.97919825908578,0.29134374386020306
0.004,0.00375,0.00375,0.4574588164112888,87.95590469036223,0.8516438188685234
0.003,0.00175,0.00475,0.737181405497091,88.38427421969216,-0.3963370283274351
0.003,0.0025,0.00175,0.2942553403880361,88.07243423922432,0.09656338748780201
0.00125,0.002,0.00275,-1.5172692067281808,88.93034968131748,-0.2473556665564927
0.005,0.00025,0.00375,-0.8573859253716497,89.62001246874567,-2.0863729816559435
0.003,0.002,0.00175,0.4122385736175051,88.27342957401449,-0.24108388377387802
0.00075,0.0045,0.00475,1.6967744071479793,84.95716271561216,1.1966297566070678
0.00475,0.0045,0.005,-1.2593031191633546,88.47386501332278,1.232488582108429
0.00175,0.00475,0.00225,-1.5632404189064735,88.49220158746853,1.2782374866722757
0.0045,0.005,0.00025,0.32207902621694734,87.77685171814697,1.2185081517522562
0.002,0.0035,0.00175,1.441525856276734,87.2177743462646,0.6780743971747748
0.00275,0.00225,0.00175,0.5934166909519786,88.08865927549421,-0.06785622219792847
0.00175,0.00425,0.00375,-1.64891576062975,89.52926105824663,1.0518142968871609
0.0045,0.002,0.00275,0.683938216401184,88.589040927265,-0.22351622592873951
0.0015,0.0035,0.00375,-1.6172075640996761,89.23803527587944,0.6728426879086571
0.00425,0.00375,0.00125,0.3057224808097575,88.0166834666853,0.7968191265564808
0.0015,0.00275,0.00325,-1.6321702238866993,89.7542454036676,0.23809462938110343
0.0045,0.0005,0.00325,0.4363884523855113,89.2935316309113,-1.663852652370354
0.005,0.00225,0.00125,0.2739008284733911,88.58088195080384,-0.08149113273837609
0.001,0.00375,0.00025,0.6028983547635783,85.96961859676486,0.6187733462482181
0.00475,0.00125,0.00175,0.3141857436934447,88.91396961422438,-0.8403298567791682
0.00475,0.00125,0.00125,0.25817099132953175,88.91396961422438,-0.8520653222642425
0.005,0.00225,0.005,0.4172090184646115,88.57986213158289,-0.0304864129301094
0.004,0.00075,0.00475,0.41150921486276665,89.08200842742012,-1.3325815202239275
0.001,0.00275,0.00225,-1.6196738772221808,88.99794936114942,0.22155384044186374
0.0035,0.00275,0.00075,-0.03987471047253285,88.12923494441202,0.20394946345173393
0.00125,0.002,0.00375,-1.5170639057453656,88.92830200791735,-0.23810824746141088
0.00025,0.005,0.00175,1.3727230137464068,81.35607724606547,1.2721771939531616
0.00075,0.00175,0.00325,-1.4443387339117784,87.96501883051509,-0.42648869421652574
0.001,0.0005,0.00075,0.9285435321106905,88.50340914246036,-1.696965236038496
0.0005,0.00375,0.00475,-1.5892596171495874,86.57051478018317,0.7855865993393455
0.0025,0.00025,0.00425,0.8847009669647456,89.32951992330462,-2.085192219718422
0.00025,0.0025,0.00375,1.4799927772673842,83.61226724529278,0.06934920114619265
0.005,0.0005,0.00125,0.17156369119742246,89.33054837332953,-1.6819042925675056
0.00025,0.0015,0.00075,-0.8493359657823142,85.05894660876584,-0.6899232451101074
0.00175,0.0035,0.00425,-1.62680538504629,89.57153152601443,0.6772019436177257
0.003,0.0045,0.00175,0.6755100707908731,87.42084499692766,1.1867216102609053
0.0025,0.002,0.00075,1.2366030594824415,88.10995917178316,-0.2840486776663704
0.0045,0.002,0.00075,0.3795524960903373,88.589040927265,-0.28209495200854184
0.0025,0.003,0.00225,0.6040869394009298,87.68998585047578,0.4117339447838634
0.00375,0.0035,0.00275,0.21983913677494438,87.96096798496868,0.7052203401533841
0.00475,0.00275,0.00025,0.17103963342549955,88.39139743764954,0.10321818589244078
0.0035,0.0025,0.00475,-0.9802018356834409,88.37409918981146,0.13072215389986577
0.00275,0.00225,0.00225,0.42712289487161204,88.08865927549421,-0.05767768142592905
0.00475,0.00425,0.00125,0.19189659248229782,88.0035111687323,1.0489394575417958
0.0025,0.00275,0.00025,0.53493292413684,87.78695798341299,0.09951937315094106
0.00225,0.001,0.00325,0.3764999946353208,88.589040927265,-1.0657516505791436
0.00025,0.00325,0.005,-1.5164534054543624,84.4004962195865,0.49213793582385046
0.0015,0.00475,0.00225,1.081600817456915,86.28493971319939,1.3045957209157453
0.00225,0.0005,0.005,0.5912286146877631,89.00102329450668,-1.6583426533442887
0.00225,0.00025,0.00325,0.7105192910183189,89.2935316309113,-2.0879059412713037
0.0005,0.0005,0.00225,1.0929463980861798,87.8890965106336,-1.6724927035134045
0.00225,0.002,0.00125,0.3565371753852572,88.0085772038668,-0.2572305912324734
0.0035,0.0025,0.00175,0.37895820377166173,88.21348909448406,0.09730212868286049
0.00325,0.00175,0.00075,0.2930451451209146,88.44738555829746,-0.4651553554978668
0.00275,0.0025,0.00475,0.4766112370449764,87.98628883046239,0.1314687613471597
0.00225,0.00175,0.00325,0.4772865692252899,88.13633760780414,-0.4069440025965479
0.00075,0.004,0.00225,-1.5981821059158876,87.48326839292744,0.8956877185248542
0.0005,0.00275,0.005,0.784967910576066,85.1598720003653,0.2609238017698719
0.0035,0.0015,0.00475,0.5417672858016115,88.61454257270096,-0.5970243132486027
0.005,0.003,0.00075,0.19659150179983645,88.36290800987713,0.3526104851952211
0.0035,0.00325,0.005,1.1645045959121856,87.96501883051509,0.5875548874196465
0.00125,0.002,0.00475,-1.5169747618975644,88.92830200791735,-0.23181621421751017
0.00025,0.00025,0.00025,0.947749979318803,87.8890965106336,-2.143042275512453
0.00375,0.00175,0.00375,0.4924140100643093,88.55437046654392,-0.40133371785438654
0.00425,0.004,0.005,-1.491792975558039,89.37786987630673,0.9692449534889117
0.00075,0.0045,0.00325,-1.5558603888400087,86.83803749274563,1.1566422878693243
0.001,0.00075,0.00225,0.7849408972888533,88.16982930341918,-1.3480777946466709
0.00175,0.0005,0.00325,0.7867778008193056,88.86791684907733,-1.6643525241023693
0.002,0.00325,0.00025,0.17767949942234038,87.3182453444495,0.3758186671879728
0.00175,0.00325,0.00225,0.8592004238361124,87.13547439812488,0.5515337037616499
0.0045,0.0005,0.00275,0.8331866282504412,89.2935316309113,-1.666516640989007
0.0025,0.004,0.00175,-1.5436990069369254,89.11996350822731,0.9132566870166935
0.001,0.00025,0.005,0.9201423997875918,88.94058875558919,-2.0840100975956504
0.003,0.00475,0.00325,0.7291584591949681,87.35142616605042,1.3367418602246135
0.00025,0.0025,0.00425,-1.4858068311117412,85.00510340543258,0.06166839646241293
0.00425,0.001,0.00475,0.8404802157978256,88.97233737824862,-1.0574921144127827
0.003,0.00025,0.00225,0.047910368982042546,89.38918960136405,-2.0920217545044704
0.00475,0.00225,0.00475,-0.0239098577299247,88.5462146832031,-0.03225940719725105
0.00025,0.005,0.00275,1.4476038458995542,81.35607724606547,1.2974837429293609
0.00375,0.0005,0.00225,0.4369557314169746,89.22570743729062,-1.6700056871998368
0.00275,0.00425,0.00275,0.6100838891621129,87.38260751426172,1.0888848843378276
0.00325,0.0045,0.00175,0.5922551196018397,87.5205423001928,1.1877113985649972
0.00325,0.00175,0.00475,0.8077671249834455,88.44738555829746,-0.396024429516836
0.00475,0.0035,0.00025,0.336531134875654,88.18607228217536,0.5137758958032156
0.00325,0.002,0.00125,0.8219761140572389,88.3405299013859,-0.25558713807034833
0.002,0.003,0.00325,-1.6407739558638919,90.117679446334,0.3874810024101272
0.00325,0.001,0.00225,1.056019234466644,88.82495578914929,-1.0735087886585621
0.00125,0.00025,0.00275,1.0597200548147612,89.05227115078497,-2.0899071219986873
0.002,0.004,0.00275,-1.675861514624254,90.16437985829695,0.9114037002568028
0.0045,0.00325,0.00175,-1.239008036480577,88.68904939924043,0.5401652536574093
0.0005,0.00275,0.00375,-1.5730003195763624,87.18364054835911,0.23116061235313531
0.00025,0.00175,0.00325,1.4379330890774664,84.57947790659561,-0.43943995458829443
0.002,0.002,0.005,0.3966789201830846,87.8890965106336,-0.2101864546947049
0.00175,0.00025,0.00325,0.5819090305994385,89.1990029623948,-2.0879059412713037
0.003,0.0025,0.00275,0.41920800171833905,88.07142027369031,0.11471160504767114
0.004,0.002,0.00025,0.3247911602530861,88.5044280814787,-0.36963723008279775
0.00075,0.0035,0.005,-1.5907345426313915,87.70614043065979,0.6724070383070021
0.0015,0.0025,0.00125,-1.523792915590008,88.92113552230728,0.05546418900066739
0.003,0.00325,0.00175,0.30065208679996447,87.80515219323816,0.544371670861317
0.00075,0.004,0.00175,-1.5848510486765015,87.35846614293507,0.8837110554808668
0.0015,0.0045,0.00175,-1.582330708979572,88.48507024598374,1.1424161988935764
0.00175,0.0045,0.00275,-1.5829439105992966,88.75135657081603,1.169437156497819
0.001,0.00125,0.005,0.5486016474663828,87.64355800505678,-0.818788265269649
0.0025,0.00375,0.005,-1.5056697011991185,88.93649298442189,0.8352524534369108
0.004,0.004,0.00375,0.23200862266419126,87.89010837707565,0.9810068534047163
0.00125,0.0005,0.00275,0.8828370501470807,88.66046403527608,-1.667348131564991
0.00025,0.003,0.00225,1.516784874450857,83.06632558524258,0.3414618798894977
0.00425,0.00375,0.005,-1.3740690698858105,88.87917198848197,0.8493631757480323
0.00325,0.0025,0.00375,0.34759577731790836,88.14648526279522,0.12550071255519588
0.00025,0.004,0.00475,1.3912811420614188,82.13532879500775,0.8786547880609962
0.00025,0.004,0.00075,-1.5472026302883912,83.9392336763608,0.7623262457023359
0.005,0.001,0.00375,0.3303775080486384,89.05227115078497,-1.0617440326422893
0.00125,0.00325,0.00075,-1.6308735861004977,89.21235420064117,0.4459707553184297
0.00025,0.002,0.005,1.6017416627342804,84.23256000178019,-0.2490038567709423
0.0025,0.00175,0.00125,0.6397985050959014,88.2307559046808,-0.4403626504608012
0.0005,0.00025,0.00375,1.2631841340995764,88.50340914246036,-2.0871987065401503
0.00125,0.0025,0.00275,-1.4954073533870762,88.48099545173606,0.09065957758626653
0.002,0.005,0.00375,-1.7023102241340473,90.19968066359712,1.3903213106373107
0.00175,0.00325,0.00025,1.3156709511535325,87.13547439812488,0.37421312280256974
0.00225,0.002,0.005,0.5847994523311798,88.0085772038668,-0.2095183533934411
0.001,0.00175,0.00125,1.5821840427924045,87.2177743462646,-0.44619899616508646
0.00275,0.00025,0.00225,0.4287977186787892,89.36037857523917,-2.0920217545044704
0.0015,0.005,0.00125,-1.7059597192364606,89.76044562143804,1.321915466782982
0.00225,0.0035,0.00025,0.8106035201407618,87.3745596493073,0.5079375420795814
0.0025,0.0035,0.00075,0.39060093056026435,87.50744425315465,0.624360372524001
0.0025,0.00325,0.00275,-1.5178202777873169,89.19181466174444,0.5414266703618558
0.004,0.001,0.00225,0.4855796483995379,88.94058875558919,-1.073274156616041
0.005,0.004,0.00275,0.30654368474101856,88.11097358101519,0.9697147797858079
0.00475,0.003,0.00275,0.12475776844426287,88.32019108434277,0.4243304260567963
0.00425,0.0015,0.00425,0.3858195787236454,88.74216095745406,-0.5990498278244929
0.00225,0.00425,0.00275,-1.5366620456180597,88.84234228715644,1.0594902509156454
0.00225,0.00325,0.00075,0.8308904988373754,87.46816187214024,0.48799162032581905
0.001,0.002,0.00075,-1.5384071039719898,88.77281670775092,-0.30867940852428083
0.00025,0.00275,0.005,1.148080517286964,83.33165362357515,0.22731458520936595
0.005,0.00425,0.00275,0.21793199869773944,88.05317089014004,1.0951760440962843
0.00075,0.0025,0.00425,1.005288281081503,86.19161136748694,0.11285505213500334
0.005,0.00325,0.00025,0.4083486602588999,88.2957906848896,0.3826504855576253
0.00225,0.005,0.00375,0.562243357508713,86.87303613852735,1.4529462071100399
0.00425,0.004,0.00275,0.28973871876610036,87.9518542645278,0.9683054631517881
0.002,0.00175,0.00125,0.39611164115162134,88.02479047615252,-0.44128502770047245
0.00325,0.00275,0.00075,0.7902355015825101,88.0562121914414,0.203567794070126
0.001,0.003,0.00125,-1.5908750117248969,88.56354662073635,0.3430523382967659
0.0005,0.00375,0.005,1.2357386342916408,84.40243963520514,0.8121473391545784
0.00325,0.0045,0.00125,0.32976430642891386,87.5215499234733,1.1654961938075132
0.005,0.00275,0.00025,0.19919288135840357,88.43211255475002,0.10321818589244078
0.0035,0.00175,0.00475,0.29700529302627243,88.5044280814787,-0.3957117947148966
0.0015,0.00125,0.00075,1.119500459416102,88.07142027369031,-0.87638413082476
0.00375,0.0045,0.00325,0.5477912488500067,87.68998585047578,1.2215001654678128
0.0025,0.00425,0.00375,-1.5432505863691972,89.03586862699576,1.0734390083039487
0.00475,0.00325,0.00025,0.8527982747667417,88.25107412614175,0.38224824364481
0.0035,0.00225,0.005,0.3176839643874679,88.3049400446062,-0.03190488998852552
0.00175,0.005,0.00025,0.5565435539068682,86.46592662115938,1.2035790460974045
0.002,0.00075,0.00125,1.295978264775594,88.70334553715612,-1.3616269805125707
0.00425,0.0005,0.005,0.6739162868453336,89.2729734023723,-1.658008040723387
0.0015,0.0005,0.00275,0.9982107998318186,88.77690494117356,-1.6671818717391518
0.0005,0.00075,0.00325,-1.3248967831728327,88.12213285340391,-1.3480777946466709
0.00225,0.00275,0.00425,-1.497057865235762,89.12817213822144,0.26558603077150617
0.0035,0.00025,0.00425,0.19980068032068543,89.4344828398636,-2.0850740687403206
0.00325,0.00475,0.00225,0.43914380768119005,87.45406480626535,1.319364191442642
0.0035,0.0005,0.00175,0.06399678151710729,89.20002990977909,-1.6746446462664597
0.00475,0.00475,0.00225,0.15594730985985608,87.89112025516734,1.323446937079425
0.00125,0.0015,0.00275,1.566651402645197,87.68998585047578,-0.6143330126190595
0.004,0.00225,0.00425,0.33447542371877975,88.41378843172397,-0.03544822605663184
0.004,0.003,0.00375,1.0139055197023017,88.16982930341918,0.4345216766260331
0.00125,0.005,0.00375,-1.6210839708146751,88.32629223772874,1.3991406552270995
0.004,0.00375,0.00125,0.6724845826230693,87.95590469036223,0.7963692044614725
0.00075,0.00225,0.00475,-1.599295053349044,88.6431131309485,-0.07170816682336545
0.001,0.0015,0.00275,-1.4130114247314012,88.44127604037018,-0.6249472641093686
0.00025,0.00175,0.00175,1.583399640716969,84.57947790659561,-0.45936052137831496
0.0005,0.00425,0.00425,0.9741689742126622,84.06882935924264,1.0518142968871609
0.002,0.0015,0.00075,-0.5028824532953863,88.19013349439642,-0.6627299827954926
0.002,0.00025,0.00025,0.43636143909829905,89.25036481773961,-2.141256888525355
0.00225,0.0005,0.00475,1.0269259241387436,89.00102329450668,-1.6590116474882275
0.00375,0.00075,0.005,0.359643703414699,89.05227115078497,-1.3317621648316935
0.00325,0.005,0.00325,0.7810779972174607,87.38864389943215,1.4529462071100399
0.00025,0.00125,0.00325,1.4297480630520683,85.37387620225034,-0.8447704021492275
0.0015,0.0015,0.00475,0.9775996616886544,87.8890965106336,-0.5999174059188291
0.00275,0.00325,0.00175,1.2256356648741529,87.70815996242563,0.5435299999505846
0.00425,0.00425,0.00175,0.36080527476483776,87.89010837707565,1.0695864224703435
0.00475,0.00475,0.00025,0.2790036384278387,87.8890965106336,1.1097300917170396
0.00325,0.0015,0.00425,0.28420639754497296,88.56252700109464,-0.5996282465146187
0.00075,0.001,0.00325,0.9989671718737697,87.56690497990814,-1.069516367838665
0.00475,0.0035,0.00075,0.5889054719874851,88.18505700834253,0.6290943919442316
0.0035,0.00475,0.00075,0.6638133174278451,87.54573636273986,1.2409987144074577
0.00375,0.004,0.005,0.650765899704191,87.8203169152174,0.9913853660287949
0.003,0.00275,0.00125,0.3410585618124747,87.97818536696447,0.23539635958007674
0.0045,0.0025,0.00475,0.1543157073122189,88.42396803126047,0.1337096154425064
0.00175,0.0025,0.00225,-1.470960328459732,88.7881485539019,0.08771174833965985
0.001,0.001,0.00425,-1.462267452634738,89.14664432022282,-1.0725700983886324
0.0015,0.001,0.00025,0.7899383554231724,88.27342957401449,-1.1732775095648986
0.00475,0.005,0.00425,0.9223034627645946,87.83447301871533,1.468738085524421
0.00325,0.00275,0.005,0.4027298965186926,88.05722598188488,0.2917355194032331
0.0035,0.004,0.00425,0.36823392874828514,87.74552968901351,0.9847778168574699
0.003,0.00225,0.00275,0.2865025269580387,88.16982930341918,-0.050285770557632885
0.005,0.0035,0.00075,0.21983643544622303,88.23177170464471,0.6295250547061182
0.0025,0.004,0.00275,0.9952393382384397,87.33835342839707,0.9631421313384709
0.0045,0.0015,0.00225,0.2546646666493446,88.77792702894672,-0.6154826802824698
0.0005,0.005,0.00075,0.9931863284102872,83.61226724529278,1.2812707742045233
0.0005,0.00025,0.00425,0.5892026181468233,88.50340914246036,-2.0860188958009847
0.002,0.003,0.00075,0.7456095511074019,87.42084499692766,0.34623545325424165
0.001,0.0015,0.00475,-1.425326782371596,88.4962768977897,-0.6123198197992917
0.00225,0.00325,0.005,-1.6369515757233184,90.12079205446614,0.545634540661723
0.00175,0.002,0.00425,0.6921502557137947,87.74552968901351,-0.2148588588737735
0.00225,0.0005,0.00375,0.29365564541191785,89.00102329450668,-1.662185165799527
0.00325,0.002,0.00325,0.3696926462577621,88.34154696517685,-0.21952373809312353
0.001,0.00125,0.00125,-1.4076519885484342,88.64005155915683,-0.8650336185717241
0.003,0.00375,0.00125,0.7414495048766716,87.64355800505678,0.7941203708103903
0.00075,0.005,0.00025,-1.5810178632210428,86.79505845844676,1.145355631991618
0.00025,0.0045,0.00325,1.2367111126312922,81.72971791853857,1.092271261860199
0.00475,0.00225,0.00425,0.3087560729637249,88.54417585473635,-0.035094075995379
0.005,0.00325,0.00275,0.32347021050839303,88.2957906848896,0.5684409429264219
0.0035,0.00125,0.00375,0.5422805382586494,88.73398787876634,-0.820635131212582
0.003,0.0005,0.00025,1.018659858251708,89.13432910688908,-1.7396242613703128
0.00425,0.00275,0.00425,0.24499661115597823,88.29985694994623,0.2882111627601512
0.001,0.0025,0.00375,-1.4727324001008741,88.00553754779122,0.09951937315094106
0.0045,0.00275,0.00425,-0.15987583625677806,88.35171824712839,0.28860257763069236
0.00275,0.00275,0.00075,0.38741336266918497,87.8890965106336,0.20242304953774706
0.00275,0.00225,0.00075,0.9302183559178676,88.08865927549421,-0.11272363450792891
0.00375,0.0045,0.00275,0.3920596480697413,87.68998585047578,1.2140240046633477
0.001,0.0045,0.00025,1.0858689168364954,85.60122899896157,0.9687751812796358
0.00075,0.0045,0.00375,-1.2253555211233618,85.41615149785699,1.1817760859054567
0.0015,0.002,0.00325,-1.4600874803566863,88.81370751536753,-0.2371156833277766
0.00075,0.00075,0.00325,0.8463691124101583,87.8890965106336,-1.3417733150239304
0.00275,0.00025,0.00475,0.7208923933079324,89.36037857523917,-2.0841283710609058
0.00475,0.0035,0.00475,0.029295512763884635,88.18708756769699,0.7272538114933285
0.0035,0.0005,0.005,0.36650507836668306,89.1990029623948,-1.6581753566647635
0.00325,0.002,0.00225,0.3492435878378728,88.34154696517685,-0.23148467315781326
0.0015,0.002,0.00225,0.43514584117373495,87.56690497990814,-0.23546064776052705
0.00075,0.0015,0.00225,-1.4700607859955543,88.33239381258207,-0.6358014252289059
0.004,0.00425,0.00125,-1.093255143996622,88.08561685352956,1.043674073714141
0.005,0.00125,0.00325,0.34265234575801423,88.94058875558919,-0.8232709305531379
0.001,0.00325,0.00425,-1.5697073998651545,88.23177170464471,0.5405856774844989
0.0005,0.00075,0.00125,-1.3905795910301122,88.3486667395857,-1.3716704305852983
0.0025,0.0025,0.00375,0.7730010243409124,87.8890965106336,0.12401041730881678
0.00475,0.0015,0.00225,0.31922642308730376,88.80961758716278,-0.6154826802824698
0.0045,0.004,0.00175,0.3294320429961994,88.00959044588907,0.9458224708898721
0.0015,0.00225,0.00125,1.6116825524284932,87.42185147239393,-0.0877635494584705
0.00225,0.00175,0.00075,0.49635794999733945,88.13633760780414,-0.466678206212132
0.00425,0.00225,0.00025,0.27143451535088653,88.46062429502817,-0.20349851401121893
0.00075,0.0005,0.00075,0.7186502904692916,88.27342957401449,-1.6974536730641028
0.00175,0.00425,0.00225,-1.677182464368947,89.88764451709078,1.0226790938790562
0.0045,0.00325,0.00475,0.6049783778789436,88.20333372583582,0.5875548874196465
0.004,0.00025,0.00325,0.39416668447231873,89.47052794032832,-2.0877881027399274
0.0045,0.00225,0.00175,0.6275344727014106,88.50340914246036,-0.06610372500364792
0.00325,0.00225,0.00075,1.2243660403751637,88.2409144306059,-0.11203308897908847
0.00475,0.00475,0.00325,0.3773914331133345,87.8890965106336,1.3418658982620153
0.00225,0.00375,0.00025,0.42469169902248377,87.28407222592651,0.6342656189358308
0.004,0.00275,0.00375,0.27957091745930196,88.24802609466377,0.28390857204999526
0.00475,0.00175,0.00225,0.30248088634425313,88.71560120379608,-0.4159583755160782
0.00275,0.00425,0.00375,-1.5487639982892758,89.20413781754971,1.0734390083039487
0.004,0.00325,0.005,-1.3027188743713412,88.73194472671176,0.5794724749773115
0.00475,0.0015,0.00275,0.7655993836446778,88.80961758716278,-0.6097290438910269
0.00075,0.0015,0.00475,-1.4898426162212939,88.44636727600165,-0.6174933251646736
0.004,0.0045,0.00375,-1.0498096741727019,87.97919825908578,1.2249934613567284
0.003,0.00375,0.00375,-1.53396882088297,89.35111986052193,0.8234564244492387
0.005,0.0025,0.005,0.1988660205831318,88.5044280814787,0.13557817666274563
0.00125,0.00475,0.00225,1.39417156379316,85.94289918093043,1.2990067733498838
0.00125,0.00325,0.00275,0.6244819712463942,86.62335493353825,0.5549089256077513
0.001,0.005,0.00025,0.7811050105046734,85.37485911098183,1.1852373550651214
0.00125,0.00125,0.00475,0.4338221901003205,87.8890965106336,-0.818788265269649
0.00275,0.00475,0.00025,0.618268915187511,87.23585059042877,1.1034171654948368
0.00125,0.00425,0.00425,-1.6083526085514073,88.50748496892041,1.0580499322865573
0.00175,0.003,0.00275,-1.637046122228562,89.90109883067608,0.3806397390117004
0.001,0.00275,0.005,-1.5919042179676943,88.72275112462971,0.25278038388413876
0.0015,0.004,0.00125,1.026844884277106,86.5814789531573,0.9109405868845795
0.0035,0.00475,0.00225,0.35602392292821927,87.54573636273986,1.3203845253462856
0.00375,0.00225,0.00275,0.43981913986150356,88.3618907001594,-0.049228323634453855
0.005,0.0045,0.00475,0.3095583675939374,87.99743231150256,1.2394957158011157
0.00075,0.00025,0.00225,0.7496345309020697,88.77690494117356,-2.092491078021107
0.0005,0.002,0.00025,-1.451675542718703,87.04723889147517,-0.39914879869604386
0.00475,0.005,0.00475,-1.3605165036912816,88.65025720969821,1.4592564140450108
0.003,0.00125,0.00075,0.22258638808445905,88.63392873279338,-0.8745822113761011
0.001,0.0005,0.00225,-0.5324917174090463,88.52684770807328,-1.6711668293026154
0.00475,0.0025,0.00025,0.11660245703479839,88.46571664446677,-0.0460537906063025
0.005,0.0035,0.00275,0.4964660031461897,88.23177170464471,0.7069783541003903
0.002,0.0035,0.005,-1.631357123941602,89.80902881466434,0.6828764842989654
0.003,0.00475,0.00125,0.6273723929781354,87.35243184229822,1.2812707742045233
0.00175,0.0005,0.00175,0.39389655160019366,88.86791684907733,-1.6751407912194698
0.00075,0.00025,0.00275,1.0953775939353079,88.77690494117356,-2.090142297629515
0.00075,0.003,0.00175,-1.5965315940672018,88.07851827758263,0.3546050921607464
0.001,0.004,0.00425,0.7152196029932998,85.84203408875207,0.9617350844248121
0.001,0.00175,0.00225,-1.5631917949894907,89.15485540772362,-0.44282161532580644
0.00325,0.00325,0.00475,0.2285077006414468,87.89010837707565,0.5854262223613511
0.0015,0.0005,0.00425,0.6407709834355527,88.77690494117356,-1.6608497936223543
0.004,0.0025,0.00025,0.23766790633521753,88.32832604918204,-0.04675952668107473
0.00425,0.0045,0.00175,0.5809095389725749,87.82941700553485,1.1906821312877838
0.004,0.0025,0.00425,0.6320186783786914,88.32832604918204,0.13034891463855375
0.00375,0.001,0.00125,0.2178509588361018,88.90680428362228,-1.0905641709840423
0.00375,0.00125,0.00375,0.323502626453048,88.77792702894672,-0.820635131212582
0.005,0.00475,0.00475,0.5412540333445731,87.94274148836827,1.3583025194038265
0.00325,0.004,0.00225,0.4556219128808365,87.66071325757626,0.9565800682156981
0.00025,0.00075,0.00125,-1.4049803744431146,87.36852423700884,-1.3766705166480786
0.0005,0.0025,0.00075,-1.6002702330174168,87.64759423299681,0.0008859225561715298
0.003,0.00475,0.00425,-1.5374157163312896,89.08611089997548,1.319364191442642
0.00475,0.00225,0.00375,0.22828619168630393,88.54417585473635,-0.038633742490175225
0.0015,0.004,0.00475,-1.6125342654119075,88.97541042698396,0.9411541323264528
0.0015,0.0015,0.00125,0.5564355007580178,87.8890965106336,-0.6400729077545593
0.003,0.003,0.00075,0.6919071361288819,87.8890965106336,0.3498199636963666
0.00125,0.00025,0.00325,0.8257309609797816,89.05227115078497,-2.088023766236801
0.0005,0.0045,0.00225,-1.58269268702822,86.01912093387364,1.1155658003690925
0.00075,0.00225,0.00025,0.73067120327887,86.38135256961758,-0.21785857287289137
0.00425,0.0015,0.00475,1.5678940138569735,88.74113928145056,-0.5967348207456139
0.00325,0.003,0.00375,-1.3040101095001004,88.61148198768446,0.42473751313881136
0.0035,0.003,0.00475,0.4294190242846774,88.04506126686046,0.4414685008768541
0.002,0.00425,0.00425,-1.6620604261873695,89.89592385637502,1.0556505064477957
0.0045,0.00275,0.00075,0.4089429525775758,88.34663245977612,0.20509473527984248
0.0005,0.00475,0.00375,-1.6612311182699449,86.70616941786824,1.2409987144074577
0.003,0.003,0.00175,0.4239623402677453,87.89010837707565,0.4016081882804302
0.0015,0.00175,0.00125,0.6228341607264294,87.72229798690167,-0.44282161532580644
0.005,0.0015,0.00425,0.43725287757631276,88.84029664017812,-0.5987605685309124
0.002,0.002,0.00075,1.1608848154257054,87.8890965106336,-0.28535041186969995
0.005,0.003,0.00225,-1.2274922721418733,88.82291054250528,0.40970646127075616
0.00175,0.00475,0.00175,0.9151449416532728,86.55257640104207,1.2939320503101004
0.00325,0.005,0.00175,0.6739703134197585,87.38864389943215,1.4189170108915667
0.001,0.0015,0.00225,-1.4192460914200544,88.46877219483976,-0.6312370392242127
0.0045,0.00075,0.00325,0.7909648603372486,89.13432910688908,-1.3387146731207853
0.003,0.003,0.00225,0.4765301971833388,87.8890965106336,0.4133567721255834
0.00475,0.0045,0.00375,0.21528199522218966,87.9457789755074,1.2299887702071732
0.004,0.00125,0.00325,0.14492588867714168,88.81677508512696,-0.8235343436239343
0.003,0.00275,0.00075,1.6329420094647586,87.97818536696447,0.20280458711819807
0.00425,0.00175,0.00175,0.2718910399047782,88.64209259526876,-0.42525197156250594
0.003,0.00425,0.00375,-1.5720359452228747,89.50349617355204,1.0710307263501688
0.00025,0.00325,0.00075,-1.522661058855803,84.44326170187587,0.3983740966285005
0.00275,0.00175,0.00125,0.775648326487741,88.31307360470812,-0.4400551205790492
0.0005,0.00425,0.00275,0.7961243981948428,84.06979724298061,1.0336404751445298
0.0015,0.0015,0.00425,0.5345547381158643,87.8890965106336,-0.6022294830779332
0.00075,0.0045,0.00075,1.0193081771448087,84.95716271561216,1.0864677135817031
0.0045,0.003,0.00075,0.31114404755331326,88.2744458652799,0.3522117015661783
0.00075,0.00275,0.005,-1.5682675916567261,87.99439304035127,0.25045730701788727
0.0025,0.003,0.00425,-1.5073310183626893,89.21440841466004,0.41498034697901987
0.00425,0.00125,0.00425,0.8761647682055845,88.8505253461135,-0.8177322448495212
0.001,0.00375,0.00325,-1.542010676486142,87.7414889510829,0.800870757225395
0.00025,0.00425,0.00275,1.3843657405350098,81.92849932318144,0.9730050788411369
0.0045,0.00375,0.00125,0.33455646358041735,88.07142027369031,0.7972691004536665
0.005,0.00375,0.00275,0.25316002655160635,88.16982930341918,0.8407086951518886
0.00225,0.00075,0.00025,0.35416000611055426,88.77792702894672,-1.431892573628736
0.0015,0.001,0.00375,0.21409611191355915,88.2744458652799,-1.0636309475833798
0.0045,0.00425,0.00225,0.25286558172098994,87.94982912155794,1.0840519338605228
0.0005,0.00175,0.00125,-1.4473155981625998,87.28407222592651,-0.46545999577462366
0.005,0.00325,0.00475,0.1702832613835484,88.2957906848896,0.5879807674940454
0.00175,0.002,0.00075,0.46413109835278504,87.74552968901351,-0.2860010542043377
0.00025,0.001,0.00375,-1.3780616337358234,86.7221427556756,-1.082871954076926
0.00425,0.0045,0.00075,0.46596800188323734,87.82840583782404,1.1272614325309451
0.00125,0.004,0.00225,-1.6224130245455317,88.76361887088353,0.9053873832198085
0.0025,0.0015,0.005,0.6653260615117474,88.3618907001594,-0.5967348207456139
0.00025,0.005,0.00425,1.589504643627002,81.35607724606547,1.3168143843118012
0.00075,0.0025,0.005,0.8121162642246637,86.19161136748694,0.11731257522597566
0.00225,0.00325,0.00475,-1.6393044330395299,90.14777249538008,0.5435299999505846
0.004,0.00425,0.00375,0.7441238203107127,87.8243612833936,1.1068152593726106
0.0005,0.005,0.00325,-1.5683243195598724,85.59334519747625,1.3572734555644865
0.005,0.003,0.00325,0.1043276193254226,88.36290800987713,0.4308494468318483
0.00025,0.00025,0.00425,1.1092894368497632,87.8890965106336,-2.087080786580679
0.00425,0.0005,0.00125,0.4351188278865223,89.2729734023723,-1.6820688575095755
0.00375,0.002,0.00275,0.21067893108117364,88.45553223872022,-0.22418110447177697
0.00425,0.00175,0.00225,0.5420104053865242,88.64107207133823,-0.4162686794784374
0.00125,0.003,0.00425,-1.6385507623263,89.42727556254198,0.3923181974803598
0.00075,0.00175,0.00475,-1.4943565365145084,88.24294627613986,-0.4196796662504248
0.00025,0.00325,0.00225,-1.0901837332405568,83.13138192376584,0.462802207241635
0.004,0.0015,0.00425,-0.8092023249706506,88.7809933628706,-0.5999174059188291
0.00075,0.005,0.00175,1.2145872304042253,84.70128518608192,1.3737669449359478
0.0025,0.004,0.00225,0.945021637310337,87.33835342839707,0.9533030008225393
0.00275,0.0035,0.00125,0.3555376837583936,87.62237085761676,0.6615320830303841
0.00325,0.003,0.005,0.21739173295348846,87.97210825911864,0.4422866685531174
0.001,0.00125,0.00175,-1.4064417932813127,88.63494917448268,-0.8533655137906708
0.00275,0.00475,0.00275,-0.8710681553447988,87.33935895413855,1.3249789364183264
0.0015,0.00475,0.00475,-1.627966956396429,88.84234228715644,1.2990067733498838
0.00125,0.0025,0.005,-1.4986948704408418,88.50137129961627,0.1087743956654508
0.00175,0.00325,0.005,-1.618123314536181,89.58493852405005,0.5468978467172394
0.00275,0.005,0.00425,0.7551182282062144,87.16557512269966,1.461888241004343
0.00025,0.003,0.00475,-1.5071014054213827,84.59018991435238,0.35540325649515353
0.00175,0.00175,0.00175,0.8832962760296937,87.8890965106336,-0.42834271065315277
0.002,0.005,0.00275,-1.5687484281691093,88.67271377720836,1.4038167128021621
0.00225,0.001,0.00475,0.4260153500958978,88.589040927265,-1.0584377467523458
0.002,0.00325,0.00325,-1.591142443268301,89.49937448013708,0.5372236417640746
0.0025,0.00375,0.00325,-1.5211023921836397,89.03894387006059,0.8175716379141941
0.004,0.00025,0.00375,0.5350679905729026,89.46949787873831,-2.086254966625909
0.001,0.004,0.00375,-1.5268346117301397,87.50341447921107,0.9350933217081929
0.004,0.00375,0.00475,-1.4811173244516451,89.31820775446688,0.8393439279471362
0.004,0.00175,0.00275,-0.7622235171793306,88.66352631210184,-0.4106777385484879
0.0045,0.0045,0.00425,0.6278586321479611,87.8890965106336,1.23448946797324
0.00275,0.003,0.00225,0.5808284991109373,87.79605461702128,0.41254526503727235
0.00125,0.00325,0.00225,0.7181370380122537,86.62335493353825,0.5460555941999976
0.0035,0.00225,0.00175,0.4764491573217012,88.3049400446062,-0.0668048449419118
0.0015,0.00175,0.00475,0.5128630684841986,87.72229798690167,-0.3994610378210533
0.00075,0.0005,0.00375,0.7344800767758376,88.27342957401449,-1.663519308619693
0.004,0.00225,0.00225,0.43290373833509455,88.41378843172397,-0.05627107590990107
0.002,0.001,0.00125,0.768030579493806,88.50340914246036,-1.0914945765850694
0.00175,0.00175,0.00125,1.2084822274941924,87.8890965106336,-0.4422070864173526
0.001,0.0025,0.00475,-1.4728728691943793,88.00655075481804,0.10655076026191244
0.0045,0.0025,0.00125,0.3590223978088108,88.4229500185674,0.08182422875146574
0.0045,0.00175,0.00175,0.1913077028210646,88.68088121208282,-0.42494270189940647
0.0025,0.005,0.00425,0.7323460270860471,87.0302036962456,1.4603089630320671
0.005,0.00375,0.00125,0.6343688343661821,88.16982930341918,0.7981692036784271
0.00325,0.00425,0.00125,0.9006388064201416,87.59009552892516,1.0455879872599156
0.00275,0.00325,0.00375,-1.5170585030879231,89.29661577349482,0.5540648286837797
0.0025,0.00475,0.00375,-1.5673896598223187,89.07585507281209,1.3081560109020103
0.00275,0.00275,0.00025,1.6255943953429486,87.8890965106336,0.10025879506523333
0.00275,0.002,0.00425,0.27372524210650956,88.19825647993733,-0.2125235981624011
0.004,0.00275,0.00275,0.43876562166021466,88.24701010756544,0.27337074030490566
0.005,0.00075,0.00025,-1.09917645655361,89.4447799579514,-1.431892573628736
0.003,0.00025,0.00175,0.5338523926483385,89.38816047621093,-2.095419458341426
0.001,0.001,0.00325,0.5449818669799031,87.8890965106336,-1.068105411483466
0.00225,0.00425,0.00475,-1.680540215969465,90.30878512721402,1.0566101110400334
0.0005,0.0045,0.005,-1.583546306904136,86.02704395255957,1.149768590558373
0.00375,0.0015,0.00225,0.07484531766166148,88.66250554140797,-0.616057315604077
0.0015,0.00475,0.00075,-1.54931236801969,88.11300243451612,1.1981179472785046
0.00025,0.0015,0.00325,-1.4177765685956925,86.00030668888556,-0.6406418816188604
0.00025,0.002,0.00225,-0.7002145163829562,84.28882504990479,-0.27361319490627795
0.00475,0.0035,0.00125,0.41421054358402,88.18607228217536,0.6654434615814502
0.00025,0.00175,0.00225,-0.8426393718823267,84.68080931017678,-0.4532469862413732
0.00275,0.00175,0.005,0.2954304183817816,88.31307360470812,-0.3953991239174623
0.00475,0.00425,0.00175,0.3516207571125761,88.00249799669982,1.0705492362952758
0.00025,0.003,0.00375,1.6487447824840913,83.06632558524258,0.3605958068146664
0.00125,0.00075,0.00175,0.4984379731127046,88.3618907001594,-1.3535504898352824
0.00475,0.00075,0.00325,0.5162667426729781,89.15793476051732,-1.3387146731207853
0.00075,0.0025,0.00075,-1.5020796353285724,87.68594767037452,0.018132547181653524
0.00125,0.001,0.00425,0.43155307397446746,88.10995917178316,-1.061979992062978
0.00025,0.003,0.005,0.993078275261437,83.06632558524258,0.36980168627216775
0.00225,0.00075,0.005,-0.6665721684884647,88.81882019049523,-1.3325815202239275
0.00025,0.002,0.00125,-0.8025165363855481,84.31988392153961,-0.2986586811835735
0.00025,0.00375,0.00125,-0.3868955019909238,82.3682805278151,0.6955657216420247
0.002,0.0025,0.00025,0.674294472866309,87.64254897711446,-0.050638171711090335
0.0005,0.002,0.00125,-1.4630643446075078,87.10738976685701,-0.28632631919499246
0.00225,0.0045,0.00325,0.363236470613966,87.0302036962456,1.2145220138122643
0.001,0.00025,0.00425,1.354786191037283,88.94058875558919,-2.085546591047884
0.00075,0.0005,0.00275,0.8311336184222883,88.27342957401449,-1.6681791436342681
0.00125,0.004,0.005,-1.6135283543813288,88.67067203602582,0.9397546784872538
0.0035,0.00125,0.00275,0.4167497925819985,88.73500947243576,-0.828007728979832
0.0035,0.002,0.00475,0.47407198804699824,88.40055670430016,-0.2088500982384545
0.00025,0.00425,0.00425,1.5819949497819166,81.92849932318144,0.9909130449570533
0.00175,0.003,0.00025,0.5567596602045682,87.24589456705272,0.23848027404035668
0.00425,0.00225,0.00325,0.27587549976862735,88.46062429502817,-0.04322922072837998
0.004,0.00175,0.00075,0.2339913979455915,88.6002607469785,-0.46485068014608233
0.00425,0.00025,0.00325,-0.4694805236570867,89.50349617355204,-2.0877881027399274
0.00175,0.003,0.00475,-1.623906859328385,89.75631209533613,0.4016081882804302
0.00125,0.00275,0.00175,-1.476587196186103,88.2277085749573,0.22808343644671528
0.00125,0.001,0.00475,0.7738384362445012,88.10995917178316,-1.0598553789877285
0.00475,0.00125,0.00475,0.29292088399973704,88.91396961422438,-0.8153544200627985
0.0045,0.00375,0.00075,0.449841069417354,88.07142027369031,0.7596513085666221
0.00125,0.00425,0.00125,-1.673516761294206,89.26166839425586,0.9828919009828887
0.004,0.00175,0.00425,0.4783941140010038,88.6002607469785,-0.39821186560489313
0.005,0.00225,0.00275,0.29373128261611314,88.58088195080384,-0.04817051141897866
0.00125,0.00025,0.00375,0.9723590839694226,89.05227115078497,-2.0866089709589764
0.00175,0.0025,0.00075,0.5190491112558692,87.48226121037682,0.04563537175429892
0.00375,0.00475,0.00275,0.344354182852404,87.62741495191985,1.331623718059406
0.00025,0.00275,0.00175,1.6364267235151755,83.33165362357515,0.18909687002610082
0.0035,0.003,0.00425,-1.2977484295242347,88.66760951239982,0.42962621555261044
0.001,0.001,0.005,0.8886989334722009,87.8890965106336,-1.0598553789877285
0.0015,0.003,0.00275,0.906473676458049,87.02920172976508,0.41498034697901987
0.0045,0.003,0.00125,0.7714342536825857,88.27342957401449,0.38587008855733806
0.00225,0.00275,0.00025,0.9821108806531476,87.66878747946579,0.09878012147526298
0.00275,0.005,0.00475,-1.6935282044612519,90.54510985908364,1.4064166169168317
0.0015,0.00225,0.00075,0.5887433922642099,87.42084499692766,-0.11686357026254592
0.0035,0.004,0.00025,0.3232919228127901,87.74552968901351,0.7609885461618263
0.0005,0.00275,0.00075,-1.6141550626446597,87.57194588124666,0.1486882662423216
0.0035,0.003,0.00025,0.2560747602418389,88.04506126686046,0.2442702749776578
0.0045,0.00225,0.00275,0.6329911567183427,88.50340914246036,-0.04852315608662622
0.003,0.00175,0.00125,0.2040444677417747,88.38529178711106,-0.4397475552895717
0.00325,0.003,0.00475,0.8303502330931248,87.9710954486235,0.4410594876795551
0.0015,0.005,0.005,-1.6292825034836795,88.76361887088353,1.4142253150452295
0.003,0.00175,0.00275,0.8962356406044985,88.38427421969216,-0.4106777385484879
0.003,0.0015,0.00025,0.782968927322338,88.50340914246036,-0.7368551491600698
0.0035,0.005,0.00325,-1.2185211594585903,87.92755562623967,1.4466447120288015
0.0025,0.00375,0.00125,0.47439614749354864,87.42185147239393,0.7918728313194767
0.0045,0.003,0.005,0.4287166788171516,88.27342957401449,0.44433291214019455
0.00275,0.003,0.00025,0.49084723940598246,87.79605461702128,0.24272529691865422
0.0035,0.00275,0.00225,1.6371830955571263,88.12720571714809,0.26441986959776537
0.00125,0.003,0.00375,-1.5076065538922572,88.28257661663473,0.4040357125471783
0.0045,0.0045,0.00225,0.04652728867676089,87.89213214490871,1.2055666155629217
0.00325,0.001,0.00075,0.744150833597925,88.82495578914929,-1.1102433954607311
0.00325,0.004,0.00475,-1.5410922247209156,89.42212786291569,0.9603285234040415
0.00375,0.00125,0.00325,0.6075986667385597,88.77690494117356,-0.8237977263699359
0.004,0.0035,0.005,-1.4602198454640278,89.26989007635328,0.7091770103334748
0.0005,0.00425,0.00225,-1.5814122572143459,86.16581497104353,0.999896450558443
0.002,0.00425,0.00125,-1.5448983968891619,88.73296629685842,1.0122214194311794
0.0005,0.005,0.00375,-1.5899295466724581,85.78473223199634,1.3608762159002696
0.00475,0.00225,0.00225,0.1079284905108533,88.54519526310155,-0.05556753020241622
0.0015,0.00375,0.00475,0.7206492737230196,86.68820292956858,0.847995419907727
0.0035,0.00075,0.005,0.6212133634936772,89.01844425577141,-1.3319670390555236
0.001,0.00275,0.00325,-1.6203221961152816,89.00512203747296,0.23539635958007674
0.00225,0.00125,0.005,0.9485333646479663,88.4229500185674,-0.8156187445030837
0.00325,0.0035,0.00475,0.34281442548128943,87.81121776776916,0.7246030931710092
0.0005,0.00475,0.00025,1.6896969258982952,83.75967817321579,1.041761041355226
0.004,0.00175,0.00025,0.3093395599675159,88.6002607469785,-0.5464429415482788
0.00375,0.00425,0.00125,0.5434150963215759,87.75462202975163,1.0470240009422642
0.0035,0.00025,0.00325,0.07240601782636957,89.4344828398636,-2.0877881027399274
0.003,0.0045,0.00125,0.4213420514081292,87.42185147239393,1.1645115201544836
0.005,0.00475,0.00375,0.3898175452311009,87.94274148836827,1.3485359732096653
0.0005,0.00425,0.00325,-1.6054081602452408,86.39129816285791,1.0141208451586898
0.0005,0.00275,0.00425,-1.497057865235762,86.62335493353825,0.24156703019925851
0.0035,0.00325,0.00125,0.21863434416526525,87.96603157105017,0.5267372161721812
0.0025,0.0045,0.00475,-1.5834490590701709,89.29147559503407,1.1976218266088303
0.00075,0.0005,0.00025,0.7037119426407598,88.27342957401449,-1.7410448876683124
0.00275,0.004,0.00275,-1.5512249087543377,89.29970002260266,0.9360251637866152
0.0035,0.00075,0.00225,0.04652728867676089,89.0204940047974,-1.3462497792476045
0.004,0.005,0.00225,0.4567294576565504,87.64355800505678,1.4366851323926473
0.00425,0.00125,0.00325,0.5115934439852096,88.85154828147786,-0.8235343436239343
0.004,0.00375,0.00075,0.47823203427772853,87.95590469036223,0.7587600733939431
0.0005,0.0025,0.00275,1.2321458670923733,85.37387620225034,0.08844845113481314
0.0035,0.00425,0.00375,0.44003524615920375,87.67686244505279,1.1053585980871288
0.00025,0.0005,0.00075,-1.3363423129647838,87.76573617014527,-1.7047600205047546
0.00325,0.00425,0.00325,0.5777219710814955,87.59009552892516,1.0990522096996242
0.004,0.001,0.00375,0.6018718498495021,88.94058875558919,-1.061979992062978
0.00025,0.001,0.00075,-1.5166479011222926,87.43292346733007,-1.1349713887464785
0.002,0.0035,0.00125,-1.5291334424719263,88.8934987730083,0.634696877091499
0.002,0.00125,0.00025,0.5397412892606712,88.32832604918204,-0.9442910991577942
0.004,0.005,0.00375,-1.412730486544391,88.66148478246615,1.4445461475565742
0.00175,0.001,0.00275,0.8553645370519325,88.40055670430016,-1.069986470075491
0.00075,0.003,0.00425,-1.589767466949183,88.01465683098503,0.3907050565297661
0.00275,0.00475,0.00425,-1.5813744386122484,89.32951992330462,1.3122284286675896
0.00075,0.00375,0.00025,-1.5469838226619699,87.18464429289249,0.588406696602507
0.00275,0.004,0.00225,0.3603730621694375,87.46111305518048,0.9547071348946801
0.00375,0.00275,0.00475,0.4000555810846515,88.19013349439642,0.29095201341940335
0.00325,0.00375,0.00275,0.36750456999354664,87.73441810745067,0.8375249714343334
0.00025,0.002,0.00075,1.5205937479478242,84.23256000178019,-0.32316213473054395
0.00025,0.0035,0.00225,1.6655470471302884,82.5771709318692,0.6054841337691538
0.00075,0.0045,0.00425,0.8723829079958295,84.95716271561216,1.1921682673674323
0.005,0.00075,0.00125,0.1297525252498606,89.18051993109707,-1.3608210041295141
0.0035,0.00175,0.00075,1.417484030657578,88.50340914246036,-0.4651553554978668
0.00225,0.00225,0.00175,0.6108672744912763,87.89010837707565,-0.0689072363838346
0.00425,0.00175,0.005,0.5053533746391137,88.64107207133823,-0.39414808069003787
0.00375,0.00175,0.00325,0.2341507763401454,88.55437046654392,-0.4053867562116661
0.0025,0.0005,0.00275,0.997616507513143,89.05227115078497,-1.6666829773979641
0.00175,0.0015,0.00475,0.30657069802823084,88.04506126686046,-0.5990498278244929
0.00275,0.00225,0.00475,0.4122655869047174,88.08865927549421,-0.03438565354202705
0.00225,0.00425,0.00375,0.7569821450238794,87.11140130276864,1.0995369814694906
0.00475,0.00175,0.00425,0.20889065146770355,88.71560120379608,-0.39758706373929553
0.00075,0.0035,0.00075,-1.5685026072554753,87.50845172563747,0.5769238051353992
0.002,0.00475,0.005,-1.677077112548818,89.92180170709247,1.2949465275726113
0.00325,0.00125,0.00275,0.5378233458685813,88.68700728192067,-0.828007728979832
0.00325,0.00425,0.00375,-1.5487639982892758,89.40977459275295,1.0753666322653406
0.00375,0.002,0.005,0.7444479797572631,88.45451386263281,-0.20717878700841202
0.00425,0.0035,0.005,-1.1398341551371967,88.40055670430016,0.7237199272191384
0.00475,0.00025,0.00275,-0.7944098488930664,89.58596991470726,-2.0896718922104394
0.00175,0.0045,0.005,-1.6397231389913243,89.32951992330462,1.1847427172430836
0.00025,0.003,0.00175,1.0706874494230507,83.06632558524258,0.32995293473042875
0.00125,0.0035,0.00225,-1.6128746328307857,88.89759256417337,0.6498222349688095
0.0035,0.0045,0.00175,0.44119681750934253,87.61127487216923,1.1887014148025097
0.00075,0.002,0.00125,-1.4630643446075078,87.84660863788832,-0.2798138990263988
0.00425,0.0035,0.00325,0.2747517470205858,88.08358863059772,0.7126974939158978
0.005,0.00475,0.00075,0.07699017266633697,87.94375397242449,1.2445077306038832
0.00025,0.0005,0.00375,-1.3397838057556608,87.77685171814697,-1.6711668293026154
0.00275,0.003,0.00325,0.6661364601281236,87.79605461702128,0.4271810200967402
0.00125,0.0045,0.00425,0.8541489391273683,86.04685469216763,1.2120325413228825
0.0045,0.002,0.00375,0.28778835942935543,88.589040927265,-0.214191833557203
0.00325,0.002,0.00475,0.4158043275295595,88.3405299013859,-0.2088500982384545
0.0005,0.00175,0.00025,-1.4338359678435448,87.2177743462646,-0.5714209598599963
0.002,0.00125,0.00125,0.8908870097364162,88.32832604918204,-0.8536254622939711
0.0025,0.0005,0.00475,0.5912016014005509,89.05227115078497,-1.6590116474882275
0.0015,0.00375,0.00075,1.359783649171602,86.68720490049468,0.7467484623652714
0.001,0.00425,0.00225,-1.5641129480834381,87.6667688542744,1.0303013294188548
0.0005,0.00125,0.005,-1.1481434422837724,87.0312056742618,-0.8295844816678014
0.00225,0.00225,0.00275,0.46504955011801136,87.8890965106336,-0.051695131774065275
0.00125,0.001,0.00325,0.6753479910675979,88.10995917178316,-1.0671642322933388
0.0035,0.00025,0.00075,-0.3762792801163979,89.4447799579514,-2.110396671910118
0.0025,0.005,0.00075,0.6392312260644382,87.0302036962456,1.348022536021617
0.00325,0.0045,0.00475,-1.5372320259782444,89.25344746936844,1.20705789344922
0.00025,0.00275,0.00325,-0.6809783545589099,83.38539684903677,0.21197467928869831
0.00025,0.005,0.005,1.1057777095121337,81.35607724606547,1.3229363882071201
0.00475,0.00325,0.005,0.20046790851483534,88.25209016002907,0.58968477818882
0.00075,0.00075,0.00475,1.2643727187369282,87.8890965106336,-1.3354462944695016
0.00225,0.00125,0.00225,0.32924835264315416,88.42396803126047,-0.8340460372900166
0.003,0.005,0.00225,-1.549820217819286,89.11380753186585,1.401737866811755
0.0015,0.003,0.00175,-1.6343961187530125,89.65613234388226,0.35979644698901847
0.00075,0.002,0.00325,0.7786197880811198,86.58247576500929,-0.23115309392585587
0.00325,0.0035,0.00025,0.7606289387975714,87.81020680958352,0.5112725918798118
0.00075,0.005,0.00075,-1.5735973132237593,86.73013052804615,1.2817765258695806
0.0005,0.00175,0.00075,0.6308030804541273,86.10135775266372,-0.48095023485997196
0.00075,0.00175,0.00075,-1.4406244069200547,87.94679149453418,-0.4854889051426895
0.00275,0.00275,0.00275,0.5664574303138683,87.8890965106336,0.27103344503575466
0.00225,0.0045,0.00275,-1.5475808163093667,88.84234228715644,1.1783176050754112
0.0015,0.005,0.00375,-1.6467249830368134,88.96209464899196,1.3991406552270995
0.00375,0.0035,0.00375,0.39727321250176056,87.95995530272991,0.7175434562610292
0.00275,0.0045,0.00025,0.5528967601331758,87.30819303861404,0.9918577414816229
0.00125,0.00275,0.00375,-1.484783027526386,88.27546216824592,0.25743135456301186
0.0015,0.00025,0.00275,0.914442596185747,89.13432910688908,-2.0897895138750195
0.00325,0.00475,0.00325,0.2529709335411185,87.45507166419101,1.3377661959450926
0.003,0.00125,0.00475,0.20318544520841636,88.63392873279338,-0.8158830385136538
0.001,0.003,0.00275,-1.5367079682063212,88.11300243451612,0.3866754527520633
0.003,0.004,0.00175,0.3539168865256414,87.56690497990814,0.9420873701187586
0.003,0.00325,0.00075,0.3922487410802288,87.80414130488471,0.49089353990567286
0.002,0.00225,0.00475,0.9629584600194604,87.76270490135695,-0.03615640387177346
0.00175,0.00075,0.00425,0.26284158868857904,88.61454257270096,-1.3352418208328207
0.0005,0.00025,0.00325,1.2164511472218906,88.50340914246036,-2.088730431233707
0.0025,0.00475,0.00025,0.5068931320102282,87.10337841567917,1.101961677666758
0.00125,0.00325,0.005,-1.6310221591801668,89.21338130173815,0.5405856774844989
0.005,0.00075,0.00275,0.18248786454617197,89.17949320832842,-1.3417733150239304
0.00475,0.0015,0.00025,-0.5025123712605746,88.83006911179827,-0.736034875855449
0.00175,0.0025,0.00325,-1.4738426462053094,88.80450544176426,0.10099838725730363
0.00475,0.0045,0.00275,0.37239397497901544,87.94476646813752,1.216016385317757
0.00225,0.00225,0.00025,0.8182212671346966,87.8890965106336,-0.2061755383725618
0.00125,0.00475,0.00325,-1.562257135251937,87.87594330694014,1.2888631663992105
0.0035,0.00025,0.00225,0.28138891168870567,89.43345319325584,-2.0920217545044704
0.004,0.0005,0.00125,0.30663282858881985,89.25036481773961,-1.6820688575095755
0.0015,0.00275,0.00175,0.4356590936307729,87.15353358528478,0.24658907651711007
0.0025,0.0035,0.00275,-1.5132739415494472,89.07175307254411,0.6789470516448088
0.0025,0.005,0.00275,-1.5831005876651292,89.13946023901036,1.4053764756725236
0.00075,0.00225,0.00125,-1.4709981470618294,87.68897628801614,-0.10996049811232797
0.0015,0.002,0.00125,1.5978517493756752,87.56690497990814,-0.2595298368785997
0.00075,0.001,0.00075,1.0407027006171368,87.56690497990814,-1.1143861090011704
0.00325,0.00475,0.00375,-1.5561224177259703,89.33260530890114,1.3127377446695248
0.00225,0.00425,0.00025,0.5429558704389629,87.11240421561226,0.8740637346527348
0.00325,0.0025,0.005,0.25774688272029467,88.14750009255188,0.1337096154425064
0.00175,0.00375,0.00325,-1.644493685513058,89.66955200490331,0.7959193341626783
0.00325,0.005,0.00225,0.36385777621985427,87.38965000416745,1.4345911534204094
0.00375,0.00325,0.00275,0.9738988413405372,88.03289823233735,0.5667467131270034
0.001,0.00125,0.00325,1.0608005863032628,87.64254897711446,-0.828007728979832
0.00025,0.00225,0.00175,1.5991754004490897,83.91217922531212,-0.11548422713248974
0.00275,0.003,0.00275,-1.0910481584313578,88.05418464556914,0.4174171115969042
0.002,0.00475,0.00025,0.9365124518383884,86.76908145555981,1.0980828335780666
0.00375,0.00325,0.005,0.45602711218902453,88.03391175436745,0.5879807674940454
0.001,0.0005,0.00325,1.1367619499449113,88.50340914246036,-1.6650187512357273
0.00275,0.00225,0.00425,0.6180798221770231,88.08865927549421,-0.03721836489647488
0.005,0.003,0.005,0.5298274128536707,88.3618907001594,0.44474230222609273
0.00075,0.00475,0.00475,0.7269703829307527,84.8261976290068,1.3127377446695248
0.00475,0.0025,0.00325,-0.1440946738672151,88.46979073508317,0.12252080821077074
0.004,0.00225,0.00175,0.9066627694685369,88.41277053622721,-0.06645430515262749
0.004,0.002,0.00425,0.0999946880565317,88.50544703222802,-0.2111883182483564
0.00325,0.00475,0.00075,0.7416926244615845,87.45406480626535,1.239996657657967
0.00125,0.00125,0.00175,0.5488717803385079,87.8890965106336,-0.8437263497008284
0.00275,0.00275,0.00375,0.6511710990123789,87.8890965106336,0.2819546495617325
0.00375,0.004,0.00175,0.28218580366147544,87.82132798980062,0.944421404942089
0.00325,0.00225,0.005,-1.3081593504159459,88.89247535467389,-0.039694848020190944
0.0025,0.00175,0.00475,0.7528220987931487,88.2307559046808,-0.3969621179911875
0.00475,0.00125,0.00075,0.565025726091604,88.9129459602121,-0.8738095155293976
0.00375,0.00275,0.00175,0.30937197591217086,88.19013349439642,0.25394252422760205
0.00375,0.0005,0.00175,0.16742525559646212,89.2267346921233,-1.6746446462664597
0.002,0.0015,0.00275,-0.9924901800364232,88.33849580893177,-0.6134704143588144
0.004,0.0005,0.00075,0.12107855872591551,89.2513923564525,-1.695824893375146
0.00375,0.001,0.00225,0.20561664105754424,88.90680428362228,-1.073274156616041
0.003,0.00075,0.00175,0.45421722194578484,88.94058875558919,-1.352133276034669
0.0015,0.00475,0.00025,0.8483410823766733,86.28493971319939,1.0913034469298368
0.00475,0.0015,0.00425,0.48595783442051366,88.80961758716278,-0.5987605685309124
0.00375,0.0045,0.00225,0.2584330202154932,87.69099542455844,1.2035790460974045
0.00425,0.0035,0.00025,0.20846384152974554,88.08358863059772,0.5129412690190371
0.0045,0.00425,0.00375,0.7868858539681559,87.94780402521813,1.1077866464410242
0.00225,0.0005,0.00275,0.7173266393958776,89.00102329450668,-1.6668492946578364
0.005,0.002,0.005,0.20887174216665494,88.66148478246615,-0.20650999308633158
0.00175,0.00075,0.005,-0.6977482032604516,88.66250554140797,-1.3329910564440963
0.00175,0.004,0.00175,-1.6780657988607965,89.99429932630875,0.8864717196594087
0.002,0.00025,0.00075,0.551140896464361,89.25036481773961,-2.110396671910118
0.00175,0.00175,0.00375,0.544225494937952,87.8890965106336,-0.4044519780068171
0.00125,0.00075,0.00225,-1.0494558001102174,88.57782252836392,-1.3490925406076084
0.00475,0.0035,0.005,0.5161586895241279,88.18607228217536,0.7290219745655935
0.00325,0.00175,0.005,0.22348593054863639,88.44840385231667,-0.39477367431959853
0.002,0.00475,0.00325,-1.5415784638907413,88.53704032478937,1.3020544127535076
0.003,0.00475,0.005,0.3956254019817957,87.35243184229822,1.3547018323868156
0.00025,0.00025,0.00475,0.9728183098520355,87.8890965106336,-2.0860188958009847
0.00125,0.00075,0.00125,1.0796018342031872,88.36087340215387,-1.3624325858152373
0.00475,0.00175,0.00475,0.6147842011370939,88.71457983357132,-0.3950864171204113
0.00025,0.0015,0.00025,-1.4588637784459586,86.20054268857074,-0.7710520440909265
0.00175,0.00125,0.00025,0.6976879795923644,88.21348909448406,-0.9447900322589013
0.00125,0.00075,0.00475,1.2678844460745577,88.3618907001594,-1.334014484530507
0.00325,0.0025,0.00325,1.2753941399196422,88.14648526279522,0.12103188494513406
0.004,0.0015,0.00325,0.2662425615486373,88.70334553715612,-0.6056936084514043
0.0035,0.00275,0.00275,0.8495566803012373,88.12720571714809,0.272591462480931
0.00425,0.005,0.005,0.24244385551439376,87.7132089952887,1.474542120691424
0.00425,0.005,0.00125,0.6791028379901402,87.71219916546424,1.3991406552270995
0.004,0.00075,0.00125,0.8764078877904974,89.08200842742012,-1.3610225330234111
0.00475,0.0035,0.00225,0.10965193823501307,88.18708756769699,0.6973192884489703
0.00425,0.00225,0.00275,0.7204601807125317,88.46062429502817,-0.04887576015689352
0.00425,0.00425,0.00225,0.7901274484336598,87.89010837707565,1.083568944770024
0.00475,0.001,0.00025,-0.8766166845382536,89.13022441385438,-1.1719382536287468
0.00125,0.002,0.00125,0.9003416602608034,87.33835342839707,-0.26117102109396734
0.005,0.0025,0.00025,-0.003920025192648787,88.50544703222802,-0.0460537906063025
0.0005,0.004,0.00425,1.682727497797461,84.23256000178019,0.9309026865731062
0.001,0.00475,0.00475,-1.5614143206909061,87.41178723914878,1.2979913612888767
0.0005,0.00025,0.00125,0.6808046750845299,88.50340914246036,-2.1014835577660436
0.0015,0.00475,0.00425,-1.6350498403035556,88.92113552230728,1.29342489926913
0.00225,0.0035,0.00275,-0.49592653183815866,87.39468070159575,0.7008288456349302
0.00325,0.005,0.00275,-1.6600047150304957,90.31606344867576,1.3923948978985505
0.00375,0.005,0.00325,-1.1008215657448532,87.83649550548223,1.4503195261179238
0.003,0.003,0.00025,0.8232187252690156,87.8890965106336,0.2431114747339004
0.004,0.00025,0.00275,0.46810205157302787,89.46949787873831,-2.089554257003382
0.00075,0.00125,0.00375,-1.4994944637423329,88.75953124929299,-0.8390221591651433
0.0035,0.003,0.00125,0.35861719850062274,88.04506126686046,0.3846623899155188
0.00225,0.001,0.00425,0.44705870083446303,88.589040927265,-1.0603277054933493
0.00125,0.00125,0.00375,0.5281796023337062,87.8890965106336,-0.8235343436239343
0.001,0.005,0.00175,-1.5700936898722935,87.37254779888416,1.3598465595136155
0.00325,0.0035,0.00325,-1.164208244189067,88.16272394102414,0.7056597677434813
0.002,0.00125,0.00325,-0.5883470913784055,88.35782157840883,-0.8253773862204571
0.00125,0.0045,0.00275,-1.5829439105992966,88.1576490327455,1.1625428529063893
0.00125,0.0005,0.00075,0.7235937220291858,88.66046403527608,-1.69663951761986
0.00325,0.005,0.00025,0.5369859339649925,87.38864389943215,1.2145220138122643
0.001,0.0045,0.00125,1.692992546938224,85.60024348406553,1.1394787955828414
0.00125,0.00225,0.005,-1.5112911662680468,88.73194472671176,-0.05627107590990107
0.003,0.0025,0.00025,0.6752129246315353,88.07142027369031,-0.04817051141897866
0.00125,0.0015,0.00025,0.7085743343390163,87.68998585047578,-0.7404063948026894
0.0025,0.004,0.00425,0.5652148191020919,87.33835342839707,0.9810068534047163
0.0025,0.004,0.00475,-1.5232418445308726,88.9713130522564,0.959859777677643
0.00175,0.00125,0.005,0.8620908455678536,88.21348909448406,-0.8164115352596069
0.00275,0.00075,0.00425,0.7425840629395981,88.8934987730083,-1.3346282586583904
0.0035,0.002,0.00075,0.4792585391918048,88.40055670430016,-0.2827463438542318
0.005,0.003,0.00475,-0.07828760488875822,88.36494266444944,0.4431050246411707
0.00225,0.0045,0.00225,-1.552710639551027,88.88326511985908,1.1674662214325677
0.005,0.00325,0.00175,0.21945554809652632,88.2957906848896,0.5477402931926194
0.00425,0.002,0.00225,1.5998507326294025,88.5482535586162,-0.23048982092754347
0.00425,0.00175,0.00325,-0.503771190444679,88.66250554140797,-0.405075199349471
0.00175,0.00325,0.00325,-1.6349174751962143,89.7666462675191,0.5292512063700637
0.00175,0.0025,0.00275,-1.472454163242585,88.7973489325767,0.09508641530411806
0.00375,0.0015,0.00275,0.476692276906614,88.66046403527608,-0.610305003883869
0.002,0.0025,0.00225,-1.4873979137285596,89.04304435937414,0.08734346054923377
0.005,0.00025,0.00475,-0.8452866740291551,89.61588540968057,-2.0841283710609058
0.002,0.005,0.00175,-1.5619626904213204,88.61658302143987,1.3789336342247525
0.00425,0.00075,0.00375,0.43560506705634794,89.10970378386277,-1.3362639536479362
0.003,0.00175,0.00225,0.1368921370601338,88.38630936624526,-0.41719937704393006
0.001,0.00425,0.005,-1.6652642020507762,88.71968680228673,1.0479816189794853
0.00125,0.00475,0.00425,-1.5802182699195517,88.02985773625772,1.2979913612888767
0.0005,0.00075,0.00425,-1.3439141373704575,88.18099602989685,-1.343809477102959
0.0025,0.0025,0.005,0.36177775310448906,87.8890965106336,0.13221554072697822
0.003,0.0025,0.00225,0.8739766919413691,88.07142027369031,0.10729180139931888
0.003,0.0045,0.00275,-1.1298284335536735,87.73340803344878,1.2040758526568005
0.00025,0.0045,0.00225,1.5386656370930105,81.7306588721058,1.0744027093216901
0.00075,0.004,0.00075,-1.5228933731258307,86.86403513975081,0.8320731251592574
0.00275,0.00225,0.00325,0.6638673440022704,88.08865927549421,-0.0449948817565793
0.0025,0.00125,0.00475,0.6430941261358307,88.50340914246036,-0.8164115352596069
0.005,0.005,0.00475,0.9750333994034632,87.8890965106336,1.4740141773445927
0.00375,0.0025,0.00125,0.4011090992859404,88.27342957401449,0.0810890510642922
0.00125,0.001,0.00075,1.5142726387400915,88.10995917178316,-1.1123158253627756
0.0045,0.00125,0.00275,0.2990691081693099,88.88428843215614,-0.8274819026635822
0.0025,0.0045,0.00425,-1.5527025355648634,89.03176846812927,1.1981179472785046
0.0025,0.00275,0.00475,0.38892610675308725,87.787968673935,0.28860257763069236
0.00125,0.00225,0.00325,-1.5097730195267025,88.72172967208887,-0.06855693865525575
0.00375,0.004,0.00325,0.33490493498545915,87.82132798980062,0.974886440617323
0.00425,0.0005,0.00175,0.1581867113697751,89.27400120137754,-1.6746446462664597
0.002,0.0045,0.005,0.7595484073090703,86.85403512378748,1.2299887702071732
0.00025,0.002,0.00325,1.5983650018327136,84.23256000178019,-0.2601864239359176
0.00325,0.00275,0.00025,0.19745862831935881,88.05722598188488,0.10136824721976323
0.00425,0.003,0.00125,0.46467136409703563,88.22364563237969,0.38546747599535164
0.0015,0.00425,0.005,-1.6141064387276771,88.88940517036487,1.0662183194037853
0.00025,0.0015,0.00125,-1.4283117506085812,86.04883601702753,-0.671734543804958
0.00175,0.00325,0.00175,-1.490536857702656,88.55640952975298,0.5196236674291204
0.00025,0.004,0.005,1.5368557468497706,82.13532879500775,0.880492689916335
0.0025,0.00325,0.00225,-0.8779025170095701,87.70109180468438,0.5536428531013872
0.00325,0.00475,0.00275,0.4155612079446467,87.45507166419101,1.3306007965339066
0.00225,0.003,0.00325,0.7717584131291361,87.56690497990814,0.42595905562842695
0.00025,0.0035,0.00075,-1.5314160652413857,84.26650855262159,0.5242249619775272
0.00375,0.00025,0.00225,0.31749487137698035,89.4530185060238,-2.0920217545044704
0.0005,0.0045,0.00075,1.690723430812371,83.91217922531212,1.0633335335479615
0.0015,0.00325,0.00025,0.6724575693358567,86.9110506394444,0.37180619213738386
0.003,0.001,0.00475,0.4127788393617557,88.77690494117356,-1.0579649850175372
0.00375,0.002,0.00225,0.5293681869710577,88.45553223872022,-0.23082147651723142
0.0005,0.00225,0.00425,-1.5864286246497137,87.74350929678783,-0.08079339483221519
0.00225,0.00475,0.00375,-1.549482551729129,88.77792702894672,1.3091737637295826
0.00175,0.00025,0.00175,0.6563846634443982,89.1990029623948,-2.095536418331096
0.0025,0.0015,0.00075,0.4281493997856883,88.3618907001594,-0.661884103143604
0.00175,0.0025,0.00425,0.4569455639542509,87.48326839292744,0.12512807439990428
0.0045,0.0025,0.00075,0.6667037391595868,88.4229500185674,0.051092053615664795
0.0015,0.0025,0.00275,-1.4777244555777507,88.62882670056725,0.09361012313467015
0.001,0.004,0.00275,0.8075780319729576,85.84203408875207,0.9439544904849627
0.00475,0.002,0.00475,0.21137587389125678,88.62678596991046,-0.2078474269527404
0.0005,0.0025,0.00125,-1.5620518342691219,87.30517757253277,0.03475023745699165
0.001,0.00125,0.00275,0.5268289379730792,87.64254897711446,-0.8319475694233521
0.003,0.00175,0.005,0.9681179978770542,88.38427421969216,-0.3950864171204113
0.00475,0.0015,0.00075,0.3794444429414874,88.80961758716278,-0.6604736543251752
0.003,0.00275,0.00275,0.687206824153901,87.97818536696447,0.27181236407163595
0.002,0.00475,0.00075,0.5125389090376482,86.77008042727786,1.2319885046009627
0.00225,0.00375,0.005,-1.6495964954675058,90.08448498130656,0.8135027113679763
0.00175,0.00175,0.00225,0.6017637967006518,87.8890965106336,-0.4196796662504248
0.003,0.00075,0.00225,0.5559492615881922,88.94058875558919,-1.3462497792476045
0.0025,0.0015,0.00375,0.4773676090869275,88.3618907001594,-0.6030959631478845
0.00375,0.00425,0.00375,-1.3955905558080373,88.70130309065947,1.0913034469298368
0.00375,0.003,0.005,-1.393340348983233,89.04714503752662,0.430441656127952
0.0035,0.001,0.00425,0.2995094247508743,88.86791684907733,-1.0596191749478308
0.0005,0.0005,0.00075,1.0917578134488282,87.8890965106336,-1.698430041160426
0.001,0.00175,0.00025,0.6194845131120751,87.21877848378011,-0.5532258395113856
0.003,0.001,0.00425,0.62145648307859,88.77690494117356,-1.0598553789877285
0.00275,0.0005,0.00375,0.4512997869268309,89.09636790795251,-1.6620183115310634
0.005,0.00025,0.00125,-1.0984227858403801,89.79041937918545,-2.1007857053602588
0.001,0.00275,0.00175,-1.605462186819666,88.85257122861918,0.21235731660445306
0.00075,0.0025,0.00175,-1.4830838917607176,87.56992948588983,0.0660551537031368
0.004,0.00475,0.00175,0.5569757665022684,87.70311122019997,1.3071384923937082
0.00475,0.0005,0.00225,0.11392814160075732,89.31306633310764,-1.6698397333540045
0.004,0.0025,0.00225,0.4235301276723446,88.32832604918204,0.1087743956654508
0.00475,0.003,0.005,0.4791504860429545,88.31917426641908,0.44474230222609273
0.005,0.005,0.00025,0.13105456569350465,87.89010837707565,1.2195052600207177
0.0025,0.00375,0.00425,-1.512336580483172,88.97950799040699,0.8288963580852863
0.00325,0.0025,0.00475,0.3311473867341955,88.14648526279522,0.13258899490394543
0.004,0.004,0.00325,0.6440125779010571,87.8890965106336,0.9753569164518335
0.00325,0.002,0.00175,0.3234161839339681,88.34154696517685,-0.2407534097555042
0.00425,0.0035,0.00375,0.6752129246315353,88.08257453664469,0.7184251998641566
0.00375,0.00425,0.00475,0.9733045490218613,87.75462202975163,1.1150791833194782
0.00075,0.0025,0.00125,-1.4911419553362169,87.61833579122934,0.048908250003408406
0.00425,0.00075,0.00075,0.38147043948242726,89.10970378386277,-1.3778683973820527
0.004,0.0045,0.00325,0.9186566689909026,87.76270490135695,1.222497962752233
0.005,0.004,0.00425,0.15693059351439237,88.11097358101519,0.9876083196000794
0.00275,0.0045,0.00225,0.7447451259166009,87.30819303861404,1.2001030012358855
0.002,0.004,0.00425,-1.6526598022374073,89.86901879155891,0.9341616941696201
0.00075,0.00225,0.00425,-1.5915503439052103,88.56966458510794,-0.07380717234011773
0.0005,0.00325,0.00075,-1.6382049922499797,87.43694999496782,0.4239233858397155
0.0035,0.0045,0.00225,0.4995995444628438,87.61026621589808,1.2030822967316837
0.00225,0.002,0.00275,-1.2404802606336602,88.4972957546946,-0.23148467315781326
0.00075,0.00275,0.00325,-1.57034491344337,88.01263024194928,0.2369379617614433
0.00425,0.0025,0.005,0.44487062457024756,88.37816906119109,0.13520437836332058
0.004,0.00425,0.00425,-1.462267452634738,89.08303402784719,1.0913034469298368
0.00125,0.00375,0.00225,-1.6144738194337676,88.79530432159667,0.7802064590329403
0.0015,0.00275,0.00475,-1.4716734792421426,88.4646981511278,0.2675305280128067
0.0015,0.0005,0.00325,0.37803975200643536,88.77792702894672,-1.6645191096501486
0.003,0.00325,0.00275,1.001263301286835,87.80414130488471,0.5650532633696316
0.0015,0.00075,0.00125,1.4827751458502747,88.50340914246036,-1.3622312192690127
0.00075,0.002,0.00075,1.5955826332498222,86.58247576500929,-0.2947700782309727
0.003,0.00125,0.00025,0.6649478754907717,88.63290830285233,-0.9435424840663282
0.001,0.003,0.00375,-1.5888571191701206,88.54519526310155,0.3923181974803598
0.005,0.00475,0.00225,0.3971921726401229,87.94375397242449,1.3239575447342065
0.004,0.00125,0.00425,0.31134934853612845,88.81677508512696,-0.8177322448495212
0.0045,0.00025,0.005,-0.6215032001030713,89.5344149251329,-2.08365519548849
0.00475,0.00325,0.00275,0.4132110519571564,88.25107412614175,0.5684409429264219
0.00275,0.00325,0.00475,-1.5165533546170487,89.2935316309113,0.5616687025445702
0.00225,0.00325,0.00125,0.47255924396309595,87.46916889236526,0.5229694855067891
0.00025,0.00475,0.00225,1.428586491701929,81.53986723708145,1.182270382161778
0.0045,0.003,0.00025,1.6358054179092874,88.27342957401449,0.2454294755259662
0.00125,0.004,0.00275,-1.5880007979654833,88.4219320175945,0.9202129923144754
0.0035,0.00425,0.00125,0.5347168178391395,87.67686244505279,1.0465452746046968
0.0015,0.00275,0.00225,-1.6283964676631082,89.71292156206415,0.22500909341926767
0.005,0.0005,0.00425,0.39346433900479294,89.32951992330462,-1.660014561225472
0.001,0.00225,0.00025,0.6920962291393699,86.85403512378748,-0.21352465463469303
0.00475,0.00075,0.00475,-0.029236877968236513,89.15998772146784,-1.332376716748929
0.0025,0.00275,0.00325,0.4483013120462394,87.787968673935,0.27648964657421066
0.00175,0.00375,0.005,0.5939029301218042,86.92806251178723,0.8525564437764636
0.001,0.00375,0.00375,-1.5382909468369759,87.7132089952887,0.8071816442216593
0.004,0.0005,0.00375,0.13636267663076782,89.2513923564525,-1.6618514380516805
0.00075,0.0035,0.00375,-1.6182961995743415,87.97818536696447,0.6589267479931029
0.003,0.00275,0.00225,0.38819674799834875,87.97818536696447,0.26364265255067204
0.004,0.0025,0.005,0.3551054711629929,88.32832604918204,0.13483062309653737
0.00475,0.00425,0.00425,0.4688584236149786,88.00249799669982,1.1131332752628667
0.001,0.001,0.00475,-1.3602760854350902,88.70334553715612,-1.0671642322933388
0.00075,0.0025,0.00275,-1.471354722453035,87.50240706472144,0.08476663289416879
0.002,0.00425,0.00475,-1.5482588498184013,88.7585093733078,1.0787421109726016
0.00075,0.0025,0.00475,-1.4596957876921046,87.43896332832345,0.10284811296016723
0.00375,0.00125,0.005,0.6109213010657013,88.77690494117356,-0.8145612641285604
0.0045,0.0025,0.00275,0.4131570253827311,88.4229500185674,0.11656922698575109
0.00325,0.00325,0.00175,0.4264475626912985,87.89010837707565,0.5452135355962386
0.0035,0.0025,0.00075,0.3878725885517983,88.21348909448406,0.04999996324477694
0.0005,0.00075,0.00025,0.6570329823374991,87.42185147239393,-1.4357552863743488
0.00025,0.00225,0.00075,1.6094134363026402,83.91217922531212,-0.1596495106468171
0.00125,0.00375,0.00275,-1.6094061267526962,88.74318264522002,0.7900757310215974
0.00125,0.00475,0.00275,0.693122734053446,85.94289918093043,1.3096827280299572
0.001,0.00325,0.00025,-0.6196987125172738,86.2730198316586,0.36379508734717186
0.005,0.00175,0.00175,0.31291611919445567,88.74726951391219,-0.42494270189940647
0.00275,0.00225,0.00275,0.5523024678144998,88.08865927549421,-0.050638171711090335
0.00375,0.002,0.00375,0.31433701810183495,88.45553223872022,-0.2148588588737735
0.00075,0.00325,0.00175,-1.6125531747129564,88.07446220531389,0.4925528299833416
0.0005,0.0035,0.00025,-1.5229473997002558,86.21344511958655,0.4533503906900043
0.005,0.002,0.00275,0.16502107303454652,88.66148478246615,-0.22351622592873951
0.0025,0.00125,0.00225,0.17743097717998527,88.5044280814787,-0.8337838344923446
0.0015,0.00175,0.00225,0.46294251371543355,87.72229798690167,-0.42029938169191977
0.00375,0.0045,0.00375,-1.490120853079583,89.10662609687922,1.204572716416459
0.00375,0.0005,0.00125,0.5271801107068422,89.22570743729062,-1.6820688575095755
0.00175,0.0035,0.00225,-1.6526408929363587,89.86798414219989,0.6472249860148647
0.00275,0.00025,0.00275,0.5053263613519013,89.36037857523917,-2.0896718922104394
0.00025,0.0045,0.00025,1.292250431140264,81.7306588721058,0.8722287927591145
0.0005,0.00025,0.00225,0.9469936072768518,88.50340914246036,-2.09284292884952
0.0035,0.00175,0.005,0.37523037013633176,88.50340914246036,-0.3944608955108552
0.00025,0.00125,0.00075,1.2407901190003845,85.37387620225034,-0.8945789137612065
0.00425,0.00475,0.00425,-1.4266207188290765,88.8505253461135,1.3341820525821548
0.00425,0.001,0.005,0.5766954661674193,88.97233737824862,-1.0565460464931373
0.00475,0.0015,0.005,0.6777791869167261,88.80961758716278,-0.5952868581892817
0.0045,0.004,0.005,-1.233243400989422,88.48201413270576,0.9852494315443117
0.00175,0.00225,0.00225,-1.4749636976246294,88.93854084642838,-0.07590472841591642
0.0005,0.00275,0.00475,-1.4968282522944556,86.62235765105024,0.24465663067531584
0.00325,0.00175,0.00325,0.5886893656897849,88.44738555829746,-0.4056982772066163
0.00025,0.00275,0.00375,-1.4973334007653298,84.79397602651967,0.20662237983392556
0.00325,0.00425,0.00425,0.2901006968147484,87.59009552892516,1.1097300917170396
0.0015,0.0025,0.00375,-1.48009352086629,88.6431131309485,0.10358830143337565
0.003,0.001,0.00175,0.23451275438879346,88.77792702894672,-1.0803013805230832
0.0035,0.00425,0.00425,-1.5484884627597078,89.49422263028288,1.0806721776654395
0.00075,0.00325,0.00475,-1.6141982839041997,88.09170180254206,0.532186390649927
0.0015,0.00025,0.00325,0.7866967609576679,89.13432910688908,-2.088023766236801
0.002,0.0045,0.00025,0.5139706132599124,86.85403512378748,0.9866646014284156
0.0005,0.00475,0.00475,1.3140771672079932,83.75967817321579,1.2858246360392365
0.0025,0.00075,0.005,0.19123476694559063,88.84029664017812,-1.3321718896937016
0.00275,0.00425,0.005,-1.5532076840357378,89.23906267264233,1.0840519338605228
0.001,0.003,0.00175,-1.5891785772879496,88.54723411504132,0.36099555575506387
0.00325,0.00125,0.005,0.9637148320614111,88.68700728192067,-0.8148256798790411
0.00075,0.0015,0.00275,-1.5021687791763738,88.52379015187779,-0.6315225597411543
0.00325,0.003,0.00075,0.750607009241721,87.9710954486235,0.3502184719505588
0.0005,0.0015,0.00325,-1.4985760119771065,87.85267707622798,-0.6312370392242127
0.00475,0.00075,0.00375,0.2637870537410177,89.15793476051732,-1.3362639536479362
0.0045,0.00225,0.00325,0.5416862459399738,88.50340914246036,-0.04322922072837998
0.0015,0.00025,0.00375,0.8520959292992158,89.13432910688908,-2.086490983099779
0.0015,0.0035,0.00175,-1.646965401293005,89.56946908902671,0.6342656189358308
0.0045,0.005,0.00475,-1.5545718550399708,89.64065061518335,1.4398279094930144
0.004,0.0015,0.00025,0.17149075532194888,88.70436677804057,-0.736308331770078
0.00425,0.004,0.00475,-1.3830942091435185,88.8484795107155,0.9762980306329933
0.00375,0.00375,0.00175,0.409618284757889,87.89010837707565,0.8162148605860062
0.00325,0.0005,0.00175,0.09085339166380997,89.17025323531792,-1.6748100469580984
0.00425,0.003,0.00275,0.3675585965679716,88.22364563237969,0.4235163924821593
0.0035,0.0045,0.00125,0.4148858757643335,87.61026621589808,1.166481094216135
0.00375,0.0025,0.00375,0.3619398328277643,88.27342957401449,0.12624611758274773
0.0045,0.00075,0.00025,-0.9291764374676832,89.26372374378903,-1.4316992044194845
0.00475,0.00325,0.00425,0.19812855784222966,88.25209016002907,0.5841496113741342
0.0025,0.0045,0.005,-1.548647841154262,88.99999863825754,1.204572716416459
0.004,0.00175,0.00225,0.7787278412299701,88.6002607469785,-0.4162686794784374
0.00275,0.004,0.005,-1.5381207631275369,89.20002990977909,0.9607973230998942
0.00425,0.00075,0.00325,0.2237695700643682,89.11072970314635,-1.3387146731207853
0.00025,0.0015,0.00475,-1.416398890947853,85.99436620333978,-0.6315225597411543
0.002,0.004,0.00075,0.44773403301477616,87.0302036962456,0.8772769170031487
0.0035,0.00375,0.00125,0.31450720181127384,87.81627273328705,0.7954695156541187
0.00025,0.005,0.00325,1.4665401602355412,81.35607724606547,1.305104158119121
0.00425,0.00225,0.00175,0.39584150827949627,88.46062429502817,-0.06610372500364792
0.00325,0.001,0.00025,0.4124276666279926,88.82495578914929,-1.1719382536287468
0.00075,0.00425,0.00225,-1.5855560954727486,87.22580777009388,1.0183977525832715
0.00375,0.00125,0.00475,0.20115404601003348,88.77792702894672,-0.8156187445030837
0.00125,0.00225,0.00225,-1.5089599195816052,88.71662258577982,-0.08114228386780677
0.001,0.0045,0.00075,-1.6094439453547935,87.96501883051509,1.0662183194037853
0.00075,0.00325,0.00275,-1.5911343392821373,87.86582679744983,0.5154457260219724
0.0015,0.00275,0.00125,0.46669736063797584,87.15453698319692,0.22923704529347513
0.00275,0.005,0.00125,0.3523231025801019,87.16657865924599,1.3929134439376318
0.0015,0.00425,0.00125,1.0156613833711163,86.47986440514022,1.0331632895536165
0.0005,0.00075,0.00175,-1.392762264636885,88.35680432725053,-1.3626339291796232
0.00475,0.00275,0.00275,0.3582119991924347,88.39037979993715,0.2737604465103134
0.0015,0.00375,0.00325,-1.6293365300581044,89.25858545869126,0.7968191265564808
0.00475,0.0025,0.00125,0.36401985594312947,88.4646981511278,0.08219188108025638
0.0045,0.00475,0.00175,0.3233864693180341,87.83245057851741,1.3086648580225153
0.004,0.00275,0.005,0.25182016750586467,88.24802609466377,0.2929111166976337
0.00175,0.003,0.00225,-1.508924802308229,88.78303764432472,0.38828673757419657
0.00475,0.002,0.005,0.1464062168163886,88.62780632936513,-0.20650999308633158
0.00275,0.005,0.005,-1.5673788545074336,89.13740775071719,1.435114557762599
0.005,0.0045,0.00325,0.5423885914074996,87.9964192094551,1.2244942467072566
0.00025,0.00075,0.00075,-1.4506301285035779,87.58102023493593,-1.3945521330143587
0.00025,0.004,0.00125,-1.038572146692287,82.39958036911386,0.801771689857776
0.001,0.001,0.00375,0.928273399238565,87.8890965106336,-1.0650449937214543
0.0025,0.00325,0.00075,-1.1810375221224765,87.9761596177055,0.4842640156324289
0.00175,0.0045,0.00175,-1.5316834967847899,88.33646176331382,1.1517313736864914
0.00175,0.003,0.00375,-1.6252116011007505,89.76974675118548,0.3939320814808945
0.00475,0.001,0.00325,0.7392884418996688,89.02766849807772,-1.0648093871924358
0.00275,0.003,0.00075,0.8148716195203424,87.79605461702128,0.34902308481463756
0.00325,0.0035,0.00075,1.1565356761844872,87.81020680958352,0.6265114563327712
0.0025,0.00075,0.00175,0.311003578459808,88.84029664017812,-1.3523358050826515
0.00075,0.00125,0.00075,-1.4772328137504824,88.65944329983783,-0.8971296311625627
0.00125,0.005,0.00175,-1.5700936898722935,87.8405406187271,1.3670591355349528
0.00425,0.00075,0.005,1.3676445157504504,89.10970378386277,-1.3317621648316935
0.00075,0.0035,0.00175,-1.6013615698208028,87.80717400486039,0.6278027011098998
0.00275,0.00475,0.005,-1.5795375350817957,89.31306633310764,1.3188541125867423
0.0015,0.0005,0.00375,0.4596198793882916,88.77690494117356,-1.6625188167125542
0.0025,0.00075,0.00025,0.6495232884924141,88.83927383435237,-1.4316992044194845
0.005,0.00325,0.00425,0.36599182590964474,88.2957906848896,0.5845750993790555
0.0035,0.00325,0.00375,-0.8786183691207022,88.06939237764304,0.5769238051353992
0.00475,0.00075,0.00125,0.35529456417348076,89.15793476051732,-1.3608210041295141
0.00325,0.0035,0.00125,0.2647190121498504,87.81121776776916,0.6628354255925687
0.005,0.004,0.00075,0.9802469638354829,88.10995917178316,0.8869320157869828
0.00075,0.00175,0.005,-1.4543363515091376,88.015670143002,-0.4162686794784374
0.00025,0.001,0.00225,1.5185137248324592,85.84203408875207,-1.0884691911354896
0.00425,0.00075,0.00225,-0.026719239600028342,89.11175563424123,-1.3460465494796678
0.00275,0.0045,0.00325,1.6959640085316032,87.30919821711919,1.218009683708666
0.00025,0.00225,0.00425,1.2894140359829482,83.91217922531212,-0.08532582074522059
0.0045,0.00475,0.005,1.7032305827917746,87.83143937588142,1.3593318202211528
0.005,0.00225,0.00325,-0.9320425472409333,88.71049447025992,-0.044288739310513685
0.00175,0.00275,0.00475,-1.6318946883571317,89.9580432134285,0.25161864486043406
0.001,0.0025,0.005,-1.4729944289868357,88.00756397350982,0.10803301318741261
0.00475,0.00025,0.00425,-0.7628691347437103,89.5766878262545,-2.085192219718422
0.0015,0.0025,0.00175,0.721027459743995,87.28407222592651,0.09139695922234004
0.003,0.0035,0.00475,-1.5253110623313526,89.36758046108343,0.6995123828762457
0.005,0.0025,0.00175,0.09573199133439378,88.50544703222802,0.09878012147526298
0.004,0.005,0.00125,0.5504115377096226,87.64355800505678,1.3981021891419791
0.00225,0.00275,0.00175,0.36199385940218964,87.66878747946579,0.25045730701788727
0.00075,0.003,0.005,-1.5911991711714473,88.02884426090091,0.3955467088736524
0.00475,0.0025,0.00225,1.0421614181266132,88.4646981511278,0.10914515092549978
0.004,0.0035,0.00175,1.052021267959189,88.02479047615252,0.6837502446177333
0.001,0.0025,0.00325,-1.4723596167373412,88.0035111687323,0.09508641530411806
0.004,0.0005,0.00025,-0.9555954323615427,89.39433540485707,-1.7397821814379186
0.001,0.00475,0.00325,-1.562257135251937,87.41782564005283,1.2822823357648203
0.003,0.001,0.00325,0.5116744838468471,88.77690494117356,-1.06528057312683
0.00175,0.00275,0.00275,-1.6331643128561206,89.9715080642365,0.23347035492997306
0.00075,0.00325,0.005,0.5791806885909725,85.67912054055762,0.5633605932951498
0.00175,0.00125,0.00175,0.27471933107593083,88.21450469565528,-0.8424206078281492
0.0025,0.0045,0.00025,0.5850965984905179,87.17962568578388,0.9904407782601706
0.00325,0.00475,0.00475,-1.5614143206909061,89.37581189849195,1.32140509421758
0.003,0.0005,0.00325,0.5701042240875607,89.13432910688908,-1.6640192954646806
0.0005,0.00125,0.00225,-1.5037841737516835,88.19216417064271,-0.8549247559900466
0.001,0.00325,0.00175,-1.5755665818615532,88.28257661663473,0.5033568612192498
0.002,0.00175,0.00325,0.2785849324760443,88.02479047615252,-0.4075666501953819
0.003,0.001,0.00225,0.3106226911101113,88.77792702894672,-1.073743393689626
0.005,0.00475,0.00125,0.35688834811902026,87.94274148836827,1.286837246285683
0.0045,0.001,0.00425,0.2541514141923063,89.00204796255258,-1.0593829437123805
0.005,0.00175,0.00475,0.7276727283982785,88.74726951391219,-0.3950864171204113
0.0045,0.00025,0.00375,-0.6516932498918004,89.53956908870818,-2.0863729816559435
0.00425,0.004,0.00225,0.1572547529609428,87.9538794541289,0.9589224481083504
0.0045,0.002,0.00175,0.362831271305778,88.589040927265,-0.2397617593863523
0.0015,0.003,0.00225,1.2040790616785497,87.0302036962456,0.4060599307751673
0.00175,0.005,0.00075,-1.5735973132237593,88.49322039745442,1.3091737637295826
0.0025,0.001,0.00075,0.32100930004333117,88.66148478246615,-1.1107041210324502
0.00025,0.002,0.00025,-1.4727405040870378,85.55098220281153,-0.4187498254944431
0.00225,0.005,0.00075,1.4106226557055934,86.87303613852735,1.3459693782837636
0.001,0.00425,0.00025,0.9537199157927734,85.71957319771545,0.8557522863121191
0.00475,0.005,0.00375,0.3176866657161892,87.83548425627755,1.4634680645341334
0.00375,0.004,0.00075,0.666865818882862,87.8203169152174,0.8846310649930247
0.0015,0.003,0.00475,-1.626167871468074,89.56534435751668,0.39999077011591067
0.00425,0.003,0.005,0.39705710620406,88.22364563237969,0.4439235691843584
0.00125,0.0015,0.00475,0.5387417976338073,87.68998585047578,-0.6007846844140597
0.00075,0.00025,0.005,0.821462861600201,88.77690494117356,-2.0842466309102066
0.00025,0.002,0.00375,1.50541228053438,84.23256000178019,-0.25624463286309374
0.00175,0.00025,0.00075,0.3674505434191217,89.1990029623948,-2.1105119076836085
0.00325,0.00375,0.005,0.39611164115162134,87.7354281930816,0.860322245746068
0.00125,0.00275,0.00125,-1.5006479311063081,88.37206432440477,0.2089151661444283
0.00275,0.00125,0.00125,0.5194813238512699,88.57272372577754,-0.8528455269924246
0.00025,0.00375,0.00325,-0.5375161888305776,82.38250625424362,0.7436404311441032
0.001,0.0035,0.00375,-1.55297536976571,87.95792997322884,0.674149937690067
0.0025,0.00475,0.00425,-1.5428480883897304,88.8801952536549,1.3168143843118012
0.00025,0.0025,0.00325,1.4773184618333428,83.61226724529278,0.0645922278457707
0.001,0.004,0.00025,0.6246980775440943,85.84203408875207,0.7392047293138974
0.002,0.0035,0.00475,-1.6340125300745945,89.8390187958257,0.6811295671178766
0.00425,0.0015,0.00375,0.6179447557409605,88.74216095745406,-0.6019405898767655
0.00125,0.0035,0.00075,-1.6411548432135885,89.2051648240515,0.5777731661392392
0.0045,0.00475,0.00125,0.35108049136832514,87.83245057851741,1.2858246360392365
0.002,0.0045,0.00225,-1.536991607722053,88.5870011126989,1.1679588701100359
0.0035,0.0045,0.00475,-1.5550175742789776,89.47876885998674,1.205069637382982
0.00325,0.00175,0.00275,0.9092560450409404,88.44738555829746,-0.4106777385484879
0.002,0.00375,0.00425,-1.6453770200049078,89.87419221703537,0.807632811216475
0.0005,0.00225,0.00125,-1.4769599795496358,86.94307575266504,-0.11824227832784409
0.0025,0.00025,0.00275,0.6583566334109131,89.32951992330462,-2.0896718922104394
0.0025,0.002,0.00275,0.5929844783565779,88.10995917178316,-0.2258426311976119
0.0025,0.0025,0.00325,0.43298477819673215,87.8890965106336,0.11954364719613023
0.00075,0.003,0.00375,1.1671518980590134,85.84104580150093,0.41213958155889424
0.00125,0.004,0.00025,1.1299275882801403,86.26606732788645,0.7449721378230706
0.0005,0.005,0.00475,1.009826513333209,83.61226724529278,1.3960259741811076
0.00425,0.00375,0.00175,0.5467107173615052,88.0166834666853,0.8171193267355499
0.00425,0.0015,0.00125,0.3379628390979183,88.74216095745406,-0.6369412085990641
0.00475,0.00125,0.00425,0.5144298391425258,88.9129459602121,-0.8174681637489628
0.0045,0.00125,0.00375,0.3696926462577621,88.88326511985908,-0.8203713843384065
0.00125,0.0005,0.00225,0.4367126118320618,88.66148478246615,-1.670669311554731
0.00125,0.0025,0.00375,-1.4965635220797728,88.488126464818,0.10062856987409359
0.0005,0.0005,0.00125,0.6212944033553148,87.8890965106336,-1.6845350594438049
0.00325,0.00225,0.00325,0.514240746132038,88.2409144306059,-0.044288739310513685
0.00375,0.002,0.00175,0.25241175849581926,88.45553223872022,-0.24042289768771205
0.004,0.003,0.00475,0.3158578661719005,88.16982930341918,0.4422866685531174
0.0035,0.00375,0.00475,0.39405863132346886,87.81627273328705,0.858950705430675
0.00025,0.00275,0.00125,1.2175857052848171,83.33165362357515,0.17204192513275246
0.00475,0.00025,0.00025,-1.395244785731717,90.4523802948965,-2.142149993119423
0.0045,0.0005,0.00225,0.02749642783552995,89.2955877141311,-1.6698397333540045
0.002,0.001,0.00225,0.34627212624449394,88.5044280814787,-1.0744470467451683
0.0035,0.00125,0.00075,0.48431002390054884,88.73398787876634,-0.8743246757465966
0.00225,0.00025,0.00425,0.9139563570159213,89.2935316309113,-2.085192219718422
0.00075,0.0015,0.00375,-1.490247815529482,88.4494221580596,-0.6229426288134611
0.002,0.00375,0.00075,0.57904562215491,87.12243397912884,0.7516375749165953
0.00125,0.005,0.005,-1.60777722553378,88.18911817380742,1.4131833759886818
0.00225,0.00025,0.00225,0.1610095998834851,89.29455966660336,-2.0920217545044704
0.0035,0.00475,0.00375,0.3282704716460606,87.54573636273986,1.3449431539281747
0.003,0.00325,0.00325,0.4728563901224341,87.80414130488471,0.5718317440887086
0.0025,0.00275,0.00125,0.3661809189201326,87.787968673935,0.23424062374888066
0.00075,0.00075,0.005,0.618214888613086,87.8890965106336,-1.3346282586583904
0.002,0.00175,0.00175,0.6119748192669902,88.02479047615252,-0.4277248474698465
0.0045,0.001,0.00225,0.35958967684027404,89.00102329450668,-1.073274156616041
0.005,0.005,0.00225,0.09292260946429014,87.89213214490871,1.4387800758999318
0.00275,0.0015,0.00175,0.5004639696536448,88.43720326287368,-0.6249472641093686
0.002,0.005,0.00225,-1.5693076032144087,88.67781833585038,1.3929134439376318
0.00225,0.00075,0.00375,0.9474528331594648,88.77690494117356,-1.3368769509708756
0.00125,0.0045,0.00025,0.973736761617262,86.04784534889491,0.9758274464549613
0.002,0.0005,0.00425,0.6371782162362857,88.94058875558919,-1.6605157583583037
0.00175,0.0025,0.00125,1.6240276246846217,87.48326839292744,0.0763145201040293
0.00425,0.0025,0.00375,0.5160776496624903,88.37816906119109,0.12661888446491415
0.00125,0.004,0.00425,-1.6110080146843992,88.64515423755641,0.9341616941696201
0.00175,0.004,0.00375,0.9076622610954005,86.82904012021241,0.970654594667409
0.00475,0.00375,0.00325,0.9475878995955277,88.12213285340391,0.847539606263361
0.00075,0.0045,0.00125,0.886997096377811,84.95716271561216,1.1272614325309451
0.00475,0.005,0.00125,0.09595890294697892,87.83649550548223,1.400179360455366
0.0015,0.00125,0.00025,1.4597598251451955,88.07142027369031,-0.9452888504896422
0.00475,0.004,0.00175,0.7576034506297676,88.06128126037797,0.9462896004185699
0.005,0.00075,0.00425,0.12657306134494523,89.18051993109707,-1.3342190994613679
0.0005,0.0025,0.00175,-1.5230473488629424,87.00916482243196,0.054006139339918345
0.001,0.003,0.00425,1.5095723267651102,86.38035807326862,0.42310944597876193
0.00375,0.00275,0.00125,0.6115426066715899,88.19013349439642,0.23655249465723138
0.00225,0.00175,0.00025,1.0377312390237579,88.13633760780414,-0.5482141251391389
0.00125,0.00225,0.00175,-1.5072634851446578,88.7053880306825,-0.09089488674837128
0.002,0.0005,0.00375,1.0925682120652038,88.94058875558919,-1.662185165799527
0.0015,0.0015,0.00325,0.6683515496795512,87.8890965106336,-0.6088648552016862
0.003,0.00125,0.00125,1.542717630174891,88.63290830285233,-0.8528455269924246
0.0045,0.00175,0.00425,-0.9122391063854237,88.7993935906361,-0.39914879869604386
0.005,0.002,0.00175,0.2978346009436972,88.66148478246615,-0.23943113314402112
0.002,0.004,0.00025,1.383258195759295,87.0302036962456,0.7543069744488324
0.0005,0.001,0.00225,-1.3641281801915977,87.85874593377493,-1.0863720394207195
0.00475,0.00325,0.00375,0.21892338633843936,88.25209016002907,0.579897424476008
0.0045,0.0015,0.00175,1.1765795352961887,88.77690494117356,-0.6238019560516436
0.0015,0.00375,0.00425,-1.6147925762228756,89.10457436461141,0.8094379987105843
0.003,0.00275,0.00425,0.24210889075295833,87.97919825908578,0.2866459538331985
0.00225,0.00025,0.00175,0.49033398694894414,89.2935316309113,-2.095419458341426
0.00225,0.003,0.00475,-1.5071014054213827,89.09021356146103,0.4178234027083602
0.0005,0.0045,0.00475,0.9734666287451365,83.91217922531212,1.172395261460405
0.005,0.00475,0.00275,0.24459411317651153,87.94274148836827,1.3346938962339496
0.005,0.0005,0.00175,0.24163885955545997,89.33054837332953,-1.6746446462664597
0.0025,0.00375,0.00275,-1.526272735356119,89.07482955503532,0.8103409042503341
0.004,0.0035,0.00025,0.4256641773621351,88.02479047615252,0.5125240276888867
0.0025,0.00125,0.00075,0.7170565065237522,88.50340914246036,-0.8748397173574276
0.00325,0.0035,0.005,0.43244451245248117,87.81020680958352,0.7263700352612553
0.0025,0.0005,0.00175,0.4417370832535935,89.05227115078497,-1.6748100469580984
0.003,0.00425,0.00475,-1.5693697337749977,89.48082920850047,1.0806721776654395
0.003,0.0045,0.00375,-1.5840190394303555,89.53750738767434,1.1901868666487831
0.004,0.001,0.00325,0.3122840082736821,88.94058875558919,-1.0648093871924358
0.00175,0.00125,0.00425,0.6118937794053526,88.21348909448406,-0.8195799615015104
0.00475,0.00325,0.00125,0.9798417645272949,88.25107412614175,0.5284130166741701
0.00175,0.00225,0.00275,-1.4744072239080515,88.93546907110117,-0.0689072363838346
0.0005,0.00375,0.00025,1.2342529034949512,84.40243963520514,0.5922422660439128
0.00125,0.005,0.00325,-1.5683243195598724,87.82537240453951,1.4012183048819256
0.00425,0.0015,0.00175,0.3440840499802785,88.74216095745406,-0.6240883325148964
0.00225,0.00225,0.00125,0.9581771081828414,87.8890965106336,-0.08462896591026743
0.002,0.00325,0.00375,-1.6395178380085091,89.99947996372012,0.5347041463045783
0.00475,0.0035,0.00325,0.36342556362445394,88.18607228217536,0.7135781215664848
0.002,0.0045,0.00475,-1.6678952962252773,89.88453996145024,1.1788115031365076
0.005,0.00275,0.00075,0.22016599755021576,88.43211255475002,0.20547658046717435
0.00475,0.0015,0.00325,-0.10531980140234205,88.81370751536753,-0.6054051140953681
0.00075,0.002,0.00225,-1.587436220262741,88.73194472671176,-0.26510601080922297
0.003,0.00375,0.00475,-1.5334636724120958,89.34803383546658,0.8320731251592574
0.00175,0.00425,0.00425,-1.5861179718467695,88.87200946212413,1.067661459781106
0.002,0.00325,0.00225,0.7227292968383847,87.31724006178604,0.5523772178054672
0.005,0.00475,0.00175,0.195351591916781,87.94274148836827,1.3096827280299572
0.004,0.00075,0.00225,0.5683213471315333,89.08200842742012,-1.3460465494796678
0.00325,0.0045,0.00275,0.7735953166595885,87.5205423001928,1.2120325413228825
0.00325,0.00275,0.00275,0.3931401795582425,88.05722598188488,0.27220189085203567
0.00025,0.0005,0.00275,1.4377439960669793,87.0302036962456,-1.6719956437853478
0.00425,0.0045,0.00225,0.8612804469514775,87.82840583782404,1.205069637382982
0.002,0.0015,0.00175,0.6800212897553665,88.16982930341918,-0.6260920448546687
0.001,0.00025,0.00275,0.7386131097193552,88.94058875558919,-2.090024716583001
0.004,0.00225,0.00075,0.6901512724600672,88.41277053622721,-0.11099697250758778
0.00425,0.00475,0.00375,0.5180766329162179,87.7697780247273,1.3475091579418075
0.00175,0.0015,0.00225,0.5571378462255436,88.04404761646754,-0.618354534200665
0.00425,0.00075,0.00425,0.3571314677039331,89.10970378386277,-1.3342190994613679
0.002,0.004,0.00325,-1.6680438693049462,90.06167087951103,0.9202129923144754
0.003,0.004,0.00425,0.517374287448692,87.56690497990814,0.9833632985331423
0.0005,0.001,0.00125,-1.3813653587619161,87.92249425494781,-1.1040132059107786
0.0005,0.00275,0.00225,1.1442986570772093,85.1598720003653,0.23385546716930836
0.00225,0.0005,0.00225,0.4676158124032022,89.00102329450668,-1.6701716219406264
0.0035,0.005,0.00225,0.45824220174045227,87.48226121037682,1.435114557762599
0.0025,0.0035,0.00025,0.6095976499922873,87.50744425315465,0.5087710165803966
0.0025,0.003,0.00075,-0.7130890490684504,87.7414889510829,0.3478281104795267
0.00375,0.00425,0.00275,0.25719851298988045,87.75462202975163,1.0927552528996538
0.00025,0.004,0.00025,1.237467484673243,82.13532879500775,0.657190857533983
0.005,0.00075,0.00075,0.1840033099587952,89.17949320832842,-1.377668808051611
0.002,0.00325,0.00175,0.47528758597156195,87.3182453444495,0.5401652536574093
0.00325,0.0035,0.00175,0.7457716308306771,87.81121776776916,0.682439679580322
0.00175,0.00075,0.00275,0.5213182273817222,88.61454257270096,-1.3427916890907146
0.005,0.002,0.00425,-0.914181361736005,88.78201549771377,-0.21185603507028022
0.0025,0.00175,0.00375,-1.1720502014668661,88.59516065278166,-0.4066326250292897
0.0035,0.0015,0.00275,0.40197352447674145,88.61454257270096,-0.610305003883869
0.00175,0.005,0.00475,1.052237374256889,86.46592662115938,1.4571520430064857
0.00175,0.0025,0.00375,-1.4751554919638385,88.81268501565857,0.10543951843987348
0.0045,0.0005,0.00125,0.04061137877721546,89.2955877141311,-1.6819042925675056
0.0045,0.00225,0.00375,0.7185962638948667,88.50340914246036,-0.038633742490175225
0.00225,0.00025,0.00275,0.46856127745564086,89.2935316309113,-2.0896718922104394
0.00475,0.004,0.005,0.4567834842309757,88.06128126037797,0.9932751941893443
0.001,0.0015,0.00075,0.7986366339056087,87.42084499692766,-0.6663920871344106
0.0035,0.00125,0.00325,0.6854509604850859,88.73398787876634,-0.8237977263699359
0.004,0.00025,0.00475,0.4449786777190975,89.46949787873831,-2.0841283710609058
0.00025,0.005,0.00025,-1.5810178632210428,83.43437172845351,1.0580499322865573
0.0045,0.00125,0.00475,0.6197816592714129,88.88326511985908,-0.8153544200627985
0.0015,0.00425,0.00175,-1.66811680518042,89.51483180920498,1.0088995284711586
0.005,0.00175,0.00425,0.8428033584981035,88.74726951391219,-0.39758706373929553
0.0015,0.003,0.00375,-1.6244687357024057,89.54678541618345,0.3927215988062089
0.00025,0.0045,0.00275,1.0110150979705603,81.7306588721058,1.0845349785603957
0.00375,0.00475,0.00025,0.3794984695159123,87.62741495191985,1.10730092494805
0.00175,0.005,0.00375,-1.5679866534697158,88.44433074657995,1.4157886735403145
0.0005,0.005,0.00275,1.3340669997452685,83.61226724529278,1.3722180977255691
0.00325,0.00375,0.00425,0.5590557896176336,87.73441810745067,0.8548389256189705
0.005,0.00175,0.00125,0.6643805964593084,88.74726951391219,-0.43851693997288227
0.002,0.00075,0.00425,0.3444352227140416,88.70334553715612,-1.3350373236538797
0.00375,0.001,0.00425,0.3556457369072439,88.9057807121034,-1.0596191749478308
0.002,0.002,0.00275,0.16949987605438496,87.89010837707565,-0.22683908823319485
0.003,0.00225,0.00375,0.4728293768352214,88.16982930341918,-0.04040204812705673
0.00225,0.001,0.00275,0.6823714457428571,88.589040927265,-1.069516367838665
0.0025,0.00175,0.00075,0.5064068928404025,88.2307559046808,-0.4660691711192177
0.001,0.0015,0.00375,1.5674077746871478,87.42084499692766,-0.6077121392153517
0.00425,0.003,0.00075,0.19892815114372076,88.22466135048299,0.35181296384615496
0.0025,0.001,0.00175,0.5412270200573605,88.66046403527608,-1.0807689997048404
0.0015,0.0025,0.00025,0.4852554889529875,87.28407222592651,-0.053103844105095215
0.0005,0.004,0.00375,-1.5419647538978807,86.00426724056341,0.9067749649655896
0.0035,0.001,0.00325,0.8003654842872108,88.86791684907733,-1.0650449937214543
0.00375,0.00375,0.00325,0.780186558739447,87.8890965106336,0.8457168763701339
0.0045,0.0025,0.00225,-1.2558048984693313,88.9436607077471,0.10247808263167496
0.0005,0.00325,0.00175,-1.5703665240731404,86.76508568369674,0.48467800322115817
0.002,0.003,0.00425,-1.6300118622384179,89.99637154548677,0.3983740966285005
0.004,0.00425,0.00175,0.6024661421681781,87.82537240453951,1.0691050986875246
0.0035,0.001,0.00175,0.4186407226868758,88.86791684907733,-1.0803013805230832
0.002,0.00275,0.00075,0.7002272285903429,87.52961132735575,0.19975351605262298
0.00325,0.0015,0.00225,0.19567034870588912,88.56252700109464,-0.616344583650687
0.005,0.0025,0.00275,-0.9735889829738124,88.65944329983783,0.11508304389354689
0.004,0.002,0.00125,0.01762847401679071,88.50544703222802,-0.2549294918664
0.0025,0.003,0.00375,-1.5076065538922572,89.21646267597943,0.4109228113223264
0.0035,0.003,0.00325,0.6666497125851615,88.04404761646754,0.42881096271775687
0.001,0.00025,0.00075,0.8067946466437942,88.94058875558919,-2.1107423394333766
0.003,0.001,0.00275,0.02984388249429926,88.77894912848721,-1.0690461573443442
0.00225,0.005,0.00475,-1.6740030004640314,89.98290297368885,1.4095384780441713
0.0045,0.00475,0.00225,0.2407447197487253,87.83447301871533,1.3229363882071201
0.00475,0.002,0.00025,1.0074763573457182,88.62576562220293,-0.3693215571673703
0.00225,0.002,0.00225,0.37876911076117387,88.0085772038668,-0.23314199682140788
0.00475,0.0045,0.00325,0.7061701517771006,87.94476646813752,1.2239950895286864
0.00075,0.0015,0.00125,-1.5532590092814416,88.88735843973615,-0.661884103143604
0.00325,0.0045,0.00025,0.6425808736787928,87.5205423001928,0.9937477872292051
0.00275,0.0005,0.00175,0.44208825598735624,89.09636790795251,-1.6748100469580984
0.00325,0.0015,0.005,0.6462006541652725,88.56150739319163,-0.5961557357428651
0.00025,0.002,0.00275,1.202512291020222,84.23256000178019,-0.26510601080922297
0.00125,0.00075,0.00075,0.7046033811187734,88.3618907001594,-1.3792648794803113
0.00325,0.0045,0.005,-1.5371915060474257,89.25344746936844,1.208549686493612
0.00375,0.0045,0.00075,0.6708367721031044,87.68998585047578,1.1262855617435443
0.0045,0.00175,0.00225,0.17957853351338168,88.68088121208282,-0.4159583755160782
0.00075,0.005,0.005,1.4232378608338478,84.70128518608192,1.425702493064704
0.003,0.004,0.00025,0.5883111796688096,87.56690497990814,0.7596513085666221
0.00225,0.002,0.00075,0.8780016717360368,88.0085772038668,-0.28469961970187896
0.00275,0.0045,0.00475,-1.5668574980642318,89.27605683488741,1.2010958710738946
0.004,0.003,0.00425,0.39097911658123974,88.16982930341918,0.4386063971262937
0.00175,0.004,0.00025,0.693717026372122,86.82904012021241,0.7520823467959703
0.004,0.00425,0.00275,0.6114345535227396,87.8243612833936,1.0932392996638431
0.00375,0.00375,0.00075,0.6002510526167499,87.8890965106336,0.7583145327571369
0.00425,0.0045,0.00275,0.48214896092354603,87.82840583782404,1.2150200802998856
0.002,0.00425,0.00225,-1.5296358896140796,88.61964378264291,1.0489394575417958
0.002,0.00075,0.00475,0.49303531567019787,88.70334553715612,-1.3331957891946948
0.0025,0.0045,0.00075,0.7384780432832927,87.17962568578388,1.1209222871218951
0.0025,0.00175,0.00325,0.6958780893491248,88.2307559046808,-0.4066326250292897
0.00175,0.001,0.00175,0.6282368181689365,88.40055670430016,-1.0814702266210345
0.0005,0.005,0.005,1.3045955033963932,83.61226724529278,1.3981021891419791
0.0035,0.0045,0.00325,-1.3692742114055856,88.45655062653216,1.2075551005487755
0.0005,0.001,0.00475,-0.5120264510168298,87.05224987756804,-1.0650449937214543
0.00275,0.00225,0.00125,0.8742468248134946,88.08865927549421,-0.08358338275523244
0.0035,0.00025,0.00025,-1.1400826773795518,89.75011216308964,-2.1415918991478926
0.0035,0.001,0.00125,0.25877068630565,88.86791684907733,-1.0905641709840423
0.00225,0.00025,0.00125,0.7508501288266338,89.2935316309113,-2.1006693497518842
0.00375,0.0015,0.00075,0.25117454994148514,88.66148478246615,-0.6610379312847642
0.005,0.0025,0.00475,0.5440634152146768,88.50340914246036,0.13445691085744357
0.0025,0.00025,0.00075,0.46594098859602506,89.32951992330462,-2.110396671910118
0.004,0.00325,0.00325,0.9227356753599953,88.09474443467697,0.573952581283427
0.005,0.0045,0.00425,0.10064840960707525,87.99743231150256,1.2354902564994408
0.002,0.00275,0.00025,0.578991595580485,87.52961132735575,0.09804103999895124
0.0025,0.0015,0.00325,0.3571584809911458,88.3618907001594,-0.6068472537915004
0.00475,0.00075,0.00075,0.4952774185088383,89.15793476051732,-1.3778683973820527
0.00175,0.003,0.005,-1.6242688373770329,89.75941222206659,0.4032263514650888
0.00275,0.0005,0.00325,1.2147493101275006,89.09636790795251,-1.664185919374622
0.001,0.00225,0.00375,-1.5992518320895042,89.1148334983958,-0.07485613149555985
0.00325,0.00325,0.00425,1.108560078095025,87.8890965106336,0.5820229059861952
0.004,0.0015,0.00375,0.302661875368577,88.70334553715612,-0.6019405898767655
0.005,0.00425,0.00375,0.4690745299126792,88.0521571463822,1.1087582572053467
0.001,0.00375,0.00225,-1.551857019675111,87.81728376130962,0.7837923932917978
0.0035,0.0015,0.00225,-0.09042737616207146,88.61760326342818,-0.616057315604077
0.0045,0.0035,0.00375,0.7910729134860989,88.13633760780414,0.7188661478074275
0.00225,0.00325,0.00325,-1.4898480188787364,88.88428843215614,0.5498472582410849
0.00325,0.002,0.00075,0.7248633465281749,88.3405299013859,-0.2830719835356827
0.005,0.003,0.00175,0.023547085245057102,88.36392533130703,0.4044404629794481
0.00275,0.0035,0.00275,0.2934692537301513,87.62237085761676,0.7025848367582224
0.002,0.00275,0.005,-1.496725601803048,88.9877036833741,0.2694761449189304
0.0015,0.00425,0.00225,-1.6550774914429291,89.35009117366042,1.025059534383154
0.00375,0.003,0.00075,0.5219935595620353,88.10995917178316,0.3514142720298656
0.0025,0.003,0.005,-1.506998754929975,89.21235420064117,0.41985556005364955
0.00425,0.004,0.00025,0.4931973953934731,87.9518542645278,0.7623262457023359
0.002,0.0025,0.00475,-1.4855772181704348,89.03279349014412,0.11248386978137952
0.00475,0.00175,0.005,-0.5531514794691931,88.74011761720955,-0.39414808069003787
0.00225,0.00175,0.00175,0.17871680965130202,88.13735232073088,-0.42710684200188104
0.002,0.0005,0.00075,0.5265317918137414,88.94058875558919,-1.6961507993463578
0.0025,0.003,0.00325,-1.5079415186536926,89.21851698460053,0.4060599307751673
0.0015,0.0015,0.00025,0.7095197993914549,87.8890965106336,-0.739314269884532
0.00075,0.002,0.00025,0.6011965176691886,86.58247576500929,-0.38160591031240576
0.0025,0.00225,0.00275,0.7587109954054815,87.9964192094551,-0.05099053229518945
0.0035,0.00275,0.00425,-0.44072487941934313,88.14242606060319,0.28703718849202875
0.00375,0.00175,0.00475,0.3143748367039326,88.55437046654392,-0.3957117947148966
0.0005,0.00325,0.00275,1.3964136666318003,84.76371839782308,0.5267372161721812
0.00475,0.00325,0.00325,0.36153463351957627,88.25107412614175,0.5748012580589196
0.001,0.00225,0.00275,-1.4524508240617027,88.06229510918163,-0.07240799643974556
0.0025,0.0045,0.00225,1.0782241565553479,87.17962568578388,1.1986141250694884
0.00225,0.00225,0.00225,0.4687503704661287,87.8890965106336,-0.05908363932531016
0.00325,0.0035,0.00275,0.2937934131767017,87.81121776776916,0.7039023608881494
0.0005,0.00025,0.00025,1.3442780223116073,88.50340914246036,-2.1420384000248145
0.004,0.0045,0.005,0.5093513411465691,87.76270490135695,1.2394957158011157
0.0005,0.00475,0.005,1.105399523491158,83.75967817321579,1.2878500897211023
0.003,0.0045,0.00225,0.42085581223830354,87.42185147239393,1.2015923917307434
0.00075,0.005,0.00375,0.9437790260985601,84.70128518608192,1.4142253150452295
0.003,0.0035,0.00425,0.7707859347894848,87.72229798690167,0.7201892962742206
0.00025,0.00425,0.00325,1.3107545328808508,81.92849932318144,0.9800646551018465
0.0025,0.004,0.00125,0.44967898969407877,87.33835342839707,0.9192847907039607
0.004,0.0015,0.00475,-1.0390016579589665,88.90987506888567,-0.5987605685309124
0.003,0.0025,0.00075,0.4153991282213715,88.07142027369031,0.04927211252194573
0.004,0.00125,0.00225,0.2717100508804543,88.81677508512696,-0.8329970449517213
0.00225,0.00275,0.00375,-1.4973306994366087,89.13022441385438,0.2617003927063564
0.00425,0.00475,0.00175,0.5225878518807112,87.7707885174566,1.3081560109020103
0.004,0.0035,0.00375,0.46126768990825645,88.02479047615252,0.7179843026839718
0.0035,0.00275,0.00025,0.7969618100984313,88.12619112103766,0.10173814976637693
0.00475,0.00475,0.00075,0.16797092399815539,87.89010837707565,1.2440062694204792
0.00225,0.00325,0.00425,-1.644077680889985,90.20279610399987,0.5393245511985452
0.0015,0.00175,0.00375,0.6477133982491744,87.72229798690167,-0.4053867562116661
0.001,0.00075,0.00275,1.2956541053290436,88.16982930341918,-1.344012964408546
0.003,0.004,0.00475,-1.5542693062231905,89.43036432455693,0.9579853343423214
0.0025,0.00125,0.00375,0.6437964716033566,88.50340914246036,-0.8211625338747198
0.00475,0.00425,0.00475,0.9354319203498869,88.00249799669982,1.1170259877062565
0.002,0.00475,0.00175,0.5518972685063122,86.77008042727786,1.2969761830081858
0.00375,0.005,0.00425,1.2306601362956837,87.56690497990814,1.4666293490200777
0.0035,0.002,0.005,0.4715327390490197,88.40055670430016,-0.20751312622558651
0.00125,0.00375,0.00425,-1.6150329944790671,88.80041593732089,0.80627946604467
0.0035,0.00425,0.005,-1.5481561993269937,89.49113166271826,1.0864677135817031
0.001,0.002,0.00175,-1.5938572786331606,89.23803527587944,-0.2723060542700039
0.0035,0.00025,0.00275,0.5598391749467975,89.43345319325584,-2.089554257003382
0.0035,0.0035,0.00025,0.23392926738500253,87.89010837707565,0.511689689124796
0.003,0.001,0.00025,1.5068980113310688,88.77690494117356,-1.1719382536287468
0.002,0.00375,0.00125,0.7771340572844305,87.12243397912884,0.7891774911732476
0.00375,0.005,0.00025,0.3056819608789385,87.56690497990814,1.2165146238611781
0.001,0.0025,0.00075,-1.6227641972792948,89.18770732146305,0.010216012514469854
0.002,0.00225,0.00175,0.5956858070778316,87.76270490135695,-0.06995788762496964
0.00225,0.005,0.005,-1.551900240934651,88.71968680228673,1.4345911534204094
0.00175,0.00175,0.005,0.6682705098179136,87.8890965106336,-0.3972746088526261
0.00225,0.002,0.00325,0.4485174183439396,88.0085772038668,-0.22085518028820764
0.005,0.005,0.00375,1.0722272067941654,87.8890965106336,1.4639947936449618
0.0035,0.00275,0.005,1.33493142493607,88.12619112103766,0.2921273400536858
0.0015,0.004,0.00375,-1.6271133365205128,89.12919827013094,0.9304373284263603
0.00225,0.00325,0.00375,-1.6489454752456838,90.25993158525088,0.5338647011673924
0.001,0.00225,0.00225,0.8709241904863526,86.85403512378748,-0.06645430515262749
0.00325,0.00375,0.00475,0.5566786203429307,87.7354281930816,0.8584936305850545
0.005,0.00075,0.00175,0.5919849867297142,89.17846649738038,-1.3517281479809373
0.005,0.00375,0.00475,0.28463050615421004,88.16982930341918,0.8616942598565209
0.0035,0.00325,0.00275,0.3114168817541597,87.96603157105017,0.5663232775727516
0.00175,0.00175,0.00075,0.4438711329433836,87.8890965106336,-0.4678958557721697
0.0045,0.00475,0.00025,0.2593865892540959,87.83245057851741,1.1092441464895375
0.005,0.0045,0.00175,-0.007896381070333915,87.99945855058901,1.1921682673674323
0.0035,0.00225,0.00375,0.42145010455697945,88.3049400446062,-0.039694848020190944
0.001,0.00475,0.00225,0.8623069518655542,85.4860007167466,1.2908900196982682
0.00225,0.00225,0.005,0.45035432187439234,87.8890965106336,-0.034031381140563303
0.00225,0.0045,0.00025,1.1371671492531,87.0302036962456,0.9890243043559864
0.004,0.0025,0.00475,1.0073412909096557,88.32832604918204,0.13333603225675808
0.00175,0.00325,0.00275,-1.5178202777873169,88.73194472671176,0.5380638604149655
0.004,0.001,0.00425,0.3328681331296339,88.94058875558919,-1.0596191749478308
0.0025,0.0015,0.00225,0.29979846692404843,88.3618907001594,-0.6169190205345573
0.00275,0.00325,0.00125,0.44127785737098013,87.70815996242563,0.5246435505050852
0.00275,0.0025,0.00075,0.3229056328056511,87.9873018158788,0.048908250003408406
0.005,0.0015,0.00075,0.30798079162072517,88.84029664017812,-0.6604736543251752
0.003,0.003,0.00475,0.3533225942069655,87.89010837707565,0.4402416025395858
0.0005,0.00175,0.00475,-1.4427044300354201,87.26096270032158,-0.4224672623608954
0.0045,0.001,0.00325,0.5371210004010551,89.00102329450668,-1.0648093871924358
0.001,0.00375,0.00125,-1.57127146919476,87.97717248650437,0.7489700187035123
0.00025,0.00025,0.00375,0.987162365361892,87.8890965106336,-2.088259375476394
0.00125,0.00275,0.005,-1.4863984221016957,88.2846094214871,0.26558603077150617
0.00425,0.00325,0.00475,0.44079161820115487,88.15155952841707,0.587129056373696
0.00375,0.00125,0.00175,0.30537400940471576,88.77792702894672,-0.8405913059815641
0.0025,0.00275,0.00225,0.7580356632251684,87.78695798341299,0.2624771624801009
0.003,0.005,0.00075,0.8689792338070503,87.28407222592651,1.3511040460116972
0.00325,0.005,0.00075,0.5340955122332512,87.38864389943215,1.3521316891284478
0.00125,0.002,0.005,-1.5169585539252368,88.92830200791735,-0.23082147651723142
0.00025,0.005,0.00225,1.232632106262199,81.35607724606547,1.286837246285683
0.00475,0.003,0.00375,0.5770736521883947,88.31917426641908,0.4353382445527295
0.0035,0.004,0.00375,0.5531128664308759,87.74552968901351,0.9800646551018465
0.00275,0.00425,0.00175,1.035381083036267,87.38260751426172,1.065256502694536
0.00275,0.00275,0.00175,0.614135882243993,87.8890965106336,0.25200584661914166
0.0025,0.0035,0.00425,-1.6608205163043142,90.44404970644044,0.6737141375943984
0.0015,0.00225,0.00475,-1.4731430020665046,88.74011761720955,-0.05345592083452179
0.001,0.00125,0.00025,1.1250922098690965,87.64254897711446,-0.947033810074877
0.002,0.00175,0.00475,0.4952774185088383,88.02377705913445,-0.39789948265533764
0.00275,0.0045,0.00275,0.8118461313525381,87.30819303861404,1.2100419948740588
0.00025,0.0005,0.00025,-1.3318824192459944,87.75260142816947,-1.7481259810307226
0.00225,0.0035,0.00325,-1.6600317283177084,90.30254703280056,0.663704570755714
0.00075,0.00475,0.00175,1.4455778493586142,84.8271742323194,1.2631024390570158
0.0035,0.00225,0.00125,0.7334805851489736,88.30392340226558,-0.08253743840618552
0.00275,0.0015,0.00225,0.43247152573969383,88.43822143966426,-0.6166318186262443
0.0045,0.005,0.005,0.539579209537396,87.77685171814697,1.475070124823478
0.00475,0.00375,0.00125,0.3058872618617537,88.12314740279149,0.7977191261589939
0.00275,0.001,0.00425,0.41542614150858415,88.72275112462971,-1.0600915558351884
0.00175,0.00125,0.00125,0.9996965306285082,88.21348909448406,-0.8541452695261516
0.002,0.001,0.00375,0.32614452594243415,88.5044280814787,-1.0629235581343264
0.004,0.00475,0.00475,0.4025408035082047,87.70210150662979,1.3562446286485752
0.002,0.001,0.00475,0.38606269830855827,88.50340914246036,-1.0586740868013533
0.0015,0.00025,0.005,0.9073921282232754,89.13432910688908,-2.0838918105128728
0.0045,0.00425,0.00075,1.2223130305470105,87.94780402521813,1.0088995284711586
0.0035,0.00325,0.00175,0.20355282591450677,87.96603157105017,0.545634540661723
0.00125,0.00375,0.00375,-1.6132690268240888,88.78201549771377,0.8022222339727075
0.005,0.00175,0.005,0.5811256452702751,88.74726951391219,-0.39383522985302116
0.00175,0.0015,0.00325,1.5670566019533847,88.04404761646754,-0.6080003679805953
0.00175,0.00175,0.00275,0.8119811977886011,87.8890965106336,-0.4131640316407099
0.00175,0.0015,0.00125,0.7273755822389407,88.04404761646754,-0.6395038028640798
0.001,0.0015,0.00425,-1.4255563953129027,88.4972957546946,-0.6146204791719495
0.00225,0.00375,0.00425,-1.6586081280816076,90.19448850203872,0.805828454850523
0.002,0.0015,0.00325,0.6997950159949422,88.16982930341918,-0.6074238772646356
0.00225,0.0005,0.00325,0.47264028382473355,89.00102329450668,-1.664185919374622
0.002,0.002,0.00125,0.31863213076862784,87.89010837707565,-0.257887707649696
0.00475,0.00375,0.005,0.28190486547446497,88.12314740279149,0.8630667479257047
0.00025,0.00475,0.00375,1.7026362904730992,81.53986723708145,1.2065607435894337
0.004,0.004,0.00075,0.3414907744078754,87.8890965106336,0.885091149195217
0.00325,0.00075,0.00475,0.4830674126887724,88.98258128681087,-1.332786300121412
0.00175,0.00375,0.00075,0.5899049636143491,86.92806251178723,0.7494144834514344
0.00475,0.00075,0.005,0.5242356624006761,89.15793476051732,-1.3317621648316935
0.0035,0.0045,0.00275,0.9482362184886286,87.61026621589808,1.213028158355262
0.0045,0.00325,0.00275,0.1858077975445922,88.20434921008831,0.5680173123279838
0.005,0.00375,0.00425,0.2939257782840433,88.16982930341918,0.858036608359091
0.0005,0.0005,0.00025,0.8979104644116755,87.8890965106336,-1.7418334886826419
0.0015,0.00125,0.00125,0.5178065000440927,88.07142027369031,-0.8546649570820729
0.00025,0.0005,0.00475,1.0441874146675534,87.0302036962456,-1.6643525241023693
0.0045,0.0015,0.00125,0.3808761471637517,88.77690494117356,-0.63665631196305
0.005,0.00275,0.00475,0.2449614938826019,88.43109444829011,0.29251920581675483
0.0025,0.0005,0.00425,0.3083238603683246,89.05227115078497,-1.6603487118811415
0.0045,0.00425,0.00475,-1.2130158515246756,88.38223911999945,1.1097300917170396
0.003,0.0025,0.00375,-1.2352018643123308,88.5482535586162,0.11917169483388183
0.0015,0.001,0.00175,0.4266366557017864,88.27342957401449,-1.0817039151104413
0.001,0.00125,0.00075,0.7805377314732102,87.64254897711446,-0.8781845986829084
0.0035,0.0045,0.00425,-1.5552498885490056,89.48082920850047,1.2010958710738946
0.005,0.00025,0.00175,-1.069461840619821,89.75941222206659,-2.095536418331096
0.0045,0.0035,0.00025,0.5227499316039864,88.13633760780414,0.5133585583886368
0.00225,0.0025,0.00125,1.436771517727328,87.77584115561287,0.0785172618372236
0.00125,0.00125,0.00275,0.5675649750895825,87.8890965106336,-0.8308976104823305
0.0015,0.00075,0.00175,1.030572717912436,88.50340914246036,-1.3531456881446675
0.00075,0.005,0.00275,0.8406693088083135,84.70128518608192,1.3996599779448846
0.003,0.00225,0.00075,0.24107158052399671,88.16982930341918,-0.11237838161900715
0.004,0.003,0.00175,0.15841362298236025,88.17084440193558,0.4032263514650888
0.0035,0.0025,0.00125,0.36253412514644023,88.21348909448406,0.0810890510642922
0.00425,0.00425,0.00425,-1.0278721836274018,88.08663098250877,1.1092441464895375
0.00225,0.00375,0.00325,-1.5062261749156964,88.80246066600148,0.8184764165092179
0.0015,0.0025,0.00075,0.5013824214188712,87.28407222592651,0.04418184738910974
0.004,0.00075,0.00375,0.7552262813550643,89.08200842742012,-1.3362639536479362
0.00375,0.0015,0.00325,-0.7925783480200564,88.73296629685842,-0.6065588922614382
0.0025,0.002,0.00175,0.2914675691477024,88.11097358101519,-0.24207507757629407
0.002,0.00275,0.00125,0.8053629424215298,87.52961132735575,0.23231528420235056
0.00375,0.0035,0.00075,0.5651878058148793,87.95995530272991,0.6278027011098998
0.00325,0.00025,0.00325,0.9895395346365948,89.41183335259669,-2.0877881027399274
0.002,0.00075,0.00075,1.0061797195595166,88.70334553715612,-1.3784670275204751
0.00325,0.003,0.00425,0.32368901813481454,87.97210825911864,0.4373804871539446
0.00475,0.0045,0.00425,0.24864070360094928,87.9457789755074,1.234989833431349
0.00125,0.001,0.00275,0.6795890771599657,88.10995917178316,-1.0709263498763077
0.004,0.00425,0.00475,0.4249618318946089,87.82537240453951,1.1155658003690925
0.00225,0.00175,0.00425,0.2824181179315033,88.13633760780414,-0.4000854082378574
0.00275,0.00125,0.00225,0.323002880639616,88.57374346281414,-0.833521601505722
0.0005,0.00425,0.00475,-1.586196310379686,86.20848241758723,1.0312550964753155
0.002,0.00075,0.00175,0.3420850667265509,88.70334553715612,-1.3525383108149578
0.0015,0.005,0.00225,-1.5693076032144087,88.18201125697573,1.3872127196750696
0.00375,0.00375,0.00025,0.5635940218693397,87.8890965106336,0.6390121905225392
0.002,0.0045,0.00175,-1.5576270578237084,88.74624777909467,1.150749869135553
0.00325,0.00025,0.00275,0.5812336984191253,89.41183335259669,-2.0896718922104394
0.00225,0.0025,0.00075,0.6979581124644899,87.77584115561287,0.04745321876906956
0.001,0.00025,0.00325,1.0880029665262856,88.94058875558919,-2.088141577637976
0.0025,0.00175,0.00275,0.7018210125358825,88.2307559046808,-0.4116103668231146
0.005,0.00075,0.00475,0.18343603092733193,89.17949320832842,-1.332376716748929
0.001,0.00375,0.00425,-1.5349683125098341,87.68897628801614,0.8121473391545784
0.0015,0.0005,0.00075,1.0555600085840309,88.77690494117356,-1.6964766302835856
0.00075,0.0025,0.00325,0.785184016873766,86.19161136748694,0.10469890375728048
0.00375,0.00325,0.00125,0.3418419471416381,88.03391175436745,0.5271560939503281
0.00375,0.0045,0.00475,-1.5550175742789776,89.55812653442766,1.2055666155629217
0.00425,0.002,0.00075,0.5210210812223844,88.5482535586162,-0.28209495200854184
0.0015,0.005,0.00425,-1.6396934243753905,88.8801952536549,1.4058965163569972
0.0005,0.0035,0.00375,-1.5886139995852078,86.74211356612611,0.6489562859636222
0.003,0.002,0.005,0.48131154901995765,88.27342957401449,-0.2081816891943164
0.005,0.0035,0.005,0.4675617858287773,88.23177170464471,0.7290219745655935
0.0025,0.002,0.005,0.7151655764188749,88.10995917178316,-0.2088500982384545
0.00275,0.00025,0.00425,0.22928298198444655,89.36140738053955,-2.085192219718422
0.0035,0.005,0.00125,0.4800419245209682,87.48326839292744,1.3965449382873603
0.00425,0.0015,0.00225,0.30254841956228445,88.74216095745406,-0.6157700144826075
0.00125,0.00275,0.00325,-1.4832648807850417,88.26631586276042,0.25278038388413876
0.0005,0.0005,0.00425,1.2135607254901495,87.8890965106336,-1.6628523908084758
0.00125,0.0015,0.00225,-1.4271474779297209,88.77281670775092,-0.6300946283820188
0.00475,0.00275,0.00325,0.03794786865805975,88.39241508707809,0.28000185151801055
0.00025,0.00025,0.00325,1.2320648272307362,87.8890965106336,-2.0896718922104394
0.005,0.00175,0.00275,0.337438781325995,88.74726951391219,-0.40943373300348324
0.001,0.005,0.00275,1.2525949255122626,85.37387620225034,1.4137043155275295
0.00475,0.004,0.00475,0.45486554083888536,88.06128126037797,0.9913853660287949
0.0015,0.00125,0.00175,1.0590447226344477,88.07142027369031,-0.8429429947764134
0.00325,0.002,0.00375,0.2652538752366583,88.34154696517685,-0.21519231394088303
0.0035,0.003,0.00375,0.5829895620879401,88.04404761646754,0.43370529669937546
0.00375,0.0025,0.00475,0.6454442821233214,88.27342957401449,0.13333603225675808
0.002,0.00125,0.00275,0.8142233006272415,88.32832604918204,-0.8290590184540678
0.0025,0.00375,0.00225,-1.596599127285233,89.65406795891118,0.791423478654973
0.003,0.005,0.00175,0.3790932702077243,87.28507712672899,1.4183954712535327
0.00175,0.002,0.00175,-1.0452363246476195,87.95691732596629,-0.24603643109681325
0.00075,0.00225,0.00275,-1.6083580112088496,88.73296629685842,-0.08915565549335795
0.00425,0.005,0.00275,0.7117078756556704,87.71219916546424,1.4476943567298148
0.001,0.00075,0.00375,0.9030429889820571,88.16982930341918,-1.3383064549638022
0.003,0.0035,0.00275,0.37387970577570506,87.72229798690167,0.703463135615346
0.002,0.003,0.00475,-1.6254898379590395,89.94665145207105,0.4024171767237913
0.0045,0.00425,0.00125,0.342490266034739,87.94881656755929,1.0489394575417958
0.002,0.003,0.00375,-1.6353361811480085,90.05544985455559,0.393125046578011
0.00325,0.00225,0.00125,0.2104736300983581,88.24193034752474,-0.08288612666289803
0.004,0.005,0.00075,0.20991985771050115,87.64355800505678,1.3547018323868156
0.003,0.0015,0.00225,0.12452005151679235,88.5044280814787,-0.6166318186262443
0.0015,0.00425,0.00475,-1.617707309913108,88.92727818889814,1.0638141928165357
0.0035,0.00075,0.00075,0.28446842643093484,89.01946912438471,-1.3780679637352529
0.0035,0.0015,0.00125,0.3904118375497765,88.61454257270096,-0.6372260724370494
0.00375,0.001,0.00475,0.28891751483483924,88.90680428362228,-1.05772856332547
0.005,0.005,0.00125,0.333240916493167,87.8890965106336,1.400698802765431
0.00375,0.001,0.00175,0.5011122885467457,88.9057807121034,-1.0800675305516194
0.004,0.00475,0.00275,0.5842051600125042,87.70210150662979,1.3326468751484097
0.0045,0.0005,0.00025,-1.1252929026306888,89.59009559608118,-1.7400979670347043
0.00375,0.00225,0.00125,0.42250362275826836,88.3618907001594,-0.08218871000295434
0.001,0.0025,0.00125,-1.4706604809716728,87.99439304035127,0.05473508023821438
0.00075,0.00475,0.00375,0.950019095444656,84.8271742323194,1.3025625573611264
0.00475,0.00275,0.00175,0.42855459909387633,88.39037979993715,0.2547175074804432
0.00025,0.00475,0.00175,-0.45050639071900206,81.56240064797797,1.166973629470129
0.005,0.0005,0.00025,-1.2388486580860232,89.81213076219717,-1.7404136799275403
0.00175,0.00375,0.00175,-1.668097895879371,89.9611503078252,0.7623262457023359
0.00075,0.002,0.00475,-1.547815831908116,88.39750350996614,-0.23943113314402112
0.0025,0.00225,0.00025,0.44330385391192034,87.9964192094551,-0.20584104515102936
0.004,0.002,0.00175,0.3714485099265768,88.50340914246036,-0.24009234756612316
0.00375,0.0005,0.00375,1.2564848388708678,89.22570743729062,-1.6618514380516805
0.00025,0.0025,0.005,1.6265398603953871,83.61226724529278,0.07741570077061849
0.0025,0.00275,0.005,0.6347200070999448,87.78695798341299,0.2901686878237114
0.00075,0.00375,0.00325,-1.5455737290694755,87.17360373858136,0.7923222357205962
0.0005,0.0015,0.005,0.755199268067852,86.38135256961758,-0.6088648552016862
0.00025,0.00075,0.00225,-1.4778568206850922,87.72835783786911,-1.364042683862727
0.00275,0.00125,0.00175,0.8123053572351512,88.57272372577754,-0.8411141140936451
0.00025,0.0025,0.00175,1.615356359489398,83.61226724529278,0.040913863928552945
0.0035,0.00425,0.00225,0.37193474909640245,87.67686244505279,1.0821203110907651
0.005,0.00225,0.00075,0.17509973049354324,88.58088195080384,-0.11030602935435255
0.0015,0.0045,0.00475,-1.562416513646491,88.31409035239497,1.1926637601367531
0.00275,0.0005,0.00275,0.348082016487734,89.09636790795251,-1.6666829773979641
0.00325,0.00125,0.00125,0.20719151570203512,88.68802833470282,-0.8525854886905762
0.00025,0.005,0.00075,1.6921551350346353,81.35607724606547,1.208052364894709
0.005,0.002,0.00025,-0.5369921310586547,88.6849652116219,-0.3693215571673703
0.00075,0.00025,0.00025,0.6500365409494524,88.77690494117356,-2.1417035436448515
0.00225,0.00075,0.00425,1.4863408997623295,88.77690494117356,-1.3348328029299759
0.00375,0.004,0.00475,0.6452281758256212,87.8203169152174,0.9894964079658962
0.0025,0.00075,0.00125,0.3587522649366853,88.84029664017812,-1.3614255212122686
0.00325,0.005,0.00475,-1.5551337314139915,89.25961309204828,1.4366851323926473
0.00175,0.001,0.00325,-0.8089862186729504,88.47793947919406,-1.0669288697647228
0.00425,0.00025,0.005,-0.3603144273737893,89.49731370460762,-2.08365519548849
0.00425,0.005,0.00175,0.10683445237874578,87.71421883673926,1.4220475099682335
0.00425,0.00225,0.00225,-1.2195584696875517,88.90680428362228,-0.06119136254538751
0.0035,0.004,0.00225,0.5136194405261497,87.74552968901351,0.9570484363298715
0.001,0.00325,0.00125,-1.579996760964409,88.32120791397315,0.4842640156324289
0.00125,0.0045,0.00175,-1.582330708979572,88.15257441659365,1.1385001119674705
0.00425,0.00425,0.00325,0.22353725579434036,87.89010837707565,1.1014766267594764
0.00175,0.00125,0.00375,0.46126768990825645,88.21348909448406,-0.8222169749520671
0.0035,0.00075,0.00025,0.21791579072541176,89.01946912438471,-1.4315058129465048
0.00425,0.0025,0.00225,-0.03629274858815077,88.3802040671661,0.1087743956654508
0.003,0.004,0.00225,0.4529746107340081,87.56690497990814,0.955643493740497
0.00125,0.00225,0.00425,-1.5107184845791413,88.72785856373588,-0.06048894990621276
0.0035,0.002,0.00325,0.25468087462167227,88.40157445917927,-0.2191907817283543
0.00375,0.00475,0.00375,0.3257690412501797,87.62842380562425,1.3459693782837636
0.002,0.003,0.005,-1.6256113977514957,89.94872257410363,0.4040357125471783
0.00125,0.0005,0.00125,0.5243977421239513,88.66046403527608,-1.6828913980863487
0.0025,0.00225,0.005,0.3317065617794951,87.9964192094551,-0.03332271396450487
0.0025,0.0025,0.00175,0.20508988195689998,87.89010837707565,0.09545559458647188
0.0025,0.00375,0.00475,-1.5078604787920549,88.94980493037644,0.8329812432295729
0.004,0.00325,0.00475,-1.049982559210862,88.31205686872697,0.5841496113741342
0.002,0.00025,0.00225,0.755199268067852,89.25036481773961,-2.0921391056467313
0.00375,0.005,0.00175,0.2651782380324634,87.5689213056223,1.4210037699921085
0.003,0.00475,0.00075,0.7377486845285542,87.35142616605042,1.2389948316140067
0.003,0.00275,0.00325,0.2747220324046522,87.97919825908578,0.27765997722123376
0.0035,0.0035,0.00275,0.3937884984513434,87.8890965106336,0.704341636731541
0.00225,0.0035,0.00225,0.7358037278492516,87.3745596493073,0.6920610097407249
0.0015,0.00375,0.00125,-1.589151564000737,88.85359418753777,0.7543069744488324
0.003,0.0005,0.00425,0.12417158011175097,89.13535530968372,-1.6603487118811415
0.0015,0.00175,0.00175,0.4065657833028725,87.72229798690167,-0.4292692387161058
0.001,0.0035,0.00175,-1.5651880769144972,88.05722598188488,0.6394439951789305
0.00175,0.00025,0.00125,0.5519783083679498,89.1990029623948,-2.1006693497518842
0.002,0.0015,0.00375,0.31105220237679065,88.16982930341918,-0.6039621439978987
0.00175,0.00025,0.00425,0.8086315501742465,89.1990029623948,-2.085310357094675
0.00225,0.0015,0.00275,0.5231821441993871,88.27342957401449,-0.6114565260867961
0.00425,0.00275,0.005,0.1349931029690925,88.29985694994623,0.2933030727015178
0.00025,0.00475,0.005,1.3208575022983389,81.53986723708145,1.2175112730500275
0.00375,0.003,0.00275,0.42588028365983527,88.10995917178316,0.42310944597876193
0.001,0.00225,0.00125,-1.4856528553746298,88.245994132164,-0.10719481560169503
0.00475,0.005,0.00025,0.17964606673141298,87.83548425627755,1.2190066771874042
0.00325,0.003,0.00325,0.19673467222206303,87.97210825911864,0.4284034066895227
0.00275,0.0035,0.005,-1.5252084118399452,89.26783458483669,0.7003899741932634
0.00125,0.004,0.00075,-1.6570845786828208,89.16204072969009,0.8270822117485229
0.003,0.0005,0.00075,0.356915361406233,89.13535530968372,-1.69598785574108
0.00325,0.00375,0.00025,1.4356639729516134,87.73441810745067,0.6381487303355249
0.001,0.00375,0.005,-1.5304381842442918,87.65566724652388,0.8180240011700841
0.0015,0.002,0.00025,1.0469697832504448,87.56690497990814,-0.3743679652247545
0.004,0.00375,0.005,0.4145617163177831,87.95590469036223,0.8616942598565209
0.0035,0.0005,0.00275,0.34535367447926796,89.1990029623948,-1.666516640989007
0.00375,0.00175,0.00425,0.3433006646511151,88.55437046654392,-0.39821186560489313
0.0015,0.00475,0.00125,-1.6986148064433721,89.74287945007487,1.212530321182911
0.00275,0.00075,0.00275,1.3196148910865624,88.8934987730083,-1.342384409809439
0.00125,0.003,0.00325,-1.6351632961098481,89.38816047621093,0.38385748919226603
0.00125,0.0005,0.00475,0.7147603771106869,88.66046403527608,-1.659513190955379
0.005,0.00425,0.00025,1.6766495081746404,88.0521571463822,0.8823314383516581
0.00025,0.00175,0.00375,-1.4440064704790643,85.74622318210328,-0.4443573186747291
0.0015,0.0035,0.00025,0.5444416012356521,86.79805630533374,0.502108591090578
0.00125,0.0005,0.00325,0.5421724851097991,88.66046403527608,-1.6648522232146228
0.002,0.00125,0.00475,0.5839350271403787,88.32832604918204,-0.8169399103287146
0.003,0.00225,0.00225,0.28930920749942096,88.17084440193558,-0.05732609077262088
0.003,0.0035,0.00025,0.8124134103840014,87.72229798690167,0.5104385414363213
0.00425,0.00375,0.00075,0.49662808286946497,88.015670143002,0.7592056653284649
0.002,0.0045,0.00075,0.44946288339637863,86.85403512378748,1.1170259877062565
0.00125,0.00325,0.00025,0.8854843522939091,86.62435222750806,0.36900020695846314
0.0045,0.004,0.00025,0.0543044140652496,88.01060369957688,0.7627722482312357
0.00425,0.001,0.00075,0.538174518602344,88.97233737824862,-1.1100129928895746
0.00325,0.0005,0.00275,0.5124038426015856,89.16820003799792,-1.6666829773979641
0.0045,0.0005,0.005,0.532663808010987,89.2935316309113,-1.658008040723387
0.00275,0.00225,0.00375,0.38933130606127525,88.08865927549421,-0.0407555871205982
0.0035,0.00025,0.00125,0.27603217683445985,89.43345319325584,-2.1005529807468037
0.00375,0.004,0.00225,1.681160727139134,87.8203169152174,0.9579853343423214
0.0025,0.00025,0.005,0.511323311113084,89.32951992330462,-2.08377350981101
0.0045,0.00125,0.00175,0.18963017768516613,88.88428843215614,-0.8403298567791682
0.00125,0.00275,0.00225,1.637210108844339,86.88803987586658,0.25549266920031816
0.005,0.0005,0.00475,0.6321267315275417,89.32951992330462,-1.6586771889266563
0.00275,0.00325,0.00025,0.5475211159778813,87.70715019073008,0.37863014961143177
0.0005,0.001,0.00325,0.8651163337356579,87.0302036962456,-1.0721005911227148
0.0015,0.002,0.00075,0.9540710885265361,87.56690497990814,-0.28730188951203933
0.00475,0.00425,0.00075,0.7257007584317636,88.00249799669982,1.0093739204325327
0.00275,0.004,0.00025,0.4403864188929668,87.46010612770108,0.7583145327571369
0.003,0.00425,0.00125,1.0240355024070023,87.49334085621828,1.044630920313317
0.0025,0.00325,0.00175,0.449841069417354,87.59715474106304,0.5426885228194607
0.00225,0.00425,0.005,-1.678130630750107,90.27655961053858,1.0590100894306247
0.004,0.00025,0.00025,-1.26241775117896,90.00258848931625,-2.141815175289008
0.0025,0.00475,0.00325,1.0441063748059158,87.10337841567917,1.3341820525821548
0.00025,0.00175,0.00125,1.5821840427924045,84.57947790659561,-0.4730646151125672
0.00175,0.00175,0.00425,0.609489596843437,87.8890965106336,-0.40133371785438654
0.00125,0.002,0.00325,-1.5171422442782818,88.9293258387237,-0.24207507757629407
0.00325,0.00275,0.00475,0.24317321426913224,88.05722598188488,0.2901686878237114
0.001,0.00475,0.00025,0.6814529939776308,85.4860007167466,1.0782597331628658
0.00075,0.0025,0.00025,1.3964947064934377,86.19161136748694,-0.06329763030458968
0.00375,0.005,0.00125,0.6090033576736114,87.56690497990814,1.3975830457609166
0.00325,0.00075,0.00375,0.2619069289510254,88.98258128681087,-1.336468309614009
0.002,0.0015,0.00475,0.49325142196789806,88.16982930341918,-0.5987605685309124
0.0005,0.00425,0.00125,-1.58480512608824,86.1965730982826,0.9645496643128187
0.004,0.003,0.00275,1.6479613971549278,88.16982930341918,0.4235163924821593
0.002,0.0035,0.00325,-1.6504041927551605,90.0284970450016,0.6645739160699725
0.00075,0.005,0.00125,1.7053376191943526,84.70128518608192,1.3511040460116972
0.00225,0.0035,0.00425,-1.6506311043677462,90.18721997796524,0.6750216884158826
0.00375,0.00275,0.00075,0.4826352000933717,88.19013349439642,0.20433117677718332
0.00175,0.0035,0.00175,-1.5279178445473622,88.69721833875053,0.6524212786585963
0.0005,0.00025,0.00075,0.899099049049027,88.50340914246036,-2.1112030437868428
0.00375,0.00175,0.00125,0.5490878866362081,88.55437046654392,-0.439132318471139
0.005,0.00025,0.00325,-0.8644958225659889,89.62310788777255,-2.0877881027399274
0.002,0.00425,0.00375,-1.5487639982892758,88.76259694783813,1.0700678016708
0.0005,0.00325,0.00325,-1.5511492715501425,86.60739979144432,0.5133585583886368
0.0005,0.00075,0.005,-1.3435818739377432,88.17998081450622,-1.3413658012263543
0.00175,0.00425,0.00075,-1.5543692553858768,88.60128080104852,0.9692449534889117
0.00175,0.0005,0.00125,0.9481011520525656,88.86689372526403,-1.682562438673641
0.0005,0.00425,0.00175,-1.5852670532995745,86.20054268857074,0.9857211005309093
0.00475,0.00225,0.005,1.6155724657870985,88.54315645810755,-0.030841093437640726
0.00425,0.00175,0.00025,0.01683698470146326,88.6431131309485,-0.5464429415482788
0.00225,0.003,0.00075,0.5511949230387859,87.56690497990814,0.3474298774100265
0.00375,0.00425,0.00025,0.5675649750895825,87.75462202975163,0.880033135100858
0.00275,0.005,0.00025,0.5961450329604446,87.16557512269966,1.2120325413228825
0.00375,0.0005,0.00475,0.23411295773804774,89.2267346921233,-1.658844427833933
0.0045,0.00275,0.00225,0.4592146800801036,88.34663245977612,0.26597484067751404
0.00025,0.00025,0.00075,0.9438600659601978,87.8890965106336,-2.112238853191475
0.00275,0.004,0.00075,0.5387688109210199,87.46010612770108,0.8814119582871285
0.005,0.003,0.00125,0.08039924951255883,88.36290800987713,0.38627274747446305
0.00475,0.00375,0.00375,0.15536922551350782,88.12314740279149,0.8530128350388424
0.00175,0.00075,0.00025,0.854635178297194,88.61352236595003,-1.4320859205768097
0.0005,0.00475,0.00175,1.332122043065966,83.75967817321579,1.237492525004751
0.001,0.003,0.005,-1.589256915820866,88.5482535586162,0.40120376390706447
0.00125,0.005,0.00475,-1.6067696299207528,88.1789656108036,1.4116209171760945
0.00325,0.004,0.00125,0.7336696781594615,87.66071325757626,0.9225344316087893
0.0035,0.0015,0.00325,0.3200584323334498,88.61454257270096,-0.6059820695952025
0.001,0.0005,0.00175,0.4366855985448495,88.50340914246036,-1.6758020513160032
0.0035,0.0045,0.00375,-1.5555227227498518,89.48288960445598,1.1956379150115335
0.0005,0.0005,0.00325,1.145811401161111,87.8890965106336,-1.666516640989007
0.00225,0.004,0.00175,0.9606893438936073,87.19669012870742,0.9388219777551958
0.00275,0.002,0.00225,0.22547410848747895,88.19927190573559,-0.2321477171093045
0.00025,0.005,0.00375,-0.527813016063835,81.38699245141116,1.3096827280299572
0.005,0.0025,0.00225,0.13466354086509938,88.5044280814787,0.10951594887279517
0.00475,0.00425,0.00025,0.13862098744173587,88.0035111687323,0.88187167185463
0.004,0.00275,0.00025,0.25588836856007235,88.24802609466377,0.10247808263167496
0.0005,0.002,0.00175,-1.502736058207837,87.34036449145673,-0.27393988601985714
0.00375,0.00475,0.00475,-1.5614143206909061,89.54781636758425,1.3224258981105792
0.00025,0.00425,0.00175,1.1505657397105176,81.92849932318144,0.9495610134006648
0.002,0.00375,0.005,-1.637737662381203,89.78525077592235,0.8144065529501662
0.005,0.00175,0.00375,0.3742308785094678,88.74726951391219,-0.40070963490458805
0.00125,0.001,0.00375,1.1253623427412216,88.10995917178316,-1.0643380927509785
0.00325,0.005,0.00375,1.0814387377336396,87.38864389943215,1.4592564140450108
0.00075,0.00425,0.00275,0.8105224802791242,85.09126889973551,1.0551707870042468
0.003,0.00225,0.00325,0.7267542766330525,88.16982930341918,-0.044641830857966344
0.0035,0.0015,0.00375,0.16691740579686648,88.61556279119755,-0.6022294830779332
0.0005,0.0015,0.00025,-1.4123441965372519,87.3997116886225,-0.7569991325274514
0.0025,0.0025,0.00425,0.9491276569666423,87.8890965106336,0.12773744264425657
0.003,0.00225,0.00025,0.2206279247615501,88.16982930341918,-0.2048373343956985
0.002,0.0015,0.00025,0.38363150245943,88.16982930341918,-0.7382216419084293
0.00275,0.0015,0.00475,1.0781431166937103,88.43720326287368,-0.5976031982769928
0.00325,0.005,0.005,-1.5550716008534027,89.25961309204828,1.4387800758999318
0.00275,0.0035,0.00425,-1.5255406752726592,89.26989007635328,0.6951274561050366
0.0035,0.00075,0.00475,0.4212880248337042,89.01946912438471,-1.3325815202239275
0.001,0.00275,0.00375,-1.4973306994366087,87.99439304035127,0.253167719400694
0.00375,0.00025,0.00425,0.4039454944432567,89.4530185060238,-2.0850740687403206
0.001,0.00475,0.00375,0.7565769457156913,85.4860007167466,1.3157948723688562
0.002,0.0045,0.00425,0.7268353164946901,86.85403512378748,1.2234959898143851
0.0005,0.00125,0.00475,0.856553121689284,86.68820292956858,-0.8256405567905423
0.004,0.001,0.005,0.5272071239940549,88.94058875558919,-1.0565460464931373
0.00025,0.00325,0.00125,1.5121656023375136,82.81614295792187,0.44556122380978314
0.002,0.0015,0.00425,0.5711037157144246,88.16982930341918,-0.6010737106860914
0.00025,0.00475,0.00325,1.6434501781904345,81.53986723708145,1.2001030012358855
0.00025,0.00175,0.00275,1.1347359534039716,84.57947790659561,-0.4443573186747291
0.00125,0.00425,0.00175,-1.671388114261858,89.23392580710902,1.004632457660674
0.00275,0.00075,0.005,0.37479815754093104,88.8934987730083,-1.3321718896937016
0.00225,0.00325,0.00275,0.3118734063080517,87.46916889236526,0.5633605932951498
0.0005,0.00125,0.00075,-1.5097973314851938,88.23177170464471,-0.8958546395396207
0.0015,0.00225,0.00425,-1.4941620408465783,88.86382442449798,-0.058029231603185356
0.00375,0.00375,0.00425,-1.45222931510656,89.09431641188552,0.8375249714343334
0.00075,0.00225,0.00225,-1.4520672353832846,87.58807871566206,-0.08358338275523244
0.0005,0.0035,0.00475,-1.4998402338186532,86.0597341192822,0.6650086637981718
0.0005,0.0005,0.005,0.6896110067158167,87.8890965106336,-1.660682785604637
0.00425,0.001,0.00425,0.735263462105001,88.97233737824862,-1.0596191749478308
0.0035,0.0005,0.00425,0.5574349923848818,89.1990029623948,-1.6601816461709356
0.0015,0.00025,0.00075,0.7925586442827881,89.13432910688908,-2.1105119076836085
0.0045,0.0045,0.00075,0.6610849754193792,87.8890965106336,1.1277494521945703
0.003,0.004,0.00325,-1.5419323379532255,89.33466229183598,0.9453553951383539
0.00275,0.0035,0.00325,-1.5261511755636625,89.27400120137754,0.6850612623864516
0.0035,0.00375,0.00375,-1.445346329524806,88.98565468936447,0.8329812432295729
0.0045,0.00125,0.00025,-0.21574741819846485,88.88940517036487,-0.9427936103677125
0.0035,0.00175,0.00175,0.432687632037394,88.50340914246036,-0.4255612056216686
0.00075,0.00425,0.00475,-1.506839376535421,86.61737141083098,1.058529983223056
0.003,0.005,0.00325,-1.5479806129601121,89.09944524062466,1.4210037699921085
0.00375,0.00075,0.00375,0.805308915847105,89.05227115078497,-1.336468309614009
0.00175,0.0025,0.00025,0.9971302683433174,87.48226121037682,-0.051695131774065275
0.002,0.004,0.00375,-1.5711282987725337,89.03381852396011,0.9430208228217817
0.004,0.00175,0.00475,0.5126739754737107,88.6002607469785,-0.3953991239174623
0.00475,0.00075,0.00275,0.4156962743807096,89.15793476051732,-1.3419770367378452
0.0025,0.00175,0.00425,0.4829863728271348,88.23177170464471,-0.3994610378210533
0.00225,0.002,0.00025,0.42228751646056817,88.0085772038668,-0.3718459231743771
0.00225,0.0005,0.00025,0.20206439378909619,89.00204796255258,-1.7397821814379186
0.004,0.0005,0.00425,0.32099849472844616,89.25036481773961,-1.6601816461709356
0.00325,0.004,0.00375,-1.5415973731917902,89.42521644713237,0.9514315762993871
0.00325,0.00375,0.00075,0.4857147148356008,87.73441810745067,0.7574236053530451
0.00175,0.001,0.00375,0.41715499189018657,88.40055670430016,-1.063395178246912
0.00175,0.0025,0.00175,-1.4746746554514554,88.80961758716278,0.07704859828824102
0.0015,0.00325,0.00225,-1.6333426005517235,89.52616888051848,0.5129412690190371
0.00025,0.00075,0.00425,1.4863408997623295,86.38035807326862,-1.344216428288139
0.005,0.005,0.00175,0.3643440153896799,87.89010837707565,1.4236135706203887
0.00425,0.005,0.00475,0.333189591247463,87.7132089952887,1.472430711945463
0.0005,0.004,0.00075,-1.586604211016595,86.37638020236666,0.8080840301567687
0.0025,0.00225,0.00375,0.5219125197003978,87.9964192094551,-0.04110908541382684
0.00225,0.0015,0.00225,0.4081865805356247,88.2744458652799,-0.6174933251646736
0.0035,0.002,0.00375,0.35113451794275047,88.40157445917927,-0.2148588588737735
0.00375,0.00075,0.00075,0.2080775515226065,89.05329640884712,-1.3778683973820527
0.00225,0.001,0.00375,0.36477622798508064,88.589040927265,-1.0626877073519416
0.00025,0.00075,0.00275,-1.3570209843259797,87.18564804898199,-1.3565835333004577
0.003,0.0015,0.00425,0.6121368989902654,88.50340914246036,-0.5999174059188291
0.004,0.004,0.00275,0.620997257195977,87.8890965106336,0.9678357990991253
0.0025,0.00275,0.00075,0.44154799024310565,87.787968673935,0.2016601061426586
0.002,0.00225,0.00025,0.40151429859412846,87.76270490135695,-0.20717878700841202
0.00275,0.00425,0.00075,0.5170771412893542,87.38361354950017,1.0036848199876427
0.001,0.00275,0.00425,-1.620978618994546,89.01229529186917,0.2442702749776578
0.00375,0.001,0.00275,1.029789332583272,88.9057807121034,-1.0685758385675896
0.00275,0.00125,0.00475,0.9378901294862274,88.57272372577754,-0.8161473020979941
0.00075,0.0005,0.00225,1.0621782639511017,88.27342957401449,-1.6714984123492804
0.002,0.0025,0.00075,0.5223717455830111,87.64355800505678,0.04672595438834227
0.0005,0.00275,0.00175,-1.5405708682777137,86.92205794135306,0.20433117677718332
0.00025,0.0015,0.00225,1.0076114237817808,84.95716271561216,-0.6434847866036343
0.00275,0.00325,0.00425,-1.5167856688870764,89.29455966660336,0.558287257580118
0.0005,0.0025,0.00375,-1.5957428060805956,87.60421452212908,0.07594754439245105
0.00175,0.00175,0.00475,0.6577623410922375,87.8890965106336,-0.3985242125921139
0.005,0.00225,0.00175,0.39489604322705724,88.57986213158289,-0.0657531044903131
0.0025,0.00125,0.00275,0.5995216938620115,88.50340914246036,-0.8285334342340456
0.004,0.00225,0.00275,0.28542469679825844,88.41378843172397,-0.04887576015689352
0.0045,0.00425,0.00425,0.3864138710423214,87.94780402521813,1.1126469382519335
0.00175,0.00275,0.00425,-1.6309033007164317,89.94665145207105,0.24813583432214473
0.005,0.003,0.00375,0.32592841964473357,88.3618907001594,0.4357465990296395
0.0045,0.00325,0.00325,0.1645240285498359,88.20434921008831,0.5743768952442914
0.0005,0.00325,0.00475,-1.502981879121471,86.26507415880033,0.5300895890885191
0.0005,0.00075,0.00075,1.4805330430116344,87.42084499692766,-1.3824526156123822
0.00475,0.00325,0.00475,0.6972287537097515,88.25107412614175,0.5879807674940454
0.003,0.00075,0.00275,0.18390065946738723,88.9416127278528,-1.3421807349987818
0.0005,0.002,0.00325,-1.4912121898829693,87.2690001021285,-0.25196820929992003
0.0005,0.0015,0.00175,-1.4879841020610716,87.787968673935,-0.6491607869412057
0.005,0.00025,0.005,-0.8434227572114903,89.61485367461057,-2.08365519548849
0.00125,0.0015,0.00175,1.0057204936769035,87.68998585047578,-0.6283800253790045
0.00425,0.003,0.00025,0.11874190938203119,88.22466135048299,0.2450430308563786
0.005,0.0025,0.00325,0.5707525429806616,88.50340914246036,0.12252080821077074
0.00025,0.00175,0.00075,1.5799149266665515,84.57947790659561,-0.4984564040501889
0.0035,0.00225,0.00325,0.48009595109539355,88.3049400446062,-0.04393560710954202
0.00225,0.00475,0.00325,-1.5535858700567133,88.81064005155636,1.3020544127535076
0.004,0.00425,0.00075,0.8590653574000499,87.8243612833936,1.0079509083818716
0.00075,0.002,0.005,-1.545090191228371,88.37715157577503,-0.23777743084053593
0.00175,0.0015,0.00275,0.7807538377709102,88.04404761646754,-0.6126075181162387
0.005,0.0035,0.00325,0.4292569445614022,88.23177170464471,0.7140185114371358
0.0005,0.00475,0.00325,-1.562257135251937,85.68997181827343,1.24801957587309
0.00325,0.0025,0.00075,0.5648636463683288,88.14648526279522,0.04963601693413954
0.001,0.0015,0.00175,-1.4265910042131429,88.50239021517297,-0.6397883716894802
0.002,0.0025,0.00175,0.9599869984260815,87.64254897711446,0.09397913244282173
0.00375,0.00175,0.005,0.14326727284229185,88.5553899922795,-0.3944608955108552
0.00275,0.0035,0.00375,-1.525816210802227,89.2719456151999,0.6907475747623806
0.00225,0.004,0.00425,-1.5677408325560818,89.17127985170683,0.9495610134006648
0.002,0.0025,0.00375,-1.4860796653125878,89.03586862699576,0.10543951843987348
0.003,0.00425,0.005,-1.5688024547435344,89.47567842616724,1.0826031333915467
0.00125,0.0015,0.00125,0.34775785704118356,87.69099542455844,-0.6412107244871896
0.00125,0.0005,0.005,0.7231074828593601,88.66046403527608,-1.6590116474882275
0.005,0.001,0.00175,0.32153335781525405,89.05227115078497,-1.0798336536556328
0.00125,0.0025,0.00475,-1.4982950737900962,88.49933350369473,0.10729180139931888
0.00325,0.004,0.005,-1.540989574229508,89.42109835854895,0.9622040460663086
0.00225,0.004,0.00275,0.473909908323723,87.19669012870742,0.9617350844248121
0.00375,0.0035,0.00475,0.72108148631842,87.95995530272991,0.725486462502786
0.00175,0.00375,0.00475,-1.6256113977514957,89.45713806461809,0.8135027113679763
0.00275,0.002,0.00475,0.42320596822579415,88.19724106582959,-0.2095183533934411
0.00175,0.004,0.00075,-1.5471999289596698,88.64005155915683,0.8493631757480323
0.0025,0.00175,0.005,0.3519989431335515,88.23177170464471,-0.3957117947148966
0.0015,0.0045,0.00075,-1.5419674552266018,88.15257441659365,1.085501234813896
0.005,0.00425,0.00225,0.0808233581217955,88.05418464556914,1.0850180788760464
0.00175,0.001,0.00475,0.4938997408609989,88.40055670430016,-1.058910399642282
0.00075,0.001,0.00375,0.7339668243187993,87.56690497990814,-1.0664580634083458
0.00075,0.004,0.00375,-1.5415973731917902,87.00014971923163,0.924392545440375
0.0035,0.0015,0.00075,0.3635606300605165,88.61454257270096,-0.6610379312847642
0.0005,0.00125,0.00025,-1.4173173427130794,87.72835783786911,-0.9602001136490261
0.005,0.00475,0.005,-0.8389331488767668,88.02985773625772,1.3588171401868487
0.00225,0.0015,0.00175,0.6126501514473037,88.27342957401449,-0.6255197203808955
0.0035,0.00425,0.00475,-1.5482588498184013,89.49216197337776,1.0850180788760464
0.00375,0.0015,0.00125,0.3778236457087352,88.66148478246615,-0.6369412085990641
0.00225,0.003,0.005,-1.506998754929975,89.08918787837695,0.41904255673638463
0.00475,0.0025,0.00275,1.6202457644748671,88.4646981511278,0.11694087971058079
0.00375,0.00475,0.00075,0.2618204864319451,87.62842380562425,1.2414998293133803
0.0025,0.00425,0.00025,0.47663825033218904,87.25794886549023,0.8754404957250385
0.00375,0.00075,0.00275,0.6168372109652467,89.05227115078497,-1.3419770367378452
0.0005,0.00025,0.00275,0.34775785704118356,88.50340914246036,-2.0904949595578555
0.001,0.002,0.00125,1.130683960322091,87.0302036962456,-0.26346709240811134
0.00075,0.0005,0.00125,0.867196356851023,88.27342957401449,-1.683549089718248
0.00425,0.00375,0.00475,-1.1818046994793125,88.3964858019553,0.8548389256189705
0.0025,0.0015,0.00125,0.4051340790806082,88.3618907001594,-0.638080467200435
0.00425,0.0015,0.00325,0.6417704750624167,88.74216095745406,-0.6054051140953681
0.0005,0.0025,0.00025,-1.4810011673166312,86.74011627814448,-0.08602251514189056
0.00125,0.00225,0.00025,0.7859944154901422,87.17962568578388,-0.2108544021776693
0.001,0.00425,0.00175,-1.623863638068845,88.23278751630342,1.0084251911230342
0.003,0.00075,0.00075,0.48123050915832005,88.94058875558919,-1.3780679637352529
0.00475,0.00175,0.00325,0.19556769821448117,88.71560120379608,-0.40476360661589067
0.0035,0.005,0.00375,0.25531028421372415,87.48326839292744,1.4603089630320671
0.003,0.0015,0.00175,-0.992114695344169,88.67271377720836,-0.6263781576768913
0.003,0.004,0.00125,0.31268650625314914,87.56690497990814,0.9216056955286588
0.00275,0.00425,0.00475,-1.5541639544030617,89.24625478118597,1.0821203110907651
0.002,0.00125,0.00175,0.5998188400213492,88.32832604918204,-0.8418981005820053
0.0035,0.00125,0.00425,0.2731066378293423,88.73500947243576,-0.8179962955483692
0.003,0.00225,0.00475,0.234191296270964,88.16982930341918,-0.03367706794962171
0.00225,0.0045,0.005,0.5347438311263522,87.0302036962456,1.2319885046009627
0.002,0.00425,0.00025,0.6590859921656516,86.94107383741134,0.8722287927591145
0.00275,0.0025,0.00225,0.5896618440294362,87.98628883046239,0.10655076026191244
0.00275,0.00125,0.00325,0.32988316489264874,88.57374346281414,-0.8243244009014593
0.00175,0.00025,0.00275,0.8306473792524627,89.1990029623948,-2.0897895138750195
0.002,0.00025,0.00275,0.7941524282283275,89.25036481773961,-2.0896718922104394
0.00475,0.00325,0.00225,0.47345068244110966,88.25209016002907,0.559554934484014
0.0015,0.00175,0.005,0.42650158926572346,87.72229798690167,-0.39821186560489313
0.00325,0.004,0.00025,0.5369319073905676,87.66071325757626,0.7600970031142751
0.00325,0.0005,0.00125,0.2808999711901587,89.16922663074838,-1.6820688575095755
0.005,0.0035,0.00375,0.38757544239246017,88.23177170464471,0.7193071465196292
0.0005,0.00025,0.00175,0.8369414751729835,88.50340914246036,-2.096237895563782
0.0005,0.00075,0.00475,-1.3436845244291509,88.17998081450622,-1.3421807349987818
0.003,0.00275,0.00475,0.34964878714606085,87.97818536696447,0.2897770926584496
0.00375,0.00175,0.00275,0.2516688930974744,88.55437046654392,-0.4100558073866898
0.0025,0.00275,0.00275,1.63775037458859,87.78695798341299,0.27025470533193574
0.00275,0.00075,0.00475,0.05956660241425148,88.89554564502511,-1.332786300121412
0.0005,0.00375,0.00175,-1.590002482547932,86.5774918205098,0.7431966311202397
0.0045,0.00475,0.00075,0.23061203571530325,87.83245057851741,1.2435048659665862
0.005,0.005,0.00075,0.40159533845576606,87.8890965106336,1.3567590124945121
0.00375,0.00075,0.00025,0.22716784159570508,89.05329640884712,-1.4313123992072274
0.00325,0.00225,0.00375,0.2964082993788752,88.2409144306059,-0.040048468428478465
0.00025,0.00425,0.00225,-0.897730269823571,82.07483153897633,0.955643493740497
0.00225,0.00275,0.005,-1.496725601803048,89.1261199098434,0.27025470533193574
0.004,0.003,0.005,-0.7208148492112355,88.22262992597015,0.4431050246411707
0.0005,0.0015,0.00225,-1.491879418077119,87.81121776776916,-0.6412107244871896
0.0005,0.00225,0.00275,-1.4744072239080515,86.92906331385277,-0.0856741879960318
0.00425,0.00425,0.00125,0.4054582385271586,87.8890965106336,1.0484605106918479
0.002,0.0025,0.00125,0.6514682451717168,87.64355800505678,0.07741570077061849
0.00275,0.00275,0.005,0.6471461192177111,87.8890965106336,0.29056032807564064
0.001,0.002,0.005,-1.4367615068486623,88.1596789610008,-0.2275032017470156
0.0045,0.00325,0.00375,0.35432208583382946,88.20434921008831,0.579897424476008
0.00375,0.0025,0.00175,0.2544809762962994,88.2744458652799,0.09767156307332876
0.0045,0.003,0.00325,0.5350139639984777,88.27342957401449,0.4300339123700073
0.00225,0.00475,0.00075,0.5107290187944085,86.95008281906851,1.23448946797324
0.0005,0.002,0.005,-1.4447115172753116,87.01217006441847,-0.23810824746141088
0.002,0.004,0.00475,-1.6466817617772733,89.79662209585187,0.93928830127594
0.0015,0.00375,0.00025,0.8138991411806911,86.68820292956858,0.6278027011098998
0.00075,0.0045,0.005,-1.2836042723397514,85.54605763414555,1.1911774529494965
0.00225,0.0005,0.00075,0.673781220409271,89.00102329450668,-1.6961507993463578
0.00325,0.00425,0.00275,0.20413901424701866,87.59110395297141,1.0908196230261005
0.0045,0.004,0.00325,0.44492465114467256,88.0085772038668,0.9762980306329933
0.005,0.001,0.00275,0.6161078522105082,89.05227115078497,-1.0683406385655076
0.00075,0.00425,0.00075,-1.5838812716655715,87.21074570734217,0.944421404942089
0.003,0.002,0.00125,-1.1055191763911132,88.5482535586162,-0.258873098619141
0.005,0.005,0.00425,1.7089033731064072,87.8890965106336,1.4692654214037646
0.00075,0.0035,0.00275,-1.5906129828389353,87.70513068221481,0.6506883833890821
0.0025,0.0025,0.00125,1.6240276246846217,87.8890965106336,0.07888453341547383
0.005,0.002,0.00225,0.22642497619736027,88.66148478246615,-0.23015812715239747
0.00375,0.005,0.00375,-1.5679866534697158,89.5426617292711,1.4267473150863705
0.00175,0.00425,0.00025,0.4801499776698185,86.73412469012779,0.8694779638485317
0.00225,0.00275,0.00325,-1.4976683655267653,89.13227673674324,0.2570435282055744
0.001,0.0025,0.00175,-1.4710440696500906,87.9964192094551,0.07118070286824102
0.00125,0.00175,0.00225,-1.43886854325124,88.6461748084849,-0.43297215251060767
0.00175,0.00375,0.00125,-1.652187069711188,89.76147903270693,0.7458601978407036
0.00075,0.00275,0.00475,1.13705909610425,86.01218889111063,0.2714228821345968
0.0005,0.0045,0.00025,1.1254703958900723,83.91217922531212,0.9346274811245013
0.002,0.002,0.00025,0.5371750269754805,87.8890965106336,-0.3724766514742959
0.00475,0.001,0.00475,0.7164081876306513,89.02766849807772,-1.0574921144127827
0.002,0.004,0.00125,-1.5378236169681991,88.76872866259409,0.890616293197994
0.00225,0.00075,0.00125,0.3259932515340439,88.77792702894672,-1.3616269805125707
0.00175,0.00225,0.00125,0.5720221674796506,87.61026621589808,-0.08671904913721414
0.0015,0.00225,0.005,-1.473040351575097,88.73909596473078,-0.052047370678157144
0.00075,0.00375,0.00475,0.8459639131019703,85.37387620225034,0.8284427431750847
0.001,0.00275,0.00275,-1.6199791273676822,89.00102329450668,0.22962167012696996
0.00225,0.00025,0.00475,0.7253225724107878,89.2935316309113,-2.0842466309102066
0.0005,0.0035,0.00075,-1.6447476104128558,87.32829880766606,0.5536428531013872
0.00075,0.00275,0.00125,-1.5089788288826538,87.55178401684114,0.2001347462739524
0.00075,0.00125,0.00475,-1.5001157693482212,88.76361887088353,-0.834308209902214
0.00425,0.00475,0.00475,0.12097320690578658,87.7707885174566,1.3567590124945121
0.00175,0.00125,0.00475,1.5464994903846456,88.21348909448406,-0.8174681637489628
0.0015,0.002,0.005,0.9526663975914844,87.56690497990814,-0.21185603507028022
0.005,0.0035,0.00225,0.06092266943232085,88.23380333965721,0.6977578063445082
0.0035,0.0035,0.005,0.4247727388841214,87.8890965106336,0.7268118979401593
0.001,0.00025,0.00175,0.9016923246214305,88.94058875558919,-2.0957702979177575
0.00275,0.005,0.00225,0.5569487532150562,87.16557512269966,1.4314519924938387
0.00125,0.0005,0.00025,0.2395237191667185,88.66148478246615,-1.7402558325680697
0.003,0.0035,0.005,-1.5252084118399452,89.36758046108343,0.7012677676064322
0.0025,0.005,0.00375,-1.578443496949688,89.09739367370027,1.4204819901208834
0.00075,0.00125,0.00425,-1.4998618444484233,88.76259694783813,-0.8364045045396202
0.00075,0.0005,0.00475,0.7012537335044192,88.27342957401449,-1.6603487118811415
0.004,0.001,0.00125,0.5652688456765168,88.94058875558919,-1.0905641709840423
0.0045,0.00225,0.005,1.2422488365098614,88.50340914246036,-0.030841093437640726
0.00475,0.00175,0.00125,0.2708618336619806,88.71560120379608,-0.43851693997288227
0.002,0.00375,0.00325,0.5265317918137414,87.12243397912884,0.8388891102852566
0.00375,0.005,0.00275,0.342031040152126,87.56690497990814,1.4466447120288015
0.00475,0.0045,0.00475,0.5297193597048204,87.94476646813752,1.2389948316140067
0.001,0.005,0.005,1.003991643295301,85.37387620225034,1.4398279094930144
0.0015,0.005,0.00025,0.8339430002923919,86.19161136748694,1.1991103599883217
0.003,0.00025,0.00475,0.4940618205842741,89.38816047621093,-2.0841283710609058
0.00025,0.00475,0.00475,1.653850293767261,81.53986723708145,1.2155182041328672
0.001,0.0035,0.00425,-1.5512303114117802,87.94375397242449,0.6789470516448088
0.003,0.00375,0.00275,-1.0968938337841505,87.90731188909061,0.8329812432295729
0.005,0.00125,0.00425,0.3230839205012536,88.94058875558919,-0.8174681637489628
0.00425,0.00175,0.00125,0.8164113768914566,88.64107207133823,-0.4388246469340272
0.00075,0.00125,0.005,-1.4013227753545374,88.25513833187728,-0.8287962414715911
0.00025,0.00475,0.00275,1.476102863908779,81.53986723708145,1.1926637601367531
0.0005,0.00275,0.00025,-1.4903099460900708,86.5814789531573,0.058382303465444006
0.00325,0.00175,0.00175,0.1569846200888173,88.44840385231667,-0.425870404080994
0.00425,0.00275,0.00375,0.9556648724720755,88.29884036612657,0.2842994915379586
0.00225,0.004,0.00325,0.18757986918573458,87.1976940234805,0.9687751812796358
0.00375,0.00425,0.00225,0.8316468708793266,87.75462202975163,1.0826031333915467
0.004,0.00175,0.00125,0.6195925662609254,88.59924070465219,-0.439132318471139
0.00475,0.00025,0.00325,-0.7813705351555756,89.58184442332357,-2.0877881027399274
0.00175,0.00225,0.00075,0.9358101063708621,87.61026621589808,-0.11548422713248974
0.00375,0.00325,0.00225,0.20470359194976057,88.03492528806619,0.558287257580118
0.00425,0.0025,0.00475,0.13657067894230435,88.37918655832136,0.1337096154425064
0.00325,0.001,0.00375,0.27640496019799293,88.82597843013146,-1.0622159243193983
0.00275,0.003,0.00375,0.31024180376041455,87.79706541227277,0.4320731006731716
0.00475,0.00275,0.00475,0.588284166381597,88.39037979993715,0.2921273400536858
0.002,0.001,0.00325,0.6154325200301947,88.50340914246036,-1.0659871486323254
0.0015,0.00075,0.00225,0.8350505450681062,88.50340914246036,-1.347265577195986
0.0025,0.002,0.00425,0.5856368642347685,88.10995917178316,-0.21285732207085925
0.0005,0.001,0.00375,0.9595817991178934,87.0302036962456,-1.0692812761252504
0.00325,0.0025,0.00225,0.16257096788436962,88.14851493399222,0.10766238595956878
0.00275,0.003,0.00175,0.2788361560471212,87.79706541227277,0.40079938609209653
0.00175,0.0005,0.00375,0.4730454831329216,88.86791684907733,-1.662352000859283
0.00025,0.004,0.00375,-0.8050963053143453,82.23373195800185,0.8653552817273534
0.00075,0.005,0.00475,1.118960193671851,84.70128518608192,1.4236135706203887
0.0035,0.00275,0.00125,-0.5594752900056476,88.15358931645473,0.2357816935716707
0.00225,0.00425,0.00225,-1.5500849480339687,88.9436607077471,1.0479816189794853
0.0005,0.0045,0.00425,-1.5552498885490056,85.7857198709099,1.146826110149174
0.00425,0.00325,0.00375,0.11347972103302931,88.15358931645473,0.5794724749773115
0.002,0.005,0.00425,-1.6967941108852476,90.117679446334,1.3970639621450032
0.00175,0.00175,0.00025,0.3136103606758178,87.8890965106336,-0.5493942346654479
0.00175,0.0015,0.00425,0.4911713988525329,88.04404761646754,-0.601651663413624
0.004,0.00175,0.00375,0.904555733065959,88.59924070465219,-0.40133371785438654
0.00125,0.00025,0.00425,1.216964399678929,89.05227115078497,-2.08542848087064
0.002,0.002,0.00175,0.3133915530493963,87.89010837707565,-0.24306592909162544
0.004,0.00325,0.00375,0.8567962412741968,88.09575866874185,0.5790475743999182
0.004,0.0045,0.00025,0.6752129246315353,87.76270490135695,0.996111568740066
0.00025,0.0015,0.005,-1.466316744387897,86.24024864742441,-0.6323789240878813
0.00275,0.00425,0.00325,0.9099854037956788,87.38260751426172,1.0966291878448065
0.002,0.0005,0.00125,0.3892772794868499,88.94058875558919,-1.6823979305604624
0.005,0.0005,0.00225,0.042850780287134876,89.33157683519495,-1.6698397333540045
0.00025,0.00325,0.00375,1.6119526853006185,82.81518950732925,0.4967043997920987
0.00125,0.0025,0.00125,-1.487819321009075,88.43516694445874,0.056558166974228934
0.00375,0.00475,0.005,-1.5613116701994985,89.54678541618345,1.3244682111782506
0.00225,0.0025,0.00275,0.38495515353284443,87.77685171814697,0.11285505213500334
0.00325,0.0005,0.005,0.3187834051770181,89.16922663074838,-1.6581753566647635
0.001,0.00075,0.00325,0.7446370727677506,88.16982930341918,-1.3407543545651412
0.00075,0.00475,0.00025,-1.574945276255665,86.86803546850966,1.040326845120841
0.0025,0.0045,0.00275,-1.562224719307282,89.1086778763905,1.1778237638731568
0.0015,0.0045,0.00025,0.6932848137767212,86.38135256961758,0.9805357271346342
0.004,0.00025,0.005,0.12014389898836186,89.47155801377738,-2.08365519548849
0.00075,0.0005,0.005,0.8031478528701018,88.27342957401449,-1.6596803336199057
0.003,0.004,0.00075,0.2720017943823498,87.56690497990814,0.8827912577843071
0.0015,0.00025,0.00425,0.8500159061838504,89.13432910688908,-2.085310357094675
0.0025,0.001,0.00425,0.6168372109652467,88.66046403527608,-1.0600915558351884
0.005,0.00275,0.005,0.6766716421410123,88.43109444829011,0.29369507383360255
0.0045,0.00075,0.00425,0.1440587621576193,89.13535530968372,-1.3342190994613679
0.00275,0.00025,0.00025,-0.7925999586498266,89.43242355850222,-2.141256888525355
0.001,0.00275,0.00475,-1.4968282522944556,87.99135387417091,0.26053557335273503
0.00425,0.0015,0.00275,0.33371635034810765,88.74216095745406,-0.6100170404649041
0.00375,0.003,0.00225,0.15039878066640142,88.11198800192618,0.4145743831676099
0.0035,0.005,0.00075,0.6173774767094973,87.48226121037682,1.353159568895978
0.00275,0.0045,0.005,-1.5675382329019876,89.28119612574744,1.2030822967316837
0.00075,0.00025,0.00375,0.6850727744641105,88.77690494117356,-2.0868449059297207
0.00375,0.0035,0.00325,0.1945519986152899,87.96096798496868,0.7118170690139767
0.00375,0.00125,0.00025,0.12548172454155865,88.77792702894672,-0.9430432636735593
0.0025,0.00175,0.00025,1.1412191423349802,88.2307559046808,-0.5479190128320783
0.003,0.00125,0.00375,0.4156962743807096,88.63392873279338,-0.8208988477235245
0.003,0.00475,0.00275,1.1318185183850176,87.35142616605042,1.329066855808578
0.001,0.00425,0.00425,-1.5861179718467695,87.85874593377493,1.0556505064477957
0.0015,0.00075,0.00425,0.7099790252740679,88.50340914246036,-1.3354462944695016
0.00225,0.0005,0.00425,0.9683881307491797,89.00102329450668,-1.6605157583583037
0.002,0.00425,0.005,-1.5901348476552732,89.1148334983958,1.0748846430495826
0.00175,0.00425,0.005,-1.5481561993269937,88.55233145028548,1.0787421109726016
0.001,0.0035,0.00275,-1.5573731329239107,87.9933799732946,0.6615320830303841
0.00025,0.004,0.00225,1.2496774904933088,82.13532879500775,0.847995419907727
0.0035,0.00325,0.00425,0.3103417529231008,87.96603157105017,0.5824481491310307
0.004,0.00225,0.00475,0.5769385857523321,88.41378843172397,-0.03261388359302418
0.00275,0.0005,0.00425,0.9136862241437957,89.09636790795251,-1.6603487118811415
0.00325,0.00425,0.00225,0.6734570609627206,87.59009552892516,1.081154833234119
0.0005,0.002,0.00475,-1.5837245945997387,87.95995530272991,-0.24867429462564716
0.001,0.0025,0.00425,-1.4858068311117412,88.08156045436687,0.10247808263167496
0.00325,0.0015,0.00375,0.5553549692695167,88.56252700109464,-0.6025183430209567
0.0015,0.0035,0.00225,-1.6390261961812407,89.47670855891376,0.648090536327592
0.00475,0.00075,0.00225,0.3269927431609075,89.15793476051732,-1.3460465494796678
0.00425,0.0015,0.00075,0.42623145639359833,88.74216095745406,-0.660755809046166
0.0045,0.00325,0.00225,-0.10213763616870533,88.20739573299404,0.5591323268662158
0.0015,0.00325,0.00325,0.4855796483995379,86.9110506394444,0.5637836877381188
0.001,0.00325,0.00275,0.8468013250055586,86.23727006619877,0.5498472582410849
0.0045,0.001,0.00175,0.062027512879313365,89.00307264239554,-1.0800675305516194
0.00425,0.00425,0.00275,0.24549905829813157,87.89010837707565,1.0937234021592008
0.00275,0.002,0.00125,0.32769778995715465,88.19724106582959,-0.25624463286309374
0.00025,0.001,0.00475,1.4752384387179776,85.84203408875207,-1.0728048114841868
0.00125,0.0045,0.00475,-1.6084741683438635,88.40055670430016,1.1817760859054567
0.00025,0.00425,0.00125,0.979058379198131,81.92849932318144,0.9290415754009691
0.0045,0.0025,0.00325,0.4312559278151297,88.4229500185674,0.12214851310991073
0.00125,0.00275,0.00275,0.45556788630641154,86.88803987586658,0.2628656144438159
0.005,0.00025,0.00075,-1.1489106196406085,89.85453478445388,-2.1106271301908484
0.00075,0.00175,0.00125,-1.4473155981625998,87.97919825908578,-0.4602763381188537
0.002,0.0035,0.00425,-1.6393827715724463,89.89902880520809,0.6763296909274061
0.0045,0.001,0.00075,0.4016223517429787,89.00102329450668,-1.1097825637908143
0.004,0.0005,0.00275,0.9372418105931265,89.25036481773961,-1.666516640989007
0.00375,0.003,0.00425,0.5323666618516488,88.10995917178316,0.43819771342191194
0.00325,0.00125,0.00225,0.7609801115313345,88.68700728192067,-0.8332593383266729
0.00425,0.002,0.00475,0.5812066851319126,88.5482535586162,-0.2081816891943164
0.00425,0.0035,0.00425,0.2434649577710277,88.08358863059772,0.7228369646003322
0.003,0.0035,0.00175,1.6647096352266997,87.72229798690167,0.6815662209955508
0.0005,0.00275,0.00325,-1.613568874312148,87.56589683446123,0.22232136506598352
0.00075,0.00025,0.00175,-0.3666274325953588,88.7881485539019,-2.095887217517854
0.00475,0.0005,0.00325,0.39735425236339816,89.31203808435095,-1.663852652370354
0.00175,0.003,0.00325,-1.631122108342853,89.8348816513787,0.38788384680124033
0.0025,0.001,0.00225,-0.8873598688626788,88.76872866259409,-1.0746815437614958
0.0005,0.00325,0.005,-1.622159099645734,87.25995807714509,0.520041726182556
0.00275,0.00475,0.00225,-1.6095222838877101,89.59628447439297,1.2777321424307093
0.00275,0.004,0.00375,0.3841447549164683,87.46010612770108,0.9772393615386857
0.003,0.002,0.00275,0.7232425492954226,88.27342957401449,-0.22484582993851995
0.00025,0.0005,0.00125,-1.2997744260651751,87.65970403212793,-1.6906001791018817
0.0045,0.005,0.00225,0.1834036149826766,87.77685171814697,1.4377324835516387
0.0015,0.004,0.005,-1.540989574229508,88.34561533743651,0.9528350638927591
0.00375,0.00325,0.00375,0.36971965954497477,88.03391175436745,0.5786227227381961
0.00225,0.00075,0.00175,0.5317183429585484,88.77690494117356,-1.3525383108149578
0.00075,0.0035,0.00425,-1.6201304017760725,87.99844542521379,0.6632699731581327
0.00325,0.004,0.00325,-0.9184359544719792,87.7849366372766,0.9715946259743321
0.00325,0.0025,0.00125,0.23925628762331436,88.14750009255188,0.08072152569616534
0.00275,0.0025,0.00275,0.47563875870532507,87.98628883046239,0.11434020896279753
0.00225,0.0015,0.005,0.3925999138139919,88.27342957401449,-0.5970243132486027
0.00175,0.00325,0.00125,-1.497781821333058,88.60128080104852,0.500444901435411
0.00225,0.00375,0.00225,-1.5196544799890477,88.89247535467389,0.8004203686960178
0.0025,0.001,0.00325,0.4328497117606692,88.66148478246615,-1.0655161254116858
0.002,0.00075,0.00375,0.4380632761926885,88.70334553715612,-1.3370812363670865
0.004,0.00275,0.00075,0.49192777089448364,88.24701010756544,0.2047129340515325
0.00475,0.0015,0.00175,0.09118835642524539,88.81064005155636,-0.6238019560516436
0.001,0.0035,0.00225,-1.5605390901852199,88.01871014905107,0.6524212786585963
0.001,0.0045,0.00275,0.6385288805969124,85.60024348406553,1.1857320498377562
0.0025,0.00075,0.00325,0.9950232319407396,88.83927383435237,-1.339326824141366
0.00425,0.00175,0.00275,0.06322150017410752,88.6431131309485,-0.4097447880998322
0.0035,0.0035,0.00475,0.28210206247111647,87.89010837707565,0.7250447524114766
0.00325,0.00225,0.00225,0.4583772681765152,88.24193034752474,-0.056974459638637856
0.00125,0.00475,0.005,-1.5613116701994985,87.86785000617252,1.3066298209924252
0.003,0.00175,0.00025,0.45021925543832936,88.38427421969216,-0.5473286862799871
0.00425,0.0025,0.00425,0.2880692976163655,88.37816906119109,0.13034891463855375
0.0045,0.001,0.00025,-0.7029752743360771,89.05022067007164,-1.171714954349509
0.00475,0.00125,0.00375,0.2658562715414979,88.91396961422438,-0.8201076070974925
0.00325,0.00075,0.00275,0.7200549814043437,88.98155684288196,-1.3421807349987818
0.002,0.004,0.005,0.9112550282946679,87.0302036962456,0.9833632985331423
0.00125,0.00425,0.00075,0.8243262700447296,86.15490343532917,0.9890243043559864
0.00375,0.0015,0.00175,0.42401636684217026,88.66148478246615,-0.6243746760097383
0.0035,0.00275,0.00475,-1.3662919444973216,88.96107044092292,0.2796114267856581
0.003,0.00325,0.00225,1.6567947420734268,87.80313042816938,0.5565977026490923
0.0045,0.004,0.00275,0.29305324910707825,88.00959044588907,0.9687751812796358
0.00375,0.00025,0.00475,0.5329069275958999,89.4530185060238,-2.0841283710609058
0.0045,0.004,0.00475,0.24457250254674157,88.00959044588907,0.9909130449570533
0.00325,0.00225,0.00175,0.381848625503403,88.2409144306059,-0.06715534437612183
0.004,0.00325,0.00225,0.2497860669787608,88.0967729144837,0.558709767900118
0.0015,0.00225,0.00375,-1.4930571973995856,88.85666313495777,-0.06119136254538751
0.005,0.0015,0.00175,-0.07432475565467903,88.84234228715644,-0.6238019560516436
0.00025,0.00225,0.00325,1.5584123500453737,83.91217922531212,-0.09298064312515805
0.0025,0.004,0.005,-1.5214049410004202,88.95799788746453,0.9617350844248121
0.00025,0.0035,0.00475,1.6506357125889692,82.5771709318692,0.634696877091499
0.004,0.002,0.005,0.2220029010806681,88.5044280814787,-0.20717878700841202
0.004,0.00475,0.00025,0.5868524621593326,87.70210150662979,1.108272423857988
0.00225,0.004,0.00225,0.5471699432441182,87.19669012870742,0.9518993516373846
0.0035,0.00425,0.00025,1.6766495081746404,87.67585303368111,0.8795736331905384
0.00225,0.0045,0.00425,-1.5336824800385174,88.73807432401419,1.1991103599883217
0.0015,0.0005,0.00475,1.1566167160461251,88.77690494117356,-1.6593460290467403
0.0015,0.00475,0.00275,1.4225895419407468,86.28493971319939,1.3147755951501874
0.00125,0.00025,0.00225,0.5855017977987059,89.05227115078497,-2.092256443279221
0.00475,0.004,0.00125,1.0747934690793561,88.06128126037797,0.9253219232903118
0.00025,0.00375,0.005,1.5116523498804755,82.35216100745593,0.7600970031142751
0.001,0.0045,0.00225,1.6949645169047394,85.60024348406553,1.1753554105154482
0.00475,0.002,0.00375,-1.0506930086645516,88.84336512830923,-0.21652575037127936
0.00075,0.00475,0.00425,0.78064578462206,84.8271742323194,1.3081560109020103
0.005,0.0045,0.005,0.3782288450169233,87.9964192094551,1.2414998293133803
0.00475,0.00475,0.00425,0.686207332527037,87.8890965106336,1.353673597540838
0.00425,0.00475,0.00275,0.7772421104332808,87.7697780247273,1.3331585420461773
0.0015,0.005,0.00475,-1.5674815049988413,88.16678407798959,1.4220475099682335
0.00075,0.002,0.00175,-1.461851448011665,87.8405406187271,-0.26477830259963975
0.00025,0.00425,0.00025,1.6766495081746404,81.92849932318144,0.7667885824913798
0.005,0.00025,0.00225,-1.0497421409546703,89.74081306770086,-2.0921391056467313
0.0025,0.00325,0.00475,0.12987138371359586,87.59816324638189,0.5837241723525097
0.00025,0.001,0.00275,-1.4009229787037918,86.81304709299637,-1.0898660855474402
0.0015,0.002,0.00375,-1.4597525155952509,88.81166252772161,-0.23281060840686066
0.005,0.00275,0.00275,0.1489022445548268,88.43211255475002,0.27415019758488984
0.0035,0.001,0.00225,0.44622128893087426,88.86791684907733,-1.0735087886585621
0.00075,0.0045,0.00225,0.8421010130305777,84.95716271561216,1.1630349347274784
0.00025,0.0035,0.00025,-1.538825809923784,84.32085469566668,0.4117339447838634
0.0005,0.0015,0.00475,-1.4692990112961608,87.67989074889643,-0.6206496379548145
0.005,0.0005,0.00275,0.357320560714421,89.32951992330462,-1.666516640989007
0.0025,0.00375,0.00075,0.5570568063639061,87.42084499692766,0.7547520536718614
0.0005,0.0015,0.00125,-1.5001157693482212,87.8627920717135,-0.6624480553727286
0.00175,0.004,0.00275,-1.6569846295201343,89.72221776728787,0.9137200670551328
0.00175,0.0005,0.00275,0.5252351540275396,88.86791684907733,-1.667015592770835
0.00325,0.00125,0.00375,0.44395217280502125,88.68700728192067,-0.820635131212582
0.00475,0.00175,0.00025,0.5815038312912505,88.71457983357132,-0.5461476253144336
0.0045,0.004,0.00225,0.22470963245936418,88.01060369957688,0.9593910859144832
0.00225,0.003,0.00225,-1.508924802308229,89.10252267958589,0.3903018873535768
0.0035,0.00475,0.00175,0.19069450120134002,87.54775220102302,1.3056126538618635
0.005,0.004,0.00025,0.5145649055785884,88.10995917178316,0.7636644073476807
0.0035,0.00325,0.00075,0.8277569575207214,87.96501883051509,0.4917230894280786
0.0045,0.00175,0.00275,0.6255625027348953,88.6798602415844,-0.4097447880998322
0.0025,0.00075,0.00475,0.3094151971717108,88.84029664017812,-1.3329910564440963
0.00475,0.002,0.00075,0.4119414274581669,88.62678596991046,-0.28209495200854184
0.002,0.0025,0.00275,-1.4868414400119812,89.03996897468586,0.09508641530411806
0.00325,0.0015,0.00025,0.20966053015326103,88.56252700109464,-0.7368551491600698
0.003,0.00175,0.00075,0.40753826164252377,88.38427421969216,-0.46545999577462366
0.00125,0.003,0.00025,0.9418340694192575,86.75309947212071,0.23385546716930836
0.001,0.00425,0.00075,-1.61245322555027,88.11401687878525,0.9495610134006648
0.0005,0.003,0.00475,-1.5899484559735069,87.13246489743119,0.3826504855576253
0.001,0.00125,0.00375,0.9509645604970947,87.64254897711446,-0.82485095417567
0.0015,0.0025,0.005,-1.4834134538647106,88.66250554140797,0.11174163326367616
0.0035,0.003,0.00175,0.20548967860764533,88.04506126686046,0.4024171767237913
0.0035,0.00475,0.00275,0.4692906362103793,87.54573636273986,1.331112227854608
0.0015,0.001,0.00475,0.44508673086794776,88.27342957401449,-1.0593829437123805
0.003,0.00225,0.00425,-1.2958602007480786,88.78712634844973,-0.04393560710954202
0.00275,0.0025,0.005,0.6151353738708569,87.98628883046239,0.1329624920788745
0.00475,0.00325,0.00175,0.7147063505362615,88.25107412614175,0.5473190457073707
0.0045,0.00375,0.00375,0.2112164954967029,88.07243423922432,0.8525564437764636
0.004,0.00275,0.00175,0.08678519060960224,88.24802609466377,0.2543299935482118
0.00075,0.00475,0.00325,-1.562257135251937,86.7600912276279,1.270663428540954
0.00175,0.00075,0.00125,0.5461974649044669,88.61454257270096,-1.361828416620356
0.0035,0.0025,0.00025,0.38925026619963765,88.21348909448406,-0.047465100272843695
0.00125,0.0035,0.00175,-1.6149438506312659,88.91806434812823,0.6368539127835127
0.0005,0.003,0.00325,-1.5079415186536926,86.48982134062764,0.3778266377029401
0.00175,0.002,0.00125,0.6864504521119499,87.74552968901351,-0.25854467277771304
0.0005,0.0005,0.00275,0.8923727405331059,87.8890965106336,-1.66917572687625
0.003,0.002,0.00325,0.3335353613237838,88.2744458652799,-0.21985665612708072
0.0025,0.0005,0.00225,0.8003114577127859,89.05227115078497,-1.6701716219406264
0.00225,0.00175,0.00375,0.5999539064574122,88.13633760780414,-0.40320510473286186
0.0045,0.0015,0.00025,0.4030000293908181,88.77690494117356,-0.736034875855449
0.0015,0.00325,0.00075,-1.5226583575270816,88.54111770005827,0.46197931623180094
0.00275,0.0035,0.00225,0.7977181821403824,87.62237085761676,0.6933748984418053
0.001,0.00025,0.00025,0.49454805975409977,88.94058875558919,-2.14148024179664
0.00375,0.001,0.00025,0.7230804695721474,88.9057807121034,-1.171714954349509
0.004,0.002,0.00225,-1.1165432989025488,88.79121524087081,-0.23380465920395424
0.002,0.001,0.00075,0.601709770126227,88.50340914246036,-1.1109344440391191
0.0035,0.0025,0.00425,0.42666366898899866,88.21348909448406,0.12960256501579673
0.0015,0.00025,0.00025,0.7318597879162215,89.13432910688908,-2.1413685715896222
0.00175,0.00075,0.00175,0.8466122319950712,88.61352236595003,-1.3527407932342723
0.005,0.0015,0.00125,0.19412518867733186,88.84029664017812,-0.63665631196305
0.004,0.0025,0.00325,0.6397174652342639,88.32832604918204,0.12177626086862677
0.00225,0.003,0.00025,0.5323396485644366,87.56690497990814,0.24079507460714122
0.001,0.0035,0.00125,-1.5731326846837037,88.1241619638595,0.6192028206874175
0.00275,0.0025,0.00325,-1.2686848338122683,88.53704032478937,0.11322627722503441
0.00075,0.00325,0.00025,-1.516331845661906,87.26799538641858,0.3394748365879297
0.00175,0.002,0.00375,0.45602711218902453,87.74552968901351,-0.21852475398871712
0.00225,0.005,0.00425,-1.5567734379477924,88.7585093733078,1.4272698163213124
0.00025,0.00475,0.00125,1.6292952156910658,81.53986723708145,1.146335894330561
0.00275,0.001,0.00475,0.18951672187887356,88.72377258893042,-1.0579649850175372
0.0035,0.00475,0.00475,-1.5560305725494477,89.42315737913506,1.3229363882071201
0.00475,0.004,0.00425,0.4003527272439893,88.06128126037797,0.9871364333518631
0.00275,0.00125,0.00375,0.6023310757321151,88.57272372577754,-0.8211625338747198
0.0005,0.003,0.00425,1.1954618230577505,84.95716271561216,0.4028217408045118
0.001,0.00225,0.00325,-1.5997866951763122,89.11996350822731,-0.07939743694712675
0.003,0.0035,0.00325,0.8034449990294399,87.72229798690167,0.7100568272694274
0.00175,0.00425,0.00175,-1.5230311408906148,88.36799473415229,1.0341177156766435
0.0015,0.00025,0.00225,0.5598121616595848,89.13432910688908,-2.0921391056467313
0.0025,0.00325,0.005,-1.5164534054543624,89.1825734120963,0.5625145505268078
0.00125,0.00425,0.00275,-1.5857559937981216,88.290708116894,1.043195733028996
0.0025,0.004,0.00325,0.8163843636042443,87.33835342839707,0.9701846601765538
0.00075,0.001,0.00475,1.3717505354067554,87.56690497990814,-1.0622159243193983
0.00175,0.0005,0.005,0.6219697355356283,88.86791684907733,-1.6585099307641806
0.0025,0.005,0.00225,0.6882603423551895,87.0302036962456,1.4298832250141955
0.005,0.00325,0.005,0.3585631719261974,88.2957906848896,0.58968477818882
0.00075,0.00475,0.00275,1.3090256824992488,84.8271742323194,1.288356598901457
0.004,0.00475,0.00225,0.4470046742600377,87.70210150662979,1.321915466782982
0.0005,0.00225,0.00225,-1.491398581564736,87.02920172976508,-0.09367557513675938
0.003,0.0025,0.00425,1.5862360358742849,88.07142027369031,0.12885638722662027
0.0015,0.0015,0.00175,0.7226752702639594,87.8890965106336,-0.6272362985303241
0.005,0.00425,0.00325,0.4984379731127046,88.0521571463822,1.1024467844207853
0.0005,0.0045,0.00175,1.176741615019464,83.91217922531212,1.125797710606834
0.00075,0.0015,0.005,-1.4653523700344095,88.30595669865149,-0.6151953129998551
0.00325,0.001,0.00325,0.2900304622679958,88.82597843013146,-1.0650449937214543
0.00075,0.00325,0.00325,-1.6078771746964666,88.02783079721219,0.520041726182556
0.004,0.005,0.00325,0.3049174848508237,87.64355800505678,1.4555744005765636
0.00225,0.0025,0.00475,0.5453600530008785,87.77685171814697,0.13034891463855375
0.00075,0.003,0.00075,-1.6126288119171515,88.23786675002532,0.3019375314288622
0.00025,0.00075,0.00475,-1.3522369311606395,87.16958933820766,-1.3470624643828426
0.0035,0.00375,0.00175,0.18229607020696273,87.81728376130962,0.8157627056031502
0.00275,0.0015,0.00025,1.4279111595216163,88.43720326287368,-0.7371285106426804
0.004,0.0035,0.00275,0.3316012099593662,88.02479047615252,0.7056597677434813
0.002,0.00475,0.00425,-1.5616439336322125,88.6951760333362,1.3107008324376153
0.0025,0.00475,0.00125,-1.565239402160201,89.05842287621707,1.2465141527658257
0.004,0.0035,0.00475,-1.3502676625228458,88.80348304799757,0.7144589520124472
0.00325,0.003,0.00025,0.8692763799663882,87.9710954486235,0.243883963758283
0.00175,0.001,0.00025,0.9623101411263595,88.40055670430016,-1.1730543644820826
0.001,0.00025,0.00225,0.6726466623463445,88.94058875558919,-2.0923737674034952
0.00325,0.001,0.00275,0.8406422955211008,88.82495578914929,-1.0688110114928295
0.001,0.00125,0.00425,0.670458586082129,87.64254897711446,-0.8222169749520671
0.00325,0.0025,0.00275,0.3243319343704727,88.14648526279522,0.11508304389354689
0.00425,0.00175,0.00075,0.6761313763967612,88.64107207133823,-0.46454596971524426
0.005,0.00075,0.00375,0.35529456417348076,89.17949320832842,-1.3362639536479362
0.0015,0.00175,0.00025,0.6202949117284512,87.72229798690167,-0.5502789602326393
0.0035,0.00175,0.00275,0.32213035146265134,88.5044280814787,-0.41036679086821176
0.00375,0.00075,0.00175,0.6336664888986558,89.05227115078497,-1.351930723668326
0.004,0.004,0.00475,0.510458885922283,87.8890965106336,0.9899685659318714
0.00425,0.00475,0.00225,0.353592727079091,87.7697780247273,1.3224258981105792
0.00425,0.0035,0.00475,0.8763538612160724,88.08257453664469,0.7263700352612553
0.0045,0.00075,0.00475,0.2256037722660992,89.13535530968372,-1.3325815202239275
0.004,0.001,0.00275,0.5662413240161681,88.94058875558919,-1.0685758385675896
0.00125,0.00125,0.00075,0.5811526585574878,87.8890965106336,-0.8771559375843925
0.00375,0.00075,0.00225,0.41807344365541255,89.05227115078497,-1.3460465494796678
0.004,0.00025,0.00175,-0.53148682312474,89.49319229589932,-2.095302484885469
0.00175,0.00375,0.00375,-1.638102341758572,89.59628447439297,0.8031234778299079
0.00225,0.00475,0.00425,0.4814736287432325,86.95008281906851,1.343404260383503
0.00425,0.00425,0.00475,-1.4918578074473492,89.31615115040745,1.0927552528996538
0.0015,0.00025,0.00475,0.7237828150396737,89.13432910688908,-2.0843648771451257
0.0015,0.002,0.00425,-1.459476980065683,88.81064005155636,-0.22949462502814136
0.0025,0.0025,0.00475,0.2598836337388065,87.89010837707565,0.13109543613442326
0.00375,0.00225,0.00225,0.19869853820241426,88.36290800987713,-0.05627107590990107
0.00275,0.00025,0.00325,0.26673420337590525,89.36140738053955,-2.0877881027399274
0.0045,0.005,0.00325,0.35256622216501476,87.77685171814697,1.4566261016510909
0.00475,0.0015,0.00125,0.9272468943244887,88.80961758716278,-0.63665631196305
0.00175,0.00075,0.00225,0.46345576617247186,88.61454257270096,-1.3470624643828426
0.00175,0.003,0.00125,-1.4926601020775614,88.6798602415844,0.3601961038944315
0.00275,0.003,0.00125,0.3880616815622858,87.79706541227277,0.3830527737829183
0.00075,0.00125,0.00125,-1.5270669260001675,88.94468471537802,-0.8725210959042715
0.004,0.00175,0.00175,0.24726572728183127,88.6002607469785,-0.42525197156250594
0.00175,0.0045,0.00325,0.5936057839624664,86.64230548248584,1.209544501476694
0.00025,0.004,0.00425,-1.0717363594031164,82.43943373328199,0.8598650130051231
0.0035,0.004,0.00325,-0.5076800131043325,87.76674661634073,0.9739456514293405
0.00125,0.00475,0.00025,0.8100092278220858,85.94289918093043,1.0864677135817031
0.0005,0.0035,0.005,-1.3895314754862658,85.50371804366942,0.6728426879086571
0.002,0.00125,0.00425,0.9859467674373278,88.32832604918204,-0.8193160931394485
0.0015,0.00175,0.00275,0.6185120347724238,87.72229798690167,-0.414095801328395
0.002,0.0005,0.00025,0.6057617632081074,88.94058875558919,-1.7397821814379186
0.0035,0.001,0.00075,1.1644235560505474,88.86689372526403,-1.1102433954607311
0.0015,0.00175,0.00075,0.560973733009724,87.72229798690167,-0.4688087250216906
0.0015,0.00425,0.00075,-1.5340714713743777,88.19216417064271,0.9687751812796358
0.004,0.00075,0.00025,-0.42689677769524603,89.09739367370027,-1.4313123992072274
0.00475,0.003,0.00075,0.4753416125459873,88.31917426641908,0.3522117015661783
0.00075,0.004,0.00025,-1.554615076299511,87.10137280936274,0.7069783541003903
0.00175,0.00475,0.00325,-1.6581732141574859,89.46125781292949,1.2797538685233025
0.0015,0.0015,0.005,0.541551179503911,87.8890965106336,-0.5987605685309124
0.00425,0.001,0.00175,0.3386192619771828,88.97233737824862,-1.0800675305516194
0.00275,0.00375,0.00225,0.3634525769116662,87.53968912638125,0.8261754518240351
0.00125,0.003,0.00075,-1.6192227553257315,89.21543553940712,0.30941218395695747
0.004,0.00075,0.00275,0.5623784239447756,89.08200842742012,-1.3419770367378452
0.00025,0.00125,0.00175,-1.4609600095336512,86.62834151820672,-0.8702000707355811
0.003,0.00075,0.00375,0.37493322397699397,88.94058875558919,-1.336468309614009
0.0025,0.00325,0.00125,0.4775837153846277,87.59715474106304,0.5238064216389946
0.00425,0.00425,0.00025,0.9097152709235533,87.8890965106336,0.8814119582871285
0.002,0.00075,0.00025,0.984244930342938,88.70334553715612,-1.431892573628736
0.00475,0.001,0.00375,0.07653364811244494,89.02869347288967,-1.0617440326422893
0.00175,0.0015,0.00025,0.5729136059576643,88.04404761646754,-0.7387680187932074
0.0045,0.005,0.00275,0.7853460965970412,87.77584115561287,1.4487442431482627
0.005,0.0035,0.00125,0.6677032307864503,88.2307559046808,0.665878309425524
0.00175,0.00375,0.00275,0.718704317043717,86.92806251178723,0.8293500252228252
0.0005,0.0035,0.00275,-1.6615795896749865,87.53263454523817,0.6269418217060875
0.00125,0.0045,0.00125,-1.581755325961945,88.14750009255188,1.1170259877062565
0.0005,0.00225,0.00475,-1.5594936759700948,87.51046670540026,-0.07520570404450774
0.00425,0.00375,0.00275,0.5023548997585225,88.015670143002,0.8393439279471362
0.0005,0.00075,0.00375,1.4860977801774171,87.42084499692766,-1.340958193584469
0.00125,0.0045,0.00375,-1.609514179901546,88.41175265244925,1.172395261460405
0.00425,0.003,0.00225,0.5736159514251902,88.22466135048299,0.415386357531446
0.0035,0.002,0.00225,0.24092300744432782,88.40157445917927,-0.23115309392585587
0.0005,0.004,0.00125,-1.6412331817465051,86.94007289707028,0.8393439279471362
0.00225,0.00475,0.00225,-1.5625677880548812,88.88326511985908,1.2827882038969112
0.00375,0.00475,0.00425,-1.5616439336322125,89.54987830599386,1.3183440924524796
0.0045,0.004,0.00375,0.2268517861353183,88.00959044588907,0.9819492686817413
0.0035,0.005,0.00275,0.34619108638285634,87.48326839292744,1.4455953089896247
0.001,0.00175,0.00075,-1.5819066003703353,89.31615115040745,-0.4924329942306605
0.00025,0.00375,0.00275,-0.4302653346106493,82.37112547656854,0.7369887927104558
0.00325,0.00375,0.00325,-1.3691013263674254,88.57986213158289,0.8320731251592574
0.0015,0.00125,0.00375,0.6853699206234483,88.07142027369031,-0.8227440134231637
0.00225,0.003,0.00175,0.6979851257517022,87.56690497990814,0.3991823403089852
0.0005,0.0025,0.00325,-1.4661519633359006,86.65627169767139,0.08182422875146574
0.0005,0.00375,0.00075,-1.6548802944462777,87.27201431866263,0.6776381452850183
0.001,0.00275,0.00075,-1.502927852547046,88.02985773625772,0.17393255855649203
0.0025,0.00375,0.00175,0.4231789549385819,87.42084499692766,0.8125990778790453
0.004,0.00125,0.00475,0.8539868594040931,88.81575255010156,-0.8156187445030837
0.00325,0.00325,0.005,0.16058008861680573,87.89010837707565,0.587129056373696
0.00075,0.00425,0.00375,-1.4886648368988273,86.5027670706499,1.0513350190781534
0.00125,0.00325,0.00475,-1.6302441765084459,89.2051648240515,0.5393245511985452
0.00025,0.001,0.00025,-1.4706550783142303,87.14952010915451,-1.1941388540148126
0.0025,0.00475,0.00225,-1.5761959914536052,89.15177616128526,1.2822823357648203
0.003,0.0035,0.00075,0.42280076891760615,87.72229798690167,0.6260811405042327
0.00325,0.00125,0.00025,0.3248532908136747,88.68700728192067,-0.9432928882386618
0.00175,0.0035,0.00075,1.0112312042682605,87.0302036962456,0.619632344574505
0.00375,0.0045,0.00425,0.38892610675308725,87.68998585047578,1.2329887171927603
0.002,0.00375,0.00225,-1.5089464129379988,88.65944329983783,0.8004203686960178
0.00175,0.001,0.00425,0.6417704750624167,88.40055670430016,-1.061035991363335
0.00025,0.00375,0.00025,-1.5867257708090514,84.48799423887235,0.5258996052772684
0.005,0.0015,0.00225,0.2898008493266893,88.84029664017812,-0.6154826802824698
0.001,0.005,0.00425,1.4653245623109774,85.37387620225034,1.4335445254961237
0.005,0.0045,0.00025,0.4397110867126533,87.9964192094551,0.9980035738986315
0.005,0.00125,0.00125,0.06051476879541146,88.94263671190534,-0.8520653222642425
0.004,0.00425,0.00225,0.3645060951129551,87.82537240453951,1.0830860112824992
0.0025,0.0035,0.005,-1.6536538912068286,90.3555845731743,0.6806929635089292
0.00375,0.005,0.00225,0.4603222248558178,87.56690497990814,1.4356380223674092
0.00475,0.0005,0.00475,0.7291584591949681,89.31203808435095,-1.6586771889266563
0.004,0.00125,0.00375,0.5265858183881663,88.81575255010156,-0.8203713843384065
0.00375,0.00075,0.00425,0.5046240158843756,89.05227115078497,-1.3344236908364275
0.00025,0.00475,0.00075,1.5098154463500226,81.53986723708145,1.1053585980871288
0.00475,0.002,0.00275,0.36456012168738045,88.62678596991046,-0.22351622592873951
0.00175,0.004,0.00225,-1.6674252650277792,89.85453478445388,0.9021515556363909
0.00075,0.00075,0.00025,0.5799100473457109,87.8890965106336,-1.434018166256777
0.0035,0.00225,0.00275,0.4838778113051485,88.3049400446062,-0.04958084652397967
0.00125,0.00275,0.00025,0.739909747505557,86.88803987586658,0.0925033500785788
0.0035,0.0035,0.00175,0.6469570262072233,87.8890965106336,0.6828764842989654
0.00025,0.0015,0.00275,1.566651402645197,84.95716271561216,-0.6375109034807508
0.0035,0.0025,0.00325,0.760196726202171,88.21348909448406,0.12140405148202633
0.00225,0.001,0.00025,1.100591158367327,88.589040927265,-1.1723847750697665
0.00325,0.005,0.00425,0.3634525769116662,87.39065612048607,1.4650484338098446
0.004,0.0035,0.00225,0.33931890611598725,88.02580390483814,0.6964424041020775
0.00325,0.0005,0.00375,0.5124578691760105,89.16820003799792,-1.6620183115310634
0.002,0.002,0.00475,1.290332487748174,87.8890965106336,-0.2111883182483564
0.00325,0.0035,0.00425,0.593740850398529,87.81020680958352,0.7206304473282723
0.003,0.003,0.00275,0.5517892153574618,87.8890965106336,0.42148212839875143
0.0045,0.00175,0.00025,1.237278391662755,88.67883928284036,-0.5461476253144336
0.002,0.002,0.00375,0.6995789096972421,87.8890965106336,-0.21752542478785594
0.00425,0.005,0.00075,0.47626006431121326,87.71219916546424,1.3552160386015435
0.00025,0.0025,0.00275,1.514866931058767,83.61226724529278,0.0587472567874977
0.00225,0.00175,0.00275,0.31868615734305317,88.13633760780414,-0.4119211713396589
0.0045,0.00475,0.00375,0.40956425818346404,87.83245057851741,1.348022536021617
0.00475,0.0045,0.00075,0.36569467975030695,87.94476646813752,1.12823752804677
0.0005,0.002,0.00075,-1.4653442660482456,87.11942492882744,-0.3135153232491498
0.005,0.00275,0.00125,0.2795195922135984,88.43109444829011,0.23770902911827624
0.0005,0.00025,0.00475,0.890373757279378,88.50340914246036,-2.0849559041588024
0.003,0.003,0.00375,0.7412333985789714,87.8890965106336,0.4328891047295182
0.00325,0.0045,0.00425,-1.537410313673847,89.25550262960567,1.2025856045530563
0.0015,0.00225,0.00025,0.925896229963862,87.42084499692766,-0.20918424504987754
0.00225,0.00325,0.00025,0.3156255519018727,87.46916889236526,0.3770233107886038
0.003,0.00175,0.00175,0.3542680592594045,88.38427421969216,-0.42617956694458026
0.0045,0.00025,0.00275,-0.6867997179532112,89.54575447665194,-2.0896718922104394
0.00175,0.00075,0.00075,0.9471286737129148,88.61352236595003,-1.378666524957787
0.00075,0.00125,0.00325,-1.4992540454861412,88.7585093733078,-0.8421593692440447
0.00175,0.0015,0.00375,0.9663621342082396,88.04404761646754,-0.6045394317156374
0.00475,0.002,0.00175,0.4078624210890742,88.62678596991046,-0.2397617593863523
0.0015,0.00075,0.00375,0.7098439588380053,88.50340914246036,-1.337489736608607
0.0015,0.002,0.00275,-1.5059695486871776,89.08303402784719,-0.24504660573373907
0.0025,0.00175,0.00175,0.8327274023678278,88.2307559046808,-0.4267977859009272
0.0035,0.00075,0.00375,0.13789433001571874,89.0204940047974,-1.336468309614009
0.0015,0.005,0.00325,-1.5683243195598724,88.1738897676062,1.4058965163569972
0.001,0.00475,0.00075,-1.6063212093530246,87.81829480097207,1.1793054580629938
0.0035,0.00375,0.00425,0.5509247901666608,87.81627273328705,0.8552955796769107
0.00275,0.002,0.00275,1.5340733782668792,88.19724106582959,-0.22517813527927974
0.00375,0.0005,0.00075,0.556381474183593,89.22570743729062,-1.695824893375146
0.00075,0.00175,0.00275,1.0751716551003314,86.79705701153335,-0.42029938169191977
0.0045,0.00225,0.00075,0.14161135833616337,88.5044280814787,-0.11065152081791263
0.00025,0.0015,0.00375,-1.4086028562583157,85.96071120194819,-0.63665631196305
0.00225,0.00225,0.00475,0.5676460149512201,87.8890965106336,-0.03544822605663184
0.00475,0.001,0.00425,0.41369729112698206,89.02766849807772,-1.0593829437123805
0.00175,0.00225,0.00375,-1.473648150537379,88.93034968131748,-0.058732210548217326
0.00375,0.00225,0.00425,0.22903986239953372,88.3618907001594,-0.03580233534719846
0.00375,0.00025,0.00375,0.015872610347975984,89.45507826160689,-2.086254966625909
0.00375,0.00275,0.005,-1.116694573310939,88.47793947919406,0.28899403756714415
0.00225,0.00075,0.00325,1.1220937349885054,88.77690494117356,-1.339326824141366
0.00225,0.00325,0.00225,0.5765333864441441,87.46816187214024,0.5544868528507034
0.00075,0.00475,0.00075,1.4658108014808031,84.8271742323194,1.1991103599883217
0.0045,0.003,0.00375,0.7582517695228684,88.27342957401449,0.4353382445527295
0.00225,0.005,0.00025,0.7259979045911014,86.87303613852735,1.208549686493612
0.004,0.003,0.00025,0.14230830114624687,88.17084440193558,0.2450430308563786
0.0045,0.0035,0.00125,0.13704881412596634,88.13735232073088,0.6654434615814502
0.00125,0.005,0.00225,-1.5693076032144087,87.8334617927953,1.3820365042216478
0.002,0.0035,0.00025,0.4552437268598611,87.21877848378011,0.5062711687112627
0.0045,0.00225,0.00425,0.37914729678214926,88.50340914246036,-0.035094075995379
0.00275,0.00475,0.00075,-0.8784995106569672,87.34036449145673,1.2359907371842012
0.0015,0.00225,0.00275,-1.4904990391005586,88.84131945777939,-0.07100817604668276
0.0045,0.0005,0.00075,1.4329356309431474,89.2935316309113,-1.695824893375146
0.0035,0.0035,0.00075,0.581584871152888,87.8890965106336,0.6273722366298847
0.0025,0.00325,0.00025,0.32248692685385677,87.59715474106304,0.3778266377029401
0.0005,0.00275,0.00275,-1.484504790668097,86.54659776737367,0.2276989886987228
0.00375,0.00475,0.00175,0.15758971772237823,87.62943267094363,1.3066298209924252
0.001,0.0045,0.00375,1.050508523875287,85.60024348406553,1.1996066520416007
0.00075,0.002,0.00275,-1.5769334541945075,88.63801057004109,-0.2572305912324734
0.005,0.00275,0.00425,0.4766112370449764,88.43109444829011,0.28899403756714415
0.0005,0.00125,0.00275,-1.4051046355642922,87.67585303368111,-0.8452922480996414
0.001,0.003,0.00225,-1.5886653248309113,88.54315645810755,0.37260831762744306
0.00125,0.001,0.005,0.5581103245651949,88.10995917178316,-1.058910399642282
0.00025,0.00125,0.00125,1.542717630174891,85.37387620225034,-0.873294236678517
0.00225,0.00075,0.00075,0.6137847095102302,88.77690494117356,-1.3784670275204751
0.0025,0.0035,0.00175,0.4866061533136145,87.50744425315465,0.6798199070740956
0.00425,0.004,0.00075,0.44473555813418464,87.9518542645278,0.8860114765223185
0.005,0.00225,0.00475,0.4243675395759334,88.57986213158289,-0.03190488998852552
0.00275,0.00075,0.00025,0.1891979650897654,88.89452220312529,-1.4316992044194845
0.00225,0.00075,0.00275,0.5276393365894553,88.77690494117356,-1.342588061172517
0.0005,0.004,0.00225,-1.5698667782597082,86.22833493975608,0.8814119582871285
0.005,0.00425,0.00475,0.2583519803538556,88.05317089014004,1.117512828902912
0.0025,0.0045,0.00375,0.5030302319388357,87.17962568578388,1.222497962752233
0.00425,0.0045,0.00375,0.357320560714421,87.82941700553485,1.2289892482991933
0.00225,0.00475,0.00125,1.5241865151470917,86.95008281906851,1.2762164587385625
0.00075,0.00125,0.00025,1.5331008999272286,87.28407222592651,-0.9490263283957563
0.0025,0.00425,0.00425,0.7479056805204676,87.25694427701164,1.106329649708268
0.004,0.00275,0.00475,0.21004141750295777,88.24802609466377,0.29134374386020306
0.00125,0.00425,0.00325,1.3382270459759988,86.15490343532917,1.081154833234119
0.00025,0.00375,0.00475,1.2570791311895435,82.35216100745593,0.7587600733939431
0.00125,0.00325,0.00375,-1.6269458541397952,89.16922663074838,0.532186390649927
0.00375,0.00375,0.00375,-0.49083452719859566,87.90933605305378,0.8511875852108992
0.00025,0.0035,0.00175,-1.0509280242633006,82.8495206451207,0.5803224229016396
0.00475,0.00025,0.00375,-0.7713378002848401,89.57875042946166,-2.0863729816559435
0.0035,0.00375,0.00225,0.5880410467966841,87.81627273328705,0.8288963580852863
0.00225,0.001,0.00225,1.237737617545368,88.589040927265,-1.0742125227298283
0.00425,0.0045,0.00325,0.37147552321378946,87.82840583782404,1.2229969475577898
0.00025,0.00025,0.00275,0.9517749591134708,87.8890965106336,-2.0915522148065957
0.004,0.001,0.00075,0.42258466261990596,88.94058875558919,-1.1100129928895746
0.0045,0.0015,0.00075,0.16375955252172109,88.77792702894672,-0.6604736543251752
0.00275,0.001,0.00375,-0.8658978121723196,88.82188793684317,-1.063159381764933
0.00125,0.00025,0.00075,0.8843227809437704,89.05227115078497,-2.1106271301908484
0.00125,0.005,0.00025,0.7909378470500359,85.84203408875207,1.1936549168289523
0.00275,0.003,0.00475,0.34748772416905804,87.79706541227277,0.4398327305860607
0.002,0.00375,0.00475,-1.640303924666394,89.81523281686941,0.8121473391545784
0.00325,0.002,0.00275,0.7877232658717442,88.3405299013859,-0.22451348633749124
0.0035,0.0005,0.00225,0.042245682653573965,89.20105686898651,-1.6700056871998368
0.00075,0.004,0.005,-1.6351768027534546,87.86886162800371,0.9229988798485544
0.00225,0.00375,0.00075,0.49838394653827967,87.28407222592651,0.7534169697128963
0.0015,0.00325,0.00475,-1.6186797882527595,89.36758046108343,0.5435299999505846
0.00375,0.001,0.00375,0.7151385631316622,88.9057807121034,-1.061979992062978
0.00025,0.00075,0.00175,-1.3666917411480672,87.21978263285628,-1.36685678954883
0.00075,0.001,0.00025,0.8502590257687631,87.56690497990814,-1.175953247658504
0.0035,0.002,0.00425,0.450705494608155,88.40055670430016,-0.21152219587774687
0.00325,0.00075,0.00125,0.16576934109033364,88.98258128681087,-1.3612240387167722
0.0015,0.00325,0.005,-1.6192281579831738,89.37272502061845,0.5447925789979632
0.001,0.005,0.00475,-1.6448178449596085,88.1241619638595,1.3975830457609166
0.00075,0.001,0.00175,-1.3801551634947948,88.45349549826989,-1.0912620153521098
0.001,0.003,0.00025,0.909742284210766,86.38135256961758,0.22962167012696996
0.0035,0.0025,0.00275,0.3811462800358768,88.21348909448406,0.11545452550537523
0.00425,0.00425,0.00375,0.3956254019817957,87.8890965106336,1.10730092494805
0.0035,0.00475,0.00025,1.2251224124171145,87.54472846100424,1.1068152593726106
0.00125,0.003,0.00225,1.347411563628261,86.75210069590206,0.4036310087108417
0.002,0.00025,0.005,0.4484093651950897,89.25036481773961,-2.08377350981101
0.00275,0.005,0.00375,-1.6953948226076383,90.57221733263005,1.3960259741811076
0.00175,0.004,0.005,-1.6281452440920317,89.38713136290602,0.9425540696033342
0.00475,0.00125,0.005,0.6542506137546077,88.9129459602121,-0.8142968179343397
0.00075,0.00175,0.00425,-1.5047809640498258,88.30799004185631,-0.42308633600854656
0.0035,0.0015,0.00425,0.306430228934726,88.61454257270096,-0.5993390538177839
0.0045,0.005,0.00075,0.23408594445083544,87.77685171814697,1.3557303040198585
0.003,0.001,0.00375,0.5825303362053271,88.77690494117356,-1.0622159243193983
0.0025,0.00025,0.00025,-0.38467771111077476,89.34186210510902,-2.141256888525355
0.0045,0.00125,0.00325,0.3525121955905898,88.88326511985908,-0.8235343436239343
0.00125,0.0045,0.00225,-1.58269268702822,88.15561915123052,1.1522222107183981
0.00475,0.003,0.00225,0.1904108616856082,88.32019108434277,0.415792414830226
0.00225,0.004,0.00075,1.117123290141399,87.19669012870742,0.8791141841792703
0.004,0.00325,0.00025,0.3752033568491191,88.09575866874185,0.38144389873528567
0.00275,0.00175,0.00375,0.40748423506809883,88.31307360470812,-0.40226957288215476
0.0045,0.00025,0.00225,-0.8759899762749227,89.60247378023207,-2.0920217545044704
0.0025,0.005,0.00025,0.434551548855059,87.0302036962456,1.2105395455507648
0.00125,0.0015,0.005,0.5266398449625916,87.68998585047578,-0.5999174059188291
0.00475,0.00025,0.00475,-0.756153631542674,89.57462527053994,-2.0841283710609058
0.0005,0.005,0.00175,0.9434278533647974,83.61226724529278,1.346482579079684
0.00425,0.002,0.00375,0.13832113995367676,88.54927301392787,-0.21452536541402012
0.00125,0.00175,0.00125,-1.4473155981625998,88.68802833470282,-0.4559998191403444
0.005,0.005,0.00325,0.16091235204951979,87.89010837707565,1.4576780449166025
0.00225,0.00175,0.00475,1.3978993974284892,88.13633760780414,-0.3972746088526261
0.00225,0.0015,0.00325,1.1819011528770582,88.27342957401449,-0.6071355821246256
0.00425,0.0005,0.00275,0.19655098186901745,89.27400120137754,-1.666516640989007
0.0015,0.0025,0.00475,-1.4827840442726585,88.65842257615107,0.110257672848723
0.00125,0.0005,0.00175,0.9422932953018709,88.66046403527608,-1.6754714593329274
0.00425,0.00025,0.00425,-0.3983815517136939,89.49937448013708,-2.0850740687403206
0.00175,0.00275,0.00375,-1.6298848997885191,89.93526113329979,0.24465663067531584
0.0025,0.002,0.00325,-1.1509014989081723,88.44331249945381,-0.22418110447177697
0.00175,0.0045,0.00225,-1.6765395481332883,89.78731818152423,1.1419264907555342
0.005,0.00425,0.00075,0.29423643108698744,88.05317089014004,1.009848367013443
0.00025,0.00075,0.00025,-1.3571479467758785,87.18564804898199,-1.4453732454534376
0.00225,0.001,0.00125,0.7000381355798551,88.589040927265,-1.0912620153521098
0.005,0.00475,0.00325,0.22593063304137098,87.94274148836827,1.342378626600144
0.005,0.00175,0.00075,-0.0695136892021265,88.75033478894473,-0.46424122420128033
0.0025,0.00075,0.00425,0.34643420596776914,88.84029664017812,-1.3346282586583904
0.002,0.0025,0.00425,-1.4858068311117412,89.03381852396011,0.10914515092549978
0.0015,0.0045,0.00325,-1.6447449090841346,89.12817213822144,1.1635270732048408
0.0045,0.003,0.00475,0.4413048706581928,88.27342957401449,0.4426958230429556
0.00125,0.00475,0.00475,-1.6074611700733936,88.28664227314705,1.2979913612888767
0.001,0.00425,0.00325,-1.5265860894877843,87.37858348913007,1.0518142968871609
0.003,0.00225,0.00175,0.4001096076590768,88.16982930341918,-0.06750580345991679
0.0015,0.0045,0.00125,-1.6907404332209182,89.72428372148434,1.1000218090539995
0.003,0.003,0.00125,0.45335279675498347,87.8890965106336,0.3834551083260205
0.00325,0.00475,0.00025,0.38419878149089326,87.45406480626535,1.1058440959485858
0.002,0.0035,0.00075,0.644660896794158,87.21877848378011,0.6213509347159899
0.005,0.0035,0.00425,0.35424104597219186,88.23177170464471,0.7237199272191384
0.005,0.00275,0.00375,0.22072787392423673,88.43211255475002,0.28508146554563424
0.0045,0.0045,0.00025,0.15901061662975752,87.89010837707565,0.9970574624067776
0.002,0.00225,0.00125,0.4111850554162162,87.76270490135695,-0.0856741879960318
0.003,0.0005,0.00375,0.24101215129212947,89.13535530968372,-1.6620183115310634
0.001,0.005,0.00325,-1.5683243195598724,87.35746039721522,1.393950715132436
0.0035,0.002,0.00175,0.42047762621732815,88.40157445917927,-0.24042289768771205
0.004,0.003,0.00125,0.4839048245923608,88.16982930341918,0.38546747599535164
0.00475,0.00275,0.00375,0.23323772723236172,88.39139743764954,0.2846904560347822
0.00275,0.001,0.00075,0.36404686923034213,88.72377258893042,-1.1104737715073305
0.001,0.004,0.00325,-1.532612753864901,87.54472846100424,0.9285764315102146
0.00275,0.00175,0.00425,-0.5705885563648845,88.3405299013859,-0.3994610378210533
0.0045,0.0005,0.00475,0.5701852639491983,89.2935316309113,-1.6586771889266563
0.00425,0.0025,0.00175,0.8641978819704315,88.37715157577503,0.09804103999895124
0.00125,0.005,0.00425,-1.612399198975845,88.23583502145041,1.4058965163569972
0.003,0.001,0.005,0.4907121729699199,88.77690494117356,-1.0570191349130111
0.00375,0.0015,0.005,0.08551286478189182,88.66250554140797,-0.5958661432354393
0.0025,0.0045,0.00175,-1.5724978724342091,89.19489529108755,1.1517313736864914
0.00425,0.00225,0.00425,0.1368273051708235,88.46164274146486,-0.03544822605663184
0.00425,0.00075,0.00175,0.2978075876564845,89.10970378386277,-1.351930723668326
0.00375,0.00125,0.00275,0.980463070133183,88.77690494117356,-0.8277448309562051
0.0035,0.0035,0.00425,0.5751286955090924,87.8890965106336,0.7215129018192177
0.00325,0.004,0.00425,-1.5413218376622222,89.42315737913506,0.9561117540213087
0.004,0.0045,0.00175,0.7730550509153378,87.76270490135695,1.1901868666487831
0.0035,0.00125,0.005,-0.9239655743643853,88.86075522974004,-0.8158830385136538
0.00275,0.00075,0.00175,1.2175046654231791,88.8934987730083,-1.3523358050826515
0.005,0.00125,0.00225,0.46016014513254255,88.94058875558919,-0.8327347213773909
0.00325,0.00075,0.00175,0.2596189035241237,88.98258128681087,-1.352133276034669
0.003,0.003,0.005,0.7094117462426046,87.8890965106336,0.4418775611662347
0.002,0.00325,0.005,-1.6259463625129311,89.84936249051763,0.5468978467172394
0.00125,0.00125,0.00425,0.9255180439428863,87.8890965106336,-0.8208988477235245
0.0035,0.00175,0.00375,0.4194511213032519,88.50340914246036,-0.4016457054457626
0.005,0.001,0.00025,-0.9837432776370044,89.21543553940712,-1.172161527201177
0.00325,0.00475,0.00125,0.4987891458464677,87.45406480626535,1.2822823357648203
0.00375,0.00025,0.00125,-0.2213472726376231,89.45816798390968,-2.1005529807468037
0.00325,0.00325,0.00225,0.40856476655660007,87.8890965106336,0.5570200184407097
0.00025,0.003,0.00275,1.4623801140048107,83.06632558524258,0.34942150131947664
0.005,0.004,0.00325,0.7457176042562522,88.10995917178316,0.9772393615386857
0.00125,0.00375,0.00075,0.697769019454002,86.38035807326862,0.7431966311202397
0.0035,0.00025,0.005,0.24538830382055996,89.43345319325584,-2.08365519548849
0.0015,0.0015,0.00275,0.6883143689296148,87.8890965106336,-0.6131828153921877
0.0035,0.00175,0.00025,0.26283618603113634,88.5044280814787,-0.5467382237845548
0.00025,0.0045,0.00125,1.553630998208755,81.7306588721058,1.039370989457529
0.0035,0.00175,0.00125,0.9825971198229732,88.50340914246036,-0.43943995458829443
0.00225,0.00175,0.00125,0.2283186076309589,88.13735232073088,-0.4409776040174482
0.001,0.0005,0.00125,1.4352047470690004,88.50340914246036,-1.6830558493902372
0.00025,0.00375,0.00425,1.2993279123899484,82.35216100745593,0.7547520536718614
0.0045,0.0025,0.005,0.44446542526205957,88.4229500185674,0.13520437836332058
0.003,0.00425,0.00175,0.5932546112287034,87.49334085621828,1.0662183194037853
0.00375,0.00025,0.00175,0.5582724042884702,89.45198864601747,-2.095302484885469
0.00125,0.0015,0.00075,0.6491451024714388,87.68998585047578,-0.6649842340672115
0.00425,0.00475,0.005,0.5350409772856899,87.7697780247273,1.3588171401868487
0.004,0.005,0.00275,0.3553485907479057,87.64355800505678,1.4471695041680959
0.00425,0.005,0.00225,0.5021387934608219,87.71219916546424,1.4372087778269529
0.00375,0.0005,0.00325,0.3826320108325664,89.22570743729062,-1.6640192954646806
0.00325,0.0035,0.00375,0.5114583775491469,87.81020680958352,0.7162212214772218
0.00475,0.0045,0.00225,0.6572220753479866,87.9457789755074,1.2060636509628642
0.00125,0.0025,0.00175,-1.491322944360541,88.45553223872022,0.07264666352921674
0.00375,0.00125,0.00125,0.2476520172889703,88.77792702894672,-0.8523254204489978
0.00225,0.0005,0.00125,0.1990740228946683,89.00204796255258,-1.6822334035065025
0.004,0.00075,0.00075,0.28055149978511695,89.08303402784719,-1.3778683973820527
0.001,0.00175,0.00325,-1.5606714552925611,89.13432910688908,-0.4314298934464958
0.001,0.00125,0.00225,-1.4056611092808704,88.6308674782142,-0.8458139739044079
0.00375,0.001,0.005,0.2062757652655301,88.90680428362228,-1.0567826043196575
0.00225,0.001,0.005,0.8298910072105119,88.589040927265,-1.0574921144127827
0.001,0.00075,0.005,0.8684119547755871,88.16982930341918,-1.3338098460411107
0.00225,0.00475,0.00475,-1.5417810635448352,88.718665385025,1.319364191442642
0.00325,0.00325,0.00075,1.1284418574834507,87.8890965106336,0.49130829079051364
0.00325,0.00225,0.00025,1.101023370962728,88.2409144306059,-0.20450268709888275
0.00075,0.00425,0.00425,-1.498451750855929,86.56353830211687,1.0551707870042468
0.0045,0.005,0.00375,0.06651982254275815,87.77786229231563,1.462941396061726
0.00475,0.0005,0.00025,-1.1874072552471924,89.69949541049256,-1.7402558325680697
0.00075,0.00025,0.00475,0.8611723938026277,88.77690494117356,-2.0847195341792486
0.0005,0.00375,0.00225,-1.5573191063494856,86.29388070512479,0.7592056653284649
0.0035,0.004,0.00075,0.418343576527538,87.74552968901351,0.884171033756935
0.00275,0.00125,0.00025,0.6331262231544053,88.57272372577754,-0.9435424840663282
0.00375,0.00275,0.00275,0.5068120921485906,88.19013349439642,0.272981078963499
0.0015,0.00025,0.00175,0.548412554455895,89.13432910688908,-2.095536418331096
0.001,0.00175,0.00375,-1.5601041762610979,89.13022441385438,-0.4277248474698465
0.001,0.004,0.00475,-1.5410922247209156,87.60724031675906,0.9420873701187586
0.0025,0.00125,0.005,0.7869939071170058,88.50340914246036,-0.8153544200627985
0.00175,0.00375,0.00425,-1.5336932853534024,88.63699009310642,0.8225504992970026
0.001,0.00175,0.00425,-1.5611441878187806,89.13843398895627,-0.4246333966282609
0.0005,0.0045,0.00375,1.4679988777450181,83.91217922531212,1.1635270732048408
0.002,0.003,0.00225,-1.4881083631822491,88.82700108288734,0.3915115341452056
0.004,0.0045,0.00125,-1.2809083462759405,88.34256404067726,1.1586082371810194
0.00125,0.00175,0.00175,-1.4398302162760064,88.65127783937709,-0.44189976889635096
0.00425,0.00275,0.00025,0.22705978844685482,88.29985694994623,0.10247808263167496
0.00475,0.0025,0.00425,0.4299322767417157,88.4646981511278,0.13072215389986577
0.00275,0.0015,0.00075,0.6619223873229678,88.43720326287368,-0.6616020783297496
0.00025,0.00125,0.00225,-1.4606817726753623,86.62734417830887,-0.8627048311330688
0.005,0.00125,0.00075,0.1646861082731111,88.9416127278528,-0.8738095155293976
0.00275,0.004,0.00475,-1.5393849849690835,89.20927296829915,0.9589224481083504
0.00425,0.00325,0.00225,0.2048197490847745,88.15358931645473,0.5591323268662158
0.00225,0.0025,0.00175,0.6926905214580453,87.77584115561287,0.09471727852265358
0.005,0.004,0.00175,-0.9703473885083082,88.26428347912804,0.944421404942089
0.005,0.0015,0.00475,0.19366326146599755,88.84029664017812,-0.5964452949116402
0.00175,0.005,0.00275,-1.5687484281691093,88.45145880471674,1.4012183048819256
0.00475,0.0025,0.005,0.39819166426698654,88.4646981511278,0.13557817666274563
0.00425,0.0005,0.00425,0.4084026868333248,89.2729734023723,-1.6601816461709356
0.00425,0.001,0.00275,0.3133915530493963,88.97233737824862,-1.0685758385675896
0.00025,0.0045,0.00175,1.4705921533174215,81.7306588721058,1.060450739743501
0.0045,0.00025,0.00175,-0.9085220780649789,89.61794891545584,-2.095419458341426
0.0005,0.00375,0.00325,-1.6278372926178089,86.95909273425161,0.767235098795395
0.00075,0.00075,0.00375,0.9368636245721511,87.8890965106336,-1.339326824141366
0.0035,0.0025,0.00375,0.5440093886402518,88.21348909448406,0.12587339361449715
0.00425,0.00275,0.00175,-0.9996243891892538,88.47386501332278,0.2523930929586794
0.0045,0.00275,0.00275,-0.005494899837139278,88.3486667395857,0.2737604465103134
0.00025,0.005,0.00475,-0.7156174927515437,81.4263560675144,1.3168143843118012
0.00425,0.001,0.00225,0.6455793485593839,88.97233737824862,-1.073274156616041
0.0045,0.005,0.00125,0.5588396833199335,87.77584115561287,1.3996599779448846
0.00075,0.0045,0.00175,0.8450184480495316,84.95716271561216,1.1492780359936832
0.0005,0.0015,0.00425,1.234631089515927,86.38035807326862,-0.6123198197992917
0.00275,0.00475,0.00475,1.1501605404023292,87.23585059042877,1.3511040460116972
0.00025,0.00225,0.00375,1.5310478900990754,83.91217922531212,-0.08880768908436595
0.005,0.00175,0.00325,0.565890151282405,88.74726951391219,-0.40476360661589067
0.0035,0.002,0.00125,0.37471711767929344,88.40157445917927,-0.2552583338969543
0.0015,0.0045,0.00375,-1.6373783856612762,89.04304435937414,1.1714089994212187
0.00025,0.00375,0.00375,1.5074382770753196,82.35216100745593,0.7503035664747377
0.004,0.003,0.00325,0.6456063618465966,88.16982930341918,0.42962621555261044
0.00275,0.0045,0.00075,0.314231666281706,87.30919821711919,1.1223843248435552
0.0015,0.004,0.00325,-1.5419323379532255,88.35273543973065,0.9364911652936982
0.00375,0.003,0.00025,0.3527012886010773,88.10995917178316,0.24465663067531584
0.00325,0.00425,0.00075,1.0129870679370752,87.59009552892516,1.0060543233611208
0.00475,0.0005,0.00175,0.06998292596340534,89.31409459370248,-1.6746446462664597
0.00225,0.0025,0.005,0.7116538490812451,87.77584115561287,0.1314687613471597
0.00425,0.0045,0.00125,0.2225431668249191,87.82941700553485,1.1684515755090428
0.0035,0.001,0.005,0.4763681174600635,88.86791684907733,-1.0567826043196575
0.004,0.00175,0.005,0.808901683046372,88.59924070465219,-0.39414808069003787
0.0015,0.00075,0.00325,0.6508469395658285,88.50340914246036,-1.3399387637689826
0.00075,0.0025,0.00375,-1.5949621220801535,88.41277053622721,0.08476663289416879
0.0025,0.00025,0.00175,0.3405993359298617,89.32951992330462,-2.095419458341426
0.0015,0.0035,0.00125,-1.6556420691456712,89.6736815354634,0.6131946757101631
0.00125,0.00225,0.00475,-1.5111074759150016,88.73092316832637,-0.05767768142592905
0.00425,0.002,0.00275,-0.8446194458350056,88.63801057004109,-0.22484582993851995
0.00075,0.0035,0.00125,-1.590056509122357,87.70008211436348,0.610194232765626
0.00425,0.00275,0.00325,0.4393329006916779,88.29884036612657,0.2796114267856581
0.002,0.00475,0.00125,-1.5626245159580274,88.70334553715612,1.2435048659665862
0.00075,0.0005,0.00425,0.63860992045855,88.27342957401449,-1.6618514380516805
0.00425,0.0005,0.00475,0.5319614625434612,89.2729734023723,-1.6586771889266563
0.004,0.0045,0.00425,0.3763919414864709,87.76270490135695,1.2334889098605861
0.00325,0.00375,0.00175,0.49724938847535316,87.7354281930816,0.8148585517912053
0.00475,0.00175,0.00375,0.2998308828687034,88.71457983357132,-0.40102169434204443
0.004,0.0025,0.00375,0.1568333456804271,88.32934297247017,0.12624611758274773
0.00425,0.00375,0.00375,0.3424092261731014,88.0166834666853,0.852100105055045
0.00125,0.004,0.00475,-1.6127071504500676,88.66250554140797,0.9378894917606935
0.00325,0.002,0.005,0.393869538312981,88.34154696517685,-0.2078474269527404
0.00025,0.0045,0.00375,1.4151608879572994,81.72971791853857,1.0980828335780666
0.00125,0.00125,0.00125,0.43952199370216544,87.8890965106336,-0.855444264083239
0.001,0.002,0.00025,0.882945103295931,87.0302036962456,-0.37783198238823523
0.00275,0.0025,0.00175,0.3075566830114885,87.9873018158788,0.09619408067341913
0.0045,0.00475,0.00425,-0.6371871146586688,87.86886162800371,1.3521316891284478
0.00275,0.00075,0.00125,0.19008940356777912,88.89452220312529,-1.3614255212122686
0.004,0.0005,0.00475,0.3804169212811383,89.25036481773961,-1.6586771889266563
0.004,0.00325,0.00425,0.44862547149278986,88.09575866874185,0.5832987823085428
0.00075,0.005,0.00325,-1.5683243195598724,86.68520887681726,1.3815192103644462
0.0045,0.004,0.00075,0.040797770458981995,88.01060369957688,0.8860114765223185
0.005,0.00275,0.00225,0.13040084414296146,88.43211255475002,0.2663636953494942
0.00075,0.0015,0.00325,-1.4905530656749835,88.45145880471674,-0.6263781576768913
0.00125,0.0035,0.00025,0.8333757212609286,86.49977942251563,0.49878197776124167
0.004,0.001,0.00025,0.3691253672262988,88.94058875558919,-1.171714954349509
0.00175,0.0035,0.005,-1.6175074115877353,89.47258809908563,0.6841872002294385
0.00325,0.00125,0.00325,-0.7857520903414489,88.75646565663145,-0.8245876926939814
0.004,0.005,0.00025,0.22124652903871736,87.64355800505678,1.2170129197697332
0.002,0.0005,0.005,0.8075780319729576,88.94058875558919,-1.6585099307641806
0.00125,0.003,0.00275,-1.6331372995689082,89.36552272018847,0.3778266377029401
0.00275,0.00375,0.00375,-1.5304435869017343,89.2226257437521,0.8230034357985067
0.00425,0.00325,0.005,0.3254691937621206,88.15257441659365,0.5888326747506768
0.00425,0.005,0.00025,0.328637852352151,87.7132089952887,1.218009683708666
0.0015,0.00225,0.00175,-1.5989979071897062,89.67677880818619,-0.09853562140365743
0.00175,0.0045,0.00475,-1.6425784434496893,89.36243619768446,1.182270382161778
0.001,0.004,0.00225,-1.5473106834372414,87.65465807916948,0.9104775268272003
0.004,0.0025,0.00075,0.3683689951843477,88.32832604918204,0.05072798158071444
0.0025,0.0015,0.00275,0.6714040511345677,88.3618907001594,-0.6111686952493561
0.00425,0.00125,0.00175,0.7789979741020955,88.8505253461135,-0.8405913059815641
0.0005,0.003,0.00225,-1.519338424528661,86.56652815244284,0.3621950787501497
0.00325,0.001,0.00125,0.47715150278922697,88.82495578914929,-1.0907968125546792
0.00375,0.0015,0.00375,1.364970200316409,88.66046403527608,-0.6022294830779332
0.00125,0.0035,0.00275,-1.6151329436417534,88.92011178579482,0.6580587028376561
0.00175,0.00425,0.00275,-1.6672577826470614,89.75734545901577,1.0345950111562505
0.00225,0.0045,0.00175,-0.650772096797853,87.07029181610213,1.1812818465537844
0.00175,0.00225,0.00475,-1.4731430020665046,88.92830200791735,-0.05239956903158053
0.00025,0.00325,0.00425,1.4629203797490618,82.81518950732925,0.5008607520247031
0.003,0.00325,0.00475,0.8287834624347981,87.80414130488471,0.5850006363729142
0.00425,0.0005,0.00025,-1.0514196660905688,89.49010136392053,-1.7399400833253515
0.002,0.00275,0.00475,-1.4968255509657342,88.9877036833741,0.26791956180021953
0.002,0.0015,0.005,0.682479498891707,88.16982930341918,-0.5976031982769928
0.00275,0.004,0.00325,-1.5474862698041227,89.27091783986032,0.9434876297802581
0.00375,0.005,0.00475,0.5616220519028248,87.56690497990814,1.4708477933614705
0.001,0.002,0.00275,-1.4406433162211036,88.1789656108036,-0.24438653220308293
0.00025,0.00075,0.005,-1.3435845752664646,87.140490463608,-1.3462497792476045
0.0045,0.00225,0.00125,0.712248141399921,88.50340914246036,-0.081839941448559
0.003,0.00475,0.00175,0.2808837632178314,87.35243184229822,1.3035790221001338
0.00075,0.00425,0.00125,-1.58480512608824,87.21978263285628,0.9833632985331423
0.00025,0.00225,0.00475,1.1941111586971243,83.91217922531212,-0.08218871000295434
0.00175,0.005,0.00325,0.7380188174006793,86.46592662115938,1.4408759843865142
0.005,0.003,0.00275,0.42679873542506164,88.3618907001594,0.4243304260567963
0.002,0.00225,0.00375,0.8221922203549394,87.76270490135695,-0.042522671677014415
0.00125,0.0015,0.00325,0.5099186201780324,87.68998585047578,-0.6097290438910269
0.00325,0.00375,0.00225,0.5915527741343135,87.73441810745067,0.8279891804862388
0.0015,0.0035,0.00425,-1.5255406752726592,88.44840385231667,0.688559524312319
0.004,0.0035,0.00075,0.371205390341664,88.02479047615252,0.6282332151518375
0.00225,0.00025,0.00375,0.21499295304901553,89.2935316309113,-2.0863729816559435
0.00225,0.0035,0.00375,-1.6553071043842358,90.24330662267644,0.669794193710773
0.00225,0.002,0.00425,0.882891076721506,88.0085772038668,-0.21352465463469303
0.00225,0.00425,0.00075,0.527612323302243,87.11240421561226,1.0008432158267262
0.003,0.00375,0.00425,-1.5336932853534024,89.34906249864197,0.8279891804862388
0.002,0.00325,0.00425,-1.6340206340607581,89.93733199305751,0.5401652536574093
0.00325,0.00025,0.00075,0.19039735504200225,89.4128627502954,-2.110396671910118
0.00175,0.0045,0.00375,-1.658216435417026,89.55090929300306,1.169437156497819
0.00425,0.004,0.00175,0.19481132617253039,87.95286685349933,0.9453553951383539
0.0025,0.00075,0.00225,0.5251541141659021,88.83927383435237,-1.3464529856191965
0.00325,0.00475,0.00425,-1.5468973801428896,89.25961309204828,1.3188541125867423
0.0015,0.0005,0.00125,0.4564323114972126,88.77690494117356,-1.682562438673641
0.002,0.001,0.00425,0.39781347824601115,88.50340914246036,-1.0605638279653322
0.00425,0.00275,0.00075,0.3566182152468948,88.29884036612657,0.2047129340515325
0.00375,0.0015,0.00025,0.20638651974310174,88.66148478246615,-0.7365817562037434
0.0045,0.00025,0.00075,-1.0354223974033054,89.70259357481044,-2.1105119076836085
0.0025,0.0035,0.00375,-1.5020580246988025,88.99897399380517,0.6920610097407249
0.0015,0.0005,0.00225,0.8673584365742982,88.77690494117356,-1.6705034341158747
0.0045,0.00275,0.00375,0.18182603900946476,88.3476495938258,0.2846904560347822
0.00325,0.00325,0.00325,0.3067570897099974,87.8890965106336,0.5722558138651122
0.00375,0.0045,0.005,-1.5549149237875701,89.55812653442766,1.2075551005487755
0.0025,0.00125,0.00025,0.7261059577399517,88.50340914246036,-0.9437920511598671
0.00425,0.00125,0.00375,0.1832766525327777,88.85154828147786,-0.8203713843384065
0.0035,0.0015,0.005,0.874976183568233,88.61352236595003,-0.5958661432354393
0.00075,0.00125,0.00275,-1.4990568484894895,88.75748750908738,-0.8463355795911979
0.0035,0.0045,0.00075,0.3025754328494971,87.61026621589808,1.1253099156328283
0.00175,0.002,0.00325,0.8419119200200899,87.74451948708555,-0.2221860094726637
0.00125,0.00175,0.00425,-1.4437309349494962,88.67067203602582,-0.4153376604058862
0.0025,0.00475,0.00475,-1.5626434252590764,89.0368936962157,1.3183440924524796
0.0035,0.00225,0.00425,0.5392550500908456,88.3049400446062,-0.03615640387177346
0.00275,0.0005,0.00225,0.958717373927092,89.09636790795251,-1.6700056871998368
0.003,0.00025,0.00025,-0.9536477743535189,89.5302918078896,-2.1413685715896222
0.00125,0.00075,0.00325,0.428041346636838,88.3618907001594,-1.3403466061162421
0.00125,0.00375,0.00025,0.6407979967227654,86.38135256961758,0.6239303043338977
0.0015,0.00375,0.005,-1.610662244608079,89.0614988982916,0.8157627056031502
0.00175,0.0035,0.00125,0.9085536995734141,87.0302036962456,0.6558894641999001
0.0035,0.004,0.00475,0.16674452075870627,87.74653990257201,0.9890243043559864
0.003,0.005,0.00125,0.6174855298583476,87.28407222592651,1.3944694403019071
0.00025,0.00325,0.00175,1.3424681320683673,82.81518950732925,0.46444855780333244
0.00225,0.00075,0.00475,-0.4931738778712013,88.7973489325767,-1.3331957891946948
0.00175,0.004,0.00475,0.9642280845184494,86.82904012021241,0.9795936373001088
0.001,0.0035,0.005,-1.5252084118399452,87.7505808731129,0.6868099905970968
0.00025,0.0035,0.005,1.105210430480671,82.5771709318692,0.6359909495011026
0.00475,0.00375,0.00425,0.5043268697250374,88.12213285340391,0.8575796387467102
0.00475,0.00425,0.00325,0.2669584136597694,88.00249799669982,1.101961677666758
0.00175,0.0025,0.005,-1.485474567679027,88.87200946212413,0.11285505213500334
0.00225,0.00475,0.00175,-0.8175575347054878,87.03320966490162,1.2969761830081858
0.002,0.0005,0.00325,0.5478452754244317,88.94058875558919,-1.6643525241023693
0.00175,0.002,0.00475,1.6004720382352915,87.74451948708555,-0.21218983583035664
0.0045,0.00425,0.00325,0.36990875255546224,87.94780402521813,1.101961677666758
0.0045,0.001,0.005,-0.02247004952149638,89.00307264239554,-1.0565460464931373
0.002,0.00125,0.00225,0.2610560104038303,88.32934297247017,-0.8345703523324113
0.003,0.00075,0.00125,0.3122461896715848,88.94058875558919,-1.3612240387167722
0.00175,0.0045,0.00425,0.8867539767928982,86.64230548248584,1.2210013529757426
0.002,0.00275,0.00275,-1.4787482591631058,88.87917198848197,0.25161864486043406
0.004,0.00125,0.00125,0.6283448713177867,88.81575255010156,-0.8523254204489978
0.00425,0.00125,0.00075,0.3077889972815163,88.85154828147786,-0.8740671104654999
0.0015,0.004,0.00275,-1.6421516335117312,89.2986719277304,0.9146469871931447
0.00075,0.0025,0.00225,-1.4766250147882005,87.53162679434193,0.07704859828824102
0.004,0.00425,0.00025,0.5913636811238261,87.8243612833936,0.880492689916335
0.005,0.0005,0.00375,0.23270016281683206,89.33054837332953,-1.6618514380516805
0.002,0.00375,0.00375,-1.6507013389144987,89.93733199305751,0.801771689857776
0.004,0.0015,0.00075,0.160147876021405,88.70436677804057,-0.660755809046166
0.00225,0.002,0.00175,0.44597816934596146,88.00959044588907,-0.24240539944079587
0.004,0.00275,0.00125,0.29103805788102344,88.24701010756544,0.2369379617614433
0.00425,0.00025,0.00375,-0.43822885168090453,89.50143530311816,-2.086254966625909
0.003,0.0005,0.00225,0.4748823866633739,89.13432910688908,-1.6700056871998368
0.0025,0.00125,0.00325,0.8100902676837235,88.50340914246036,-0.8245876926939814
0.00275,0.00175,0.00475,0.5533289727285764,88.31307360470812,-0.39664959115083837
0.0025,0.00025,0.00375,0.3690443273646612,89.32951992330462,-2.0863729816559435
0.0045,0.00475,0.00475,-1.4841428126194491,89.21235420064117,1.3336702678551648
0.00375,0.00125,0.00425,0.29133790536908255,88.77792702894672,-0.8177322448495212
0.003,0.00075,0.00425,0.775594299913316,88.94058875558919,-1.3344236908364275
0.00275,0.001,0.005,0.8238940574493289,88.72275112462971,-1.0572556382763412
0.00375,0.005,0.005,1.7092545458401704,87.56690497990814,1.4729584729786085
0.00225,0.004,0.00475,-1.6676575792978068,90.22252972553972,0.9360251637866152
0.0005,0.0025,0.00225,-1.4989244833821485,86.84903554752474,0.06642099044557147
0.0025,0.00225,0.00325,0.7570361715983044,87.9964192094551,-0.04570086162608135
0.0015,0.0025,0.00225,-1.475693056379368,88.61760326342818,0.08623885154797999
0.00275,0.001,0.00275,0.358644211787835,88.72377258893042,-1.0690461573443442
0.00425,0.0045,0.00025,0.30829684708111194,87.82941700553485,0.9965844883484134
0.00025,0.0045,0.005,1.5479041813196972,81.72971791853857,1.1087582572053467
0.0015,0.00175,0.00425,0.5108910985176837,87.72229798690167,-0.40226957288215476
0.00325,0.0015,0.00175,0.2934908643599213,88.56252700109464,-0.6246609865399638
0.004,0.0005,0.00225,0.2207359779104004,89.2513923564525,-1.6698397333540045
0.00275,0.002,0.00075,0.41747915133673663,88.19724106582959,-0.2837231504374478
0.00225,0.005,0.00275,-1.5687484281691093,88.85768614098644,1.4058965163569972
0.005,0.001,0.00325,0.41974826746258964,89.05227115078497,-1.0648093871924358
0.0005,0.00175,0.00325,-1.4443414352404997,87.2690001021285,-0.4317384162870699
0.0015,0.0035,0.00275,-1.6315083983499923,89.3922770479139,0.6580587028376561
0.005,0.002,0.00375,0.18502171088670744,88.66148478246615,-0.2138582632989007
0.002,0.0005,0.00175,1.1197165657138017,88.94058875558919,-1.6749754286083691
0.00325,0.00075,0.00075,0.26385458695904895,88.98258128681087,-1.3780679637352529
0.005,0.00325,0.00375,0.29862609025902426,88.2957906848896,0.5803224229016396
0.0045,0.002,0.00125,0.33902986394281315,88.589040927265,-0.2546006119743297
0.0035,0.00225,0.00225,0.19974935507498184,88.30595669865149,-0.05662278801928056
0.0005,0.002,0.00275,1.2589160347199961,85.84203408875207,-0.24372630666737966
0.00225,0.00275,0.00125,0.682074299583519,87.66878747946579,0.23347035492997306
0.00475,0.004,0.00375,0.36669417137717053,88.06128126037797,0.9824205577011768
0.00325,0.00375,0.00125,1.0680401472762222,87.73441810745067,0.7945700339839522
0.001,0.00225,0.005,-1.452634514414748,88.06330896965771,-0.05486382247891744
0.00425,0.002,0.00425,0.39662489360865966,88.5482535586162,-0.2108544021776693
0.00125,0.0045,0.00325,-1.6182637836296865,88.50137129961627,1.1645115201544836
0.003,0.00375,0.005,-1.5333610219206883,89.34700518413393,0.8334353806839663
0.00425,0.0025,0.00125,0.46434720465048557,88.37816906119109,0.08182422875146574
0.00175,0.004,0.00425,-1.6372838391560325,89.48907107698454,0.9355592159268328
0.005,0.001,0.00225,0.08270078158306685,89.05329640884712,-1.0730394975589528
0.0035,0.002,0.00025,0.9106337226887793,88.40055670430016,-0.36995286665712923
0.002,0.0045,0.00375,-1.6808751807309004,90.05752348179276,1.1659886156641113
0.00375,0.0005,0.005,0.47680033005546424,89.22570743729062,-1.6581753566647635
0.00375,0.00375,0.00275,0.5431719767366631,87.8890965106336,0.8384343449831816
0.00225,0.0015,0.00375,0.25897598728846516,88.2744458652799,-0.6036734502881742
0.0045,0.0005,0.00375,0.29201053622067435,89.2935316309113,-1.6618514380516805
0.00025,0.0025,0.00075,1.6217585085587687,83.6132298726349,-0.005199437951401129
0.00275,0.0035,0.00175,0.5236413700820002,87.62237085761676,0.6806929635089292
0.001,0.004,0.00075,0.5939029301218042,85.84203408875207,0.8616942598565209
0.00325,0.00025,0.00175,0.33317338327513574,89.41183335259669,-2.095419458341426
0.001,0.002,0.00425,-1.4348030435257535,88.15054465192469,-0.23148467315781326
0.00425,0.00125,0.00125,0.4805011504035816,88.85154828147786,-0.8520653222642425
0.00425,0.0045,0.00475,0.2447994141593267,87.82941700553485,1.2379932362224626
0.00225,0.0015,0.00425,0.44643739522857445,88.27342957401449,-0.6007846844140597
0.002,0.00125,0.00075,1.2470572016336927,88.32832604918204,-0.8753546403892069
0.00325,0.001,0.00475,0.5711847555760623,88.82495578914929,-1.05772856332547
0.005,0.002,0.00075,0.5156724503543022,88.66046403527608,-0.2817691998356925
0.0005,0.0045,0.00125,1.2745567280160535,83.91217922531212,1.1039024398277566
0.0025,0.0015,0.00475,0.32740064379781686,88.3618907001594,-0.5978925908100883
0.005,0.004,0.00125,0.25425136335499293,88.11097358101519,0.9257866924703747
0.0025,0.00075,0.00375,0.4005688335416898,88.84029664017812,-1.3366726420540862
0.00075,0.003,0.00475,-1.5905832682230014,88.02276365378366,0.3939320814808945
0.00325,0.0015,0.00075,1.0317072759753625,88.56150739319163,-0.6613200210447084
0.0035,0.003,0.00075,0.7455014979585516,88.04404761646754,0.3510156261120121
0.002,0.00125,0.005,0.5906073090818749,88.32832604918204,-0.8158830385136538
0.00125,0.001,0.00225,0.5752367486579423,88.10995917178316,-1.0756192618987643
0.00325,0.00275,0.00125,0.303639756365671,88.05722598188488,0.2357816935716707
0.003,0.00425,0.00225,0.5287198680779568,87.49334085621828,1.0801895776613728
0.00125,0.0035,0.00425,-1.620838149901041,88.98053241074743,0.6737141375943984
0.00275,0.0045,0.00125,0.6526028032346433,87.30919821711919,1.1635270732048408
0.00475,0.0005,0.00375,0.14121966567158165,89.31306633310764,-1.6618514380516805
0.00125,0.0035,0.005,-1.6232207218331864,89.00512203747296,0.6789470516448088
0.00425,0.0015,0.00025,0.45772894928341434,88.74216095745406,-0.736308331770078
0.0015,0.0045,0.00425,-1.6301091100723828,88.96107044092292,1.1778237638731568
0.00025,0.0045,0.00075,1.3041903040882048,81.72971791853857,0.9994231496683034
0.00275,0.003,0.005,0.2676931750719502,87.79706541227277,0.4410594876795551
0.00375,0.00475,0.00225,0.5799640739201359,87.62741495191985,1.32140509421758
0.0005,0.00375,0.00125,-1.6220429425107201,86.89704336205455,0.7193071465196292
0.004,0.001,0.00475,1.5203236150756991,88.94058875558919,-1.0574921144127827
0.00275,0.00275,0.00225,0.45645932478442525,87.8890965106336,0.26325411113228936
0.00275,0.0005,0.00125,0.6124070318623909,89.09636790795251,-1.6822334035065025
0.005,0.0015,0.00025,-0.7678314756046529,88.90475715236869,-0.736308331770078
0.00425,0.00325,0.00075,0.26736091163923614,88.15257441659365,0.4929677719120246
0.0015,0.00275,0.005,-1.472327200792686,88.46877219483976,0.26869776375544835
0.00375,0.00225,0.005,0.19854726379402404,88.36290800987713,-0.03155033196214816
0.0025,0.00425,0.00125,0.35678029497017,87.25895346553473,1.0427174474117056
0.004,0.003,0.00075,0.37976860238803783,88.16982930341918,0.3514142720298656
0.003,0.0025,0.00125,1.6240276246846217,88.07142027369031,0.07998660188652332
0.00425,0.001,0.00125,0.4055662916760089,88.97233737824862,-1.090331502628013
0.00125,0.00025,0.00025,0.47979880493605537,89.05227115078497,-2.14148024179664
0.003,0.00325,0.00375,0.3901957312520763,87.80414130488471,0.5769238051353992
0.00125,0.00425,0.00375,-1.60652651033584,88.48914522788704,1.0532524614321055
0.00025,0.0035,0.00325,1.5308858103758,82.5771709318692,0.6213509347159899
0.003,0.00125,0.00325,0.4661841081809379,88.63392873279338,-0.8240610787946137
0.00375,0.00325,0.00475,-1.3939157320008602,88.97233737824862,0.5731040999004857
0.004,0.0015,0.00225,0.8442620760075805,88.70334553715612,-0.6157700144826075
0.00225,0.0045,0.00125,-1.5588453570769938,88.93239740186752,1.1306787503628406
0.0005,0.001,0.00425,1.2629140012274513,87.0302036962456,-1.0669288697647228
0.00375,0.00225,0.00075,0.13063045708426796,88.36290800987713,-0.11134238442795671
0.0025,0.00225,0.00475,0.4500301624278419,87.9964192094551,-0.03473988515873408
0.00425,0.00175,0.00475,0.2196959663527178,88.64209259526876,-0.3953991239174623
0.0035,0.00075,0.00125,0.6204840047389387,89.01844425577141,-1.3610225330234111
0.00075,0.005,0.00225,1.7073366024480805,84.70128518608192,1.3887667467388727
0.00375,0.00475,0.00325,0.7737573963828637,87.62741495191985,1.3398155751078908
0.00175,0.00475,0.00125,0.9204395459469296,86.55257640104207,1.2711679589199099
0.003,0.00225,0.00125,0.4153451016469465,88.16982930341918,-0.08323477477771486
0.0005,0.004,0.00325,-1.5860504386287382,86.37140812134007,0.8966104860831269
0.002,0.00325,0.00475,-1.628617976618251,89.8783311718425,0.5447925789979632
0.00225,0.00475,0.00275,-1.5626812438611737,88.88428843215614,1.2929178066127198
0.004,0.0015,0.005,1.2497855436421585,88.70334553715612,-0.5955765173855351
0.00275,0.002,0.00375,-0.9091379810134246,88.31612388288625,-0.21719223834550955
0.00125,0.00175,0.00075,1.5754577342764833,87.50744425315465,-0.4700253936674394
0.004,0.00075,0.00325,0.1325078805455393,89.08303402784719,-1.3389187469535857
0.0005,0.00325,0.00225,-1.535276263984057,86.485838428872,0.5000290987199313
0.0045,0.00175,0.00075,0.5758580542638309,88.6798602415844,-0.46454596971524426
0.00175,0.00025,0.00375,0.8366983555880706,89.1990029623948,-2.086490983099779
0.004,0.00475,0.00375,-1.2950254901732112,88.31815746020183,1.3367418602246135
0.00125,0.005,0.00075,0.6527648829579185,85.84203408875207,1.3306007965339066
0.0045,0.00075,0.005,1.0224687317486751,89.13432910688908,-1.3317621648316935
0.0025,0.00275,0.00175,1.1502956068383916,87.787968673935,0.25123148767740977
0.0045,0.00175,0.00325,0.32601216083509255,88.6798602415844,-0.40476360661589067
0.00375,0.002,0.00025,1.287334012867583,88.45451386263281,-0.36995286665712923
0.0025,0.00275,0.00375,0.7766478181146049,87.78695798341299,0.28117339544714626
0.00175,0.00125,0.00225,0.6107862346296387,88.21348909448406,-0.8348324645840829
0.0005,0.0015,0.00375,-1.4327365270539947,87.49233355770481,-0.6243746760097383
0.0035,0.0045,0.005,-1.5549149237875701,89.47773870352027,1.20705789344922
0.001,0.0035,0.00475,-1.5496257221513554,87.93160493305464,0.682439679580322
0.0035,0.00425,0.00325,-1.2125863402579964,88.10995917178316,1.0927552528996538
0.004,0.00375,0.00225,0.4334710173665578,87.95691732596629,0.8298037445937134
0.0025,0.00225,0.00075,0.6902052990344921,87.9964192094551,-0.11306884765044377
0.00425,0.00275,0.00225,0.32900523305824136,88.29985694994623,0.26558603077150617
0.0015,0.001,0.00275,0.4730454831329216,88.27342957401449,-1.070221480605117
0.002,0.00175,0.00025,1.1444877500876964,88.02377705913445,-0.5488042478348476
0.00375,0.0025,0.00425,0.1736085970394113,88.2744458652799,0.12997571834549973
0.002,0.00175,0.00425,0.6774010008957504,88.02377705913445,-0.4003975395379165
0.002,0.005,0.005,-1.6887387486384693,90.00155230218814,1.4058965163569972
0.004,0.00225,0.00375,0.2541595181784703,88.41378843172397,-0.03934118689749234
0.00025,0.0025,0.00125,-0.8553086035850057,83.72400597107037,0.02101626209451636
0.00025,0.004,0.00275,1.6817009928833841,82.13532879500775,0.8575796387467102
0.00275,0.0025,0.00025,0.7486080259879935,87.98628883046239,-0.04852315608662622
0.005,0.00425,0.00125,0.7698404697370461,88.0521571463822,1.0494184595357292
0.005,0.00375,0.00075,0.4893885218965055,88.16982930341918,0.7605427489773793
0.00175,0.00275,0.005,-1.4684264821191961,88.65433979891739,0.27064405276992204
0.00175,0.00275,0.00075,0.789479129540559,87.36148344957014,0.19861008869771946
0.0005,0.004,0.00025,1.4145395823514113,84.23256000178019,0.7100568272694274
0.00025,0.003,0.00425,1.649014915356217,83.06632558524258,0.3645953679997983
0.001,0.00325,0.005,-1.5688861959338933,88.22466135048299,0.545634540661723
0.00025,0.0035,0.00125,1.5521722806992782,82.57812164215593,0.573528316170714
0.0015,0.00225,0.00325,-1.4918551061186278,88.84950242252613,-0.0657531044903131
0.004,0.005,0.005,-1.5673788545074336,89.612790240105,1.4387800758999318
0.0025,0.0035,0.00125,0.48898332258831745,87.50744425315465,0.6606634380434205
0.00125,0.00175,0.00325,-1.4443387339117784,88.6737346654295,-0.42215767207783444
0.0015,0.00275,0.00275,-1.630387346930672,89.73461420605224,0.2327002634515979
0.001,0.00075,0.00175,0.6081929590572352,88.16982930341918,-1.3539551983276084
0.00425,0.00025,0.00025,-1.3109660309573283,90.14154552294114,-2.1419267940818347
0.00025,0.00425,0.00375,1.625918554789499,81.92849932318144,0.9861928238235322
0.004,0.00025,0.00125,-0.6973727185681974,89.51792359535789,-2.1005529807468037
0.002,0.0035,0.00375,-1.5367890080679587,88.94878086379711,0.6863727330428878
0.005,0.002,0.00125,0.010008025694134535,88.66250554140797,-0.25427169421638335
0.0015,0.003,0.00025,0.8274598113613836,87.0302036962456,0.23655249465723138
0.00375,0.002,0.00425,0.2717640774548793,88.45553223872022,-0.2111883182483564
0.0015,0.00125,0.00325,0.6672169916166247,88.07142027369031,-0.8261668070435388
0.00075,0.00225,0.00075,-1.4840050448546651,87.76371531265352,-0.13953126217737977
0.00425,0.003,0.00425,0.1375404559532343,88.22466135048299,0.43901512788483277
0.0035,0.00125,0.00225,1.038190464906371,88.73398787876634,-0.8332593383266729
0.0015,0.00325,0.00125,-1.6493587785400357,89.71085586948801,0.47971329646601
0.00175,0.00325,0.00425,-1.6225345843379881,89.63136286121065,0.5410061497174564
0.00375,0.002,0.00125,0.8814593724992413,88.45451386263281,-0.2549294918664
0.004,0.00425,0.00325,0.5660522310056803,87.8243612833936,1.1005066924595261
0.004,0.004,0.005,0.2293775284896905,87.89010837707565,0.9918577414816229
0.00475,0.00025,0.00175,-1.0003375399716647,89.68813639011934,-2.095536418331096
0.002,0.00425,0.00175,-1.641884201968327,89.65200362147374,1.0183977525832715
0.002,0.005,0.00475,1.3350935046593453,86.68820292956858,1.4603089630320671
0.00025,0.0015,0.00175,-1.4410458142005704,86.1092883459893,-0.659909247421055
0.00025,0.00225,0.00025,-1.4866388403578872,85.31001140175891,-0.26084285982587085
0.002,0.001,0.005,0.5128900817714113,88.50340914246036,-1.05772856332547
0.00425,0.002,0.00125,0.8658727057776086,88.5482535586162,-0.2546006119743297
0.003,0.0025,0.00475,0.9461832086604758,88.07142027369031,0.13221554072697822
0.00375,0.0005,0.00425,0.9668213600908528,89.22570743729062,-1.6601816461709356
0.0025,0.001,0.00375,0.3844689143630188,88.66148478246615,-1.0626877073519416
0.0045,0.00225,0.00475,0.4398731664359285,88.50340914246036,-0.03225940719725105
0.0005,0.00225,0.00375,-1.4506139205312503,86.80105425576438,-0.07450651869826899
0.00025,0.00275,0.00275,1.6116555391412806,83.33165362357515,0.20776857501409457
0.00475,0.00125,0.00025,-0.7142533217473107,88.96414310050537,-0.9430432636735593
0.0045,0.002,0.00325,-1.0398741871359312,88.79632662120184,-0.22085518028820764
0.001,0.005,0.00375,-1.5765282548863195,87.42789056853458,1.3991406552270995
0.0035,0.00325,0.00025,0.7848598574272156,87.96501883051509,0.3806397390117004
0.001,0.00425,0.00475,-1.6685868363779182,88.76259694783813,1.0455879872599156
0.0015,0.00325,0.00175,-1.6409225289435607,89.61175854066916,0.49961334387275275
0.00225,0.00075,0.00225,0.3019784392021002,88.77792702894672,-1.3466561685971365
0.003,0.005,0.00475,-1.5674815049988413,89.25653022747007,1.4340678093339025
0.00425,0.00125,0.00225,0.06889429048874013,88.85257122861918,-0.8329970449517213
0.003,0.005,0.00375,-1.5474808671466804,89.09534215401436,1.4272698163213124
0.00375,0.0045,0.00125,0.2872264830553345,87.69099542455844,1.166973629470129
0.004,0.00325,0.00275,0.4487335246416401,88.09575866874185,0.5671701974338815
0.00075,0.00125,0.00225,-1.4989460940119184,88.75646565663145,-0.8515450360513537
0.00275,0.00475,0.00375,-1.5619194691617804,89.16204072969009,1.3101917509303855
0.00425,0.00075,0.00275,0.49716834861371556,89.10970378386277,-1.3419770367378452
0.00275,0.00125,0.005,0.8110897593105875,88.57272372577754,-0.8150900651892854
0.00225,0.004,0.00375,-1.513371189383412,88.76259694783813,0.9514315762993871
0.001,0.00175,0.00475,-1.5614737499227738,89.1415127745645,-0.42215767207783444
0.0025,0.00075,0.00275,1.3317168437577784,88.83927383435237,-1.342384409809439
0.001,0.00075,0.00475,0.43868458179857706,88.16982930341918,-1.3346282586583904
0.00375,0.00425,0.005,0.23608222637584167,87.75563234799007,1.1170259877062565
0.001,0.003,0.00075,-1.596758505679787,88.61862351716243,0.30941218395695747
0.00075,0.0035,0.00025,-1.538825809923784,87.27201431866263,0.46609566671209945
0.0025,0.00225,0.00425,0.34867630880640954,87.9964192094551,-0.037572270404007936
0.0005,0.001,0.005,0.9101744968061664,87.0302036962456,-1.063866689777471
0.00075,0.00275,0.00225,-1.4986489478525804,87.48528279281588,0.22923704529347513
0.0035,0.005,0.005,0.1931608143238446,87.48326839292744,1.4719030116695357
0.0015,0.005,0.00275,-1.5687484281691093,88.17795041878891,1.3981021891419791
0.005,0.0045,0.00225,0.3859816584469207,87.99743231150256,1.2060636509628642
0.00425,0.00225,0.00375,0.854635178297194,88.46062429502817,-0.038987485055719834
0.00225,0.00125,0.00075,0.6877200766109389,88.4229500185674,-0.8750971936939979
0.001,0.00325,0.00225,-1.5733055697218639,88.26326730486065,0.5154457260219724
0.00375,0.00175,0.00225,-0.6032908418643796,88.58598122302888,-0.4168891802382458
0.003,0.0015,0.00375,0.2505613483217606,88.5044280814787,-0.6028071697096639
0.005,0.00025,0.00425,-0.8507136434301535,89.61794891545584,-2.085192219718422
0.00175,0.002,0.00025,0.6186471012084863,87.74451948708555,-0.3731072345603763
0.00175,0.005,0.00225,-1.5693076032144087,88.45553223872022,1.3903213106373107
0.0025,0.00225,0.00175,0.39000663824158843,87.99743231150256,-0.06855693865525575
0.003,0.00025,0.00375,1.3571903735991993,89.38816047621093,-2.0863729816559435
0.005,0.00325,0.00075,0.22057119685840382,88.2957906848896,0.4937977990989907
0.00375,0.0025,0.00225,0.7100330518484932,88.27342957401449,0.10840368308772193
0.003,0.0015,0.00325,0.2067133805183735,88.5044280814787,-0.6062704975306058
0.0045,0.0025,0.00425,0.018687394875521925,88.42498605567394,0.13072215389986577
0.002,0.0045,0.00125,-1.5540018746797863,88.7176439795228,1.1297020927995138
0.00325,0.001,0.00425,1.012554855341675,88.82495578914929,-1.0598553789877285
0.00225,0.00275,0.00075,0.8240831504598167,87.66878747946579,0.2008973384015269
0.00075,0.005,0.00425,-1.5677111179401477,86.67922108153847,1.3934320496799502
0.00275,0.00425,0.00225,-1.593017165400851,89.58184442332357,1.0441524694734783
0.0045,0.0025,0.00025,0.2903924403166435,88.42396803126047,-0.04640667895641202
0.003,0.00175,0.00375,0.6218076558123531,88.38427421969216,-0.40195765712030684
0.002,0.00425,0.00275,-1.5222315475891235,88.56762521669347,1.0594902509156454
0.00175,0.00475,0.00075,-1.5675274275871027,88.52786691693966,1.1991103599883217
0.00475,0.00275,0.005,0.1406983092283797,88.39139743764954,0.29369507383360255
0.004,0.00075,0.00425,0.47377484188766006,89.08200842742012,-1.3342190994613679
0.00075,0.00275,0.00025,0.9203855193725047,86.01218889111063,0.08329509206602764
0.00275,0.004,0.00425,-1.5875037534807726,89.60763186170274,0.9486260549364726
0.0035,0.00175,0.00225,0.013052423162987355,88.50544703222802,-0.41657894771778897
0.0045,0.00475,0.00325,0.2452127174536784,87.83245057851741,1.3413532289505212
0.002,0.0015,0.00225,0.7077639357226402,88.16982930341918,-0.6177804278940993
0.00375,0.0035,0.00425,-1.343065920151984,88.71662258577982,0.7109368468140426
0.00375,0.00075,0.00125,0.21976890222819176,89.05329640884712,-1.3610225330234111
0.0045,0.00125,0.005,1.5466075435334963,88.88326511985908,-0.8142968179343397
0.00025,0.00225,0.00275,1.6142218014264715,83.91217922531212,-0.09853562140365743
0.00475,0.00375,0.00075,0.46526565641571155,88.12213285340391,0.7600970031142751
0.003,0.0045,0.005,-1.5272398110383276,89.08200842742012,1.2090470653520764
0.005,0.0025,0.00375,0.42625846968081066,88.50340914246036,0.1273645469907334
0.00425,0.00125,0.00475,0.41348118482928153,88.85154828147786,-0.8153544200627985
0.00425,0.0005,0.00225,0.3098879296979305,89.2729734023723,-1.6698397333540045
0.0045,0.00325,0.00425,0.565430925399792,88.20333372583582,0.5841496113741342
0.0005,0.005,0.00425,1.107290453596036,83.61226724529278,1.3918764115558513
0.003,0.00125,0.00175,0.2975374547843594,88.63392873279338,-0.8411141140936451
0.0035,0.00325,0.00225,1.3185883861724865,87.96603157105017,0.5578647959006157
0.001,0.00225,0.00475,-1.4525912931552079,88.06330896965771,-0.05591932330582531
0.00125,0.0015,0.00425,0.44462750498533476,87.68998585047578,-0.6033847233394454
0.0005,0.00425,0.005,1.3517066762950547,84.06786148664787,1.058529983223056
0.001,0.002,0.00475,-1.4366696616721395,88.1596789610008,-0.22883097010928388
0.0015,0.00325,0.00425,-1.6184555779688952,89.36449386750881,0.5397448782306152
0.00475,0.005,0.00225,0.49362960798887345,87.83649550548223,1.4382562495736446
0.001,0.0035,0.00075,-1.5905805668942803,88.28156023176112,0.5811725665562575
0.00225,0.002,0.00475,0.2992744091521251,88.00959044588907,-0.21052044766126168
0.0025,0.004,0.00075,0.5329069275958999,87.33835342839707,0.880492689916335
0.00075,0.00125,0.00175,-1.4064417932813127,88.27647848291258,-0.8549247559900466
0.004,0.0035,0.00325,0.2928614547678694,88.02479047615252,0.7122572561242867
0.0025,0.0005,0.005,0.23483421250662256,89.05329640884712,-1.6583426533442887
0.00175,0.0015,0.00175,0.27035938651982766,88.04506126686046,-0.6266642375610326
0.0045,0.003,0.00275,0.2665262010643687,88.2744458652799,0.4239233858397155
0.00075,0.0015,0.00425,-1.4900749304913217,88.44840385231667,-0.6200760601762546
0.00475,0.0005,0.00275,0.3844689143630188,89.31203808435095,-1.666516640989007
0.0025,0.00425,0.00175,0.6726196490591319,87.25794886549023,1.0638141928165357
0.001,0.001,0.00225,0.5140786664087628,87.8890965106336,-1.0765565483002821
0.005,0.00425,0.005,0.4067548763133604,88.0521571463822,1.1194607542829786
0.0045,0.0045,0.005,-1.5020310114115898,89.37889888298427,1.2155182041328672
0.002,0.0005,0.00475,0.7397476677822818,88.94058875558919,-1.6591788478917617
0.0035,0.00375,0.00325,0.32921053404105693,87.81627273328705,0.8452613250376869
0.00025,0.0035,0.00375,1.2366840993440795,82.5771709318692,0.6265114563327712
0.0045,0.005,0.00175,0.24759258805710305,87.77786229231563,1.4225694700869669
0.0025,0.00425,0.00325,1.276042458812743,87.25694427701164,1.0951760440962843
0.0015,0.003,0.00325,-1.6229721995908313,89.5302918078896,0.38788384680124033
0.0045,0.0045,0.00375,0.7424760097907478,87.8890965106336,1.229488980484621
0.00375,0.0015,0.00425,0.4300133166033533,88.66148478246615,-0.5993390538177839
0.00075,0.00175,0.00225,-1.554339540769943,88.66352631210184,-0.4443573186747291
0.005,0.00325,0.00125,0.4461672623564493,88.2957906848896,0.5288320873970709
0.00075,0.00075,0.00425,1.330204099673876,87.8890965106336,-1.337285498245425
0.00475,0.001,0.00225,0.30510387653259025,89.02766849807772,-1.0730394975589528
0.0045,0.002,0.00225,0.588230139807172,88.589040927265,-0.23015812715239747
0.003,0.0025,0.005,0.2635817527582025,88.07243423922432,0.13333603225675808
0.001,0.00225,0.00075,-1.4843832308756406,88.23888263185633,-0.13576526460964786
0.00275,0.005,0.00325,-1.6966320311619723,90.58994583766751,1.3892848750475695
0.001,0.001,0.00125,0.5647285799322662,87.8890965106336,-1.0935864232637935
0.00125,0.00375,0.00175,-1.6238906513560574,88.8934987730083,0.7658957040898533
0.00175,0.00275,0.00025,0.996211816578091,87.36148344957014,0.09656338748780201
0.00275,0.001,0.00125,0.49949149131399356,88.72275112462971,-1.0910294273430154
0.00075,0.0015,0.00075,1.0697419843706117,87.0302036962456,-0.668924181284444
0.00225,0.003,0.00125,0.9501001353062936,87.56690497990814,0.38104179572791613
0.00025,0.00325,0.00475,1.34057720196349,82.81518950732925,0.5041892808578635
0.00275,0.00375,0.00325,0.34651524582940674,87.53968912638125,0.842984354918707
0.00275,0.00475,0.00175,-1.564023804235637,89.17949320832842,1.270663428540954
0.0035,0.00475,0.00325,-1.4622971672506717,88.80450544176426,1.3178341310330743
0.003,0.00425,0.00325,-1.5736621451130695,89.51689298810837,1.064775677383459
0.00125,0.00025,0.00125,0.5453600530008785,89.05227115078497,-2.1007857053602588
0.0015,0.00075,0.00475,0.6013856106796764,88.50340914246036,-1.333605183990489
0.00375,0.00075,0.00325,0.2252066769440748,89.05329640884712,-1.3389187469535857
0.00125,0.004,0.00375,-1.6092305403858145,88.62678596991046,0.9299720238528669
0.00025,0.00275,0.00025,-1.5103321945720019,84.8769959131685,0.0282371800844585
0.005,0.00375,0.00375,0.2685170803319326,88.16982930341918,0.8534692788482325
0.00475,0.0035,0.00275,0.28792612719413935,88.18607228217536,0.7065387747111668
0.0005,0.00475,0.00425,-1.1675146705438812,84.11820564017623,1.2782374866722757
0.003,0.005,0.00025,0.6646237160442212,87.28407222592651,1.213526052846553
0.004,0.00375,0.00175,0.9956175242594151,87.95590469036223,0.8166670676281423
0.004,0.00375,0.00325,0.45132680021404326,87.95590469036223,0.8461724801528862
0.002,0.0005,0.00275,0.685342907336236,88.94058875558919,-1.6668492946578364
0.00225,0.00225,0.00325,0.3935994054408555,87.8890965106336,-0.04640667895641202
0.00125,0.001,0.00025,0.9248427117625732,88.10995917178316,-1.1739467906908858
0.00125,0.00375,0.00475,0.8111167725977997,86.38035807326862,0.8438949856817786
0.00075,0.001,0.00275,-1.3788180057777741,88.44840385231667,-1.0795997498320233
0.00325,0.00125,0.00075,0.5648366330811165,88.68700728192067,-0.8743246757465966
0.005,0.00475,0.00025,0.7931799498886762,87.94172901596859,1.11021609289429
0.0035,0.005,0.00475,-1.562959480719463,89.4159510145009,1.436161547241779
0.00425,0.0035,0.00125,0.4175061646239493,88.08257453664469,0.6650086637981718
0.00475,0.001,0.00125,1.516541754865944,89.02766849807772,-1.090331502628013
0.0045,0.00425,0.00025,0.2918538591548418,87.94881656755929,0.8814119582871285
0.00425,0.00275,0.00125,0.3901957312520763,88.29884036612657,0.23732347324676414
0.004,0.001,0.00175,0.46367187247017205,88.94058875558919,-1.0800675305516194
0.00475,0.0025,0.00475,0.14454229999872362,88.46571664446677,0.13408324164108354
0.00075,0.002,0.00425,-1.5539694587351311,88.44636727600165,-0.24273568327777617
0.004,0.0025,0.00125,0.7884526246264827,88.32832604918204,0.08145661874776432
0.0005,0.005,0.00225,1.5019005531967504,83.6132298726349,1.361391133008091
0.0045,0.00375,0.005,0.14961269400851626,88.07243423922432,0.8626091992304568
0.0005,0.00225,0.00025,-1.4671433509766005,86.88803987586658,-0.23810824746141088
0.00025,0.004,0.00175,1.2250143592682645,82.13532879500775,0.8352524534369108
0.001,0.00325,0.00475,0.8433436242423541,86.23727006619877,0.5688646222999276
0.0035,0.00275,0.00325,0.38527931297939483,88.12720571714809,0.278440422248217
0.0005,0.0035,0.00425,-1.6468573481441549,87.35243184229822,0.6454944831756266
0.0005,0.003,0.00125,-1.5915314346041616,87.14751344039855,0.32638899911317076
0.0035,0.0035,0.00375,-1.30073339776122,88.52073270128469,0.707857664718731
0.001,0.0045,0.00475,-1.6588053250782593,88.5197135745536,1.166481094216135
0.0015,0.005,0.00175,-1.5700936898722935,88.18911817380742,1.3722180977255691
0.004,0.0045,0.00225,0.6671359517549871,87.76270490135695,1.204572716416459
0.00325,0.0045,0.00375,-1.5377344731203977,89.25755783716528,1.1976218266088303
0.00375,0.0005,0.00025,-0.8097371880574589,89.30278437823843,-1.7396242613703128
0.00375,0.00025,0.005,0.703225703470934,89.45198864601747,-2.08365519548849
0.004,0.00475,0.00075,0.5597851483723721,87.70210150662979,1.242502232220787
0.00425,0.002,0.00325,0.20185639147755965,88.54927301392787,-0.21852475398871712
0.00475,0.0035,0.00175,-0.907565807697655,88.30392340226558,0.683313339309506
0.001,0.00225,0.00175,-1.4542093890592387,88.07142027369031,-0.08985146813950667
0.00325,0.00275,0.00325,0.6674601112015376,88.05722598188488,0.27805017727171805
0.00125,0.0005,0.00375,0.9884049765736683,88.66046403527608,-1.6626856133615522
0.0005,0.00075,0.00275,-1.395841779379114,88.3690121141457,-1.3527407932342723
0.0005,0.00325,0.00025,-1.5129821980475515,86.32965393859402,0.32718066570398874
0.0005,0.001,0.00275,-1.3677425580206348,87.87189656337875,-1.0817039151104413
0.001,0.00475,0.00275,0.7224591639662593,85.4860007167466,1.3015463266448306
0.00025,0.00275,0.00075,1.5630586354459297,83.33165362357515,0.14081587405777898
0.004,0.0005,0.00325,0.870032752008339,89.25036481773961,-1.6640192954646806
0.00225,0.00125,0.00375,0.06601737540060482,88.42498605567394,-0.8216898151119058
0.00175,0.00325,0.00075,0.5526806538354756,87.13647758812185,0.4850920384747134
0.00275,0.00375,0.00475,-1.523630835866733,89.17435977179052,0.8325271580566757
0.00425,0.0045,0.00425,-1.3022974670908256,88.4646981511278,1.2234959898143851
0.00075,0.00025,0.00425,0.46526565641571155,88.77690494117356,-2.085664687627976
0.00225,0.00425,0.00175,-1.532815353518995,88.81370751536753,1.036504742676315
0.002,0.001,0.00175,0.3418419471416381,88.5044280814787,-1.0810027689213406
0.005,0.00375,0.00225,0.05691119628125941,88.17185951213875,0.8311652161667837
0.0015,0.00275,0.00375,-1.4688965133166942,88.4494221580596,0.26053557335273503
0.00375,0.00425,0.00325,0.2269031113810223,87.75462202975163,1.1000218090539995
0.0025,0.0025,0.00025,0.4564323114972126,87.8890965106336,-0.049228323634453855
0.00175,0.00275,0.00225,-1.4986489478525804,88.83211452327633,0.24079507460714122
0.004,0.00225,0.00125,0.46842621101957826,88.41378843172397,-0.08218871000295434
0.002,0.0045,0.00325,-1.6875258520426264,90.14984824844916,1.1586082371810194
0.002,0.00075,0.00275,0.5449278404054778,88.70334553715612,-1.342588061172517
0.00475,0.002,0.00325,0.10307420279876083,88.62780632936513,-0.21819168260503205
0.00075,0.00375,0.00125,-1.510183621492333,86.92205794135306,0.7467484623652714
0.00375,0.001,0.00075,0.5849345187672427,88.9057807121034,-1.1100129928895746
0.00125,0.0015,0.00375,0.9760599043175399,87.68998585047578,-0.6062704975306058
0.0045,0.0015,0.005,0.5194813238512699,88.77690494117356,-0.5952868581892817
0.0015,0.0025,0.00425,-1.481479302500293,88.65025720969821,0.10729180139931888
0.00125,0.005,0.00125,-1.5713092877968575,87.85065421687088,1.343917165842312
0.0035,0.0005,0.00325,0.4805011504035816,89.1990029623948,-1.6640192954646806
0.003,0.005,0.00275,0.7900464085720222,87.28407222592651,1.4434972276740794
0.0025,0.00475,0.00075,0.5090812082744437,87.10337841567917,1.2359907371842012
0.0015,0.00125,0.00225,1.5446896001414054,88.07142027369031,-0.8353565985657472
0.00275,0.00175,0.00025,0.8985317700175638,88.31307360470812,-0.5476238665469917
0.005,0.0015,0.00375,0.12597066504010565,88.84131945777939,-0.601651663413624
0.003,0.00475,0.00375,0.1581056715081375,87.35444322952907,1.343404260383503
0.00125,0.00325,0.00425,0.7609260849569096,86.62335493353825,0.5709837509903609
0.00175,0.001,0.00075,0.6173504634222846,88.40055670430016,-1.1113950105093409
0.00325,0.00375,0.00375,0.5303676785979213,87.73441810745067,0.8502752754580232
0.00325,0.00225,0.00475,-1.1613880570040784,88.589040927265,-0.037572270404007936
0.00025,0.001,0.00125,-1.3813680600906375,86.7351232593888,-1.1111647405303986
