w1,w3,w5,gain_max_dB,pm,gbw
0.00025,0.00025,0.00025,122.453,87.8890965106336,71738121.45670725
0.0005,0.00025,0.00025,137.132,88.50340914246036,71812492.38834734
0.00075,0.00025,0.00025,111.432,88.77690494117356,71837299.8283637
0.001,0.00025,0.00025,105.676,88.94058875558919,71853842.88245049
0.00125,0.00025,0.00025,105.13,89.05227115078497,71853842.88245049
0.0015,0.00025,0.00025,114.461,89.13432910688908,71862115.83804572
0.00175,0.00025,0.00025,107.694,89.1990029623948,71862115.83804572
0.002,0.00025,0.00025,103.522,89.25036481773961,71870389.74615513
0.00225,0.00025,0.00025,106.801,89.2935316309113,71870389.74615513
0.0025,0.00025,0.00025,73.1281,89.34186210510902,71870389.74615513
0.00275,0.00025,0.00025,58.0273,89.43242355850222,71870389.74615513
0.003,0.00025,0.00025,52.0655,89.5302918078896,71862115.83804572
0.00325,0.00025,0.00025,48.1152,89.6375545902626,71853842.88245049
0.0035,0.00025,0.00025,45.1639,89.75011216308964,71845570.87925951
0.00375,0.00025,0.00025,42.7378,89.87108812601285,71845570.87925951
0.004,0.00025,0.00025,40.6352,90.00258848931625,71829029.72965258
0.00425,0.00025,0.00025,38.838,90.14154552294114,71820760.58301708
0.0045,0.00025,0.00025,37.1997,90.29215116631339,71812492.38834734
0.00475,0.00025,0.00025,35.7181,90.4523802948965,71804225.14553404
0.005,0.00025,0.00025,34.3918,90.62019659090403,71787693.51503815
0.00025,0.0005,0.00025,38.0637,87.75260142816947,100995029.41203211
0.0005,0.0005,0.00025,120.608,87.8890965106336,101461201.28695814
0.00075,0.0005,0.00025,113.419,88.27342957401449,101519623.86311442
0.001,0.0005,0.00025,121.096,88.50340914246036,101554693.55496955
0.00125,0.0005,0.00025,96.2353,88.66148478246615,101578080.07969007
0.0015,0.0005,0.00025,102.765,88.77690494117356,101589775.36155999
0.00175,0.0005,0.00025,110.231,88.86791684907733,101601471.98997651
0.002,0.0005,0.00025,109.793,88.94058875558919,101613169.96509466
0.00225,0.0005,0.00025,94.8486,89.00204796255258,101613169.96509466
0.0025,0.0005,0.00025,103.142,89.05227115078497,101624869.28706948
0.00275,0.0005,0.00025,119.351,89.09636790795251,101624869.28706948
0.003,0.0005,0.00025,125.078,89.13432910688908,101624869.28706948
0.00325,0.0005,0.00025,103.468,89.16820003799792,101636569.95605607
0.0035,0.0005,0.00025,69.3438,89.21851698460053,101624869.28706948
0.00375,0.0005,0.00025,57.3929,89.30278437823843,101624869.28706948
0.004,0.0005,0.00025,51.9934,89.39433540485707,101613169.96509466
0.00425,0.0005,0.00025,48.4461,89.49010136392053,101601471.98997651
0.0045,0.0005,0.00025,45.7114,89.59009559608118,101589775.36155999
0.00475,0.0005,0.00025,43.412,89.69949541049256,101578080.07969007
0.005,0.0005,0.00025,41.5077,89.81213076219717,101566386.14421172
0.00025,0.00075,0.00025,37.1284,87.18564804898199,123424108.79360522
0.0005,0.00075,0.00025,111.691,87.42185147239393,124136643.94960396
0.00075,0.00075,0.00025,108.836,87.8890965106336,124265336.4449436
0.001,0.00075,0.00025,108.506,88.16982930341918,124322575.92606428
0.00125,0.00075,0.00025,119.778,88.36087340215387,124365522.83881383
0.0015,0.00075,0.00025,106.701,88.50340914246036,124379841.77301115
0.00175,0.00075,0.00025,119.006,88.61352236595003,124408484.58746345
0.002,0.00075,0.00025,123.804,88.70334553715612,124422808.4680991
0.00225,0.00075,0.00025,100.479,88.77792702894672,124422808.4680991
0.0025,0.00075,0.00025,111.413,88.83927383435237,124437133.99792789
0.00275,0.00075,0.00025,94.3723,88.89452220312529,124437133.99792789
0.003,0.00075,0.00025,89.9764,88.9416127278528,124451461.17713869
0.00325,0.00075,0.00025,93.3191,88.98258128681087,124451461.17713869
0.0035,0.00075,0.00025,95.4354,89.01946912438471,124451461.17713869
0.00375,0.00075,0.00025,95.7779,89.05329640884712,124465790.00592192
0.004,0.00075,0.00025,71.5652,89.09739367370027,124465790.00592192
0.00425,0.00075,0.00025,58.4678,89.17743979825264,124451461.17713869
0.0045,0.00075,0.00025,52.9714,89.26372374378903,124437133.99792789
0.00475,0.00075,0.00025,49.376,89.35317726977499,124422808.4680991
0.005,0.00075,0.00025,46.6782,89.4447799579514,124422808.4680991
0.00025,0.001,0.00025,32.9265,87.14952010915451,142036512.40480122
0.0005,0.001,0.00025,35.8743,87.95995530272991,142724983.01648957
0.00075,0.001,0.00025,118.844,87.56690497990814,143383771.6055808
0.001,0.001,0.00025,106.911,87.8890965106336,143482851.82325903
0.00125,0.001,0.00025,121.605,88.10995917178316,143532417.60382953
0.0015,0.001,0.00025,116.611,88.27342957401449,143582000.50677088
0.00175,0.001,0.00025,122.992,88.40055670430016,143598531.94707826
0.002,0.001,0.00025,109.96,88.50340914246036,143631600.5379986
0.00225,0.001,0.00025,128.111,88.589040927265,143648137.6890487
0.0025,0.001,0.00025,98.5921,88.66148478246615,143648137.6890487
0.00275,0.001,0.00025,109.514,88.72275112462971,143664676.7441189
0.003,0.001,0.00025,143.152,88.77690494117356,143681217.7034278
0.00325,0.001,0.00025,102.636,88.82495578914929,143681217.7034278
0.0035,0.001,0.00025,96.3032,88.86791684907733,143681217.7034278
0.00375,0.001,0.00025,114.136,88.9057807121034,143697760.56719524
0.004,0.001,0.00025,101.033,88.94058875558919,143697760.56719524
0.00425,0.001,0.00025,91.0254,88.97336171603382,143697760.56719524
0.0045,0.001,0.00025,61.3451,89.05022067007164,143697760.56719524
0.00475,0.001,0.00025,54.9171,89.13022441385438,143681217.7034278
0.005,0.001,0.00025,50.9514,89.21543553940712,143664676.7441189
0.00025,0.00125,0.00025,32.6889,86.71814914536976,158489319.2461111
0.0005,0.00125,0.00025,34.901,87.72835783786911,159367588.102877
0.00075,0.00125,0.00025,144.122,87.28407222592651,160195384.80621764
0.001,0.00125,0.00025,129.018,87.64254897711446,160342998.17626044
0.00125,0.00125,0.00025,104.082,87.8890965106336,160416855.86078864
0.0015,0.00125,0.00025,141.407,88.07142027369031,160472271.4493169
0.00175,0.00125,0.00025,113.196,88.21348909448406,160509225.8096893
0.002,0.00125,0.00025,107.349,88.32832604918204,160546188.68009737
0.00225,0.00125,0.00025,102.263,88.4229500185674,160564673.3071772
0.0025,0.00125,0.00025,114.248,88.50340914246036,160583160.06250083
0.00275,0.00125,0.00025,110.806,88.57272372577754,160601648.94631335
0.003,0.00125,0.00025,111.984,88.63290830285233,160601648.94631335
0.00325,0.00125,0.00025,99.3941,88.68700728192067,160620139.95885983
0.0035,0.00125,0.00025,103.679,88.73398787876634,160620139.95885983
0.00375,0.00125,0.00025,92.0136,88.77792702894672,160638633.10038537
0.004,0.00125,0.00025,92.5102,88.81677508512696,160638633.10038537
0.00425,0.00125,0.00025,94.8216,88.85154828147786,160638633.10038537
0.0045,0.00125,0.00025,79.3817,88.88940517036487,160657128.37113506
0.00475,0.00125,0.00025,60.9276,88.96414310050537,160638633.10038537
0.005,0.00125,0.00025,55.0217,89.04201921934248,160620139.95885983
0.00025,0.0015,0.00025,33.363,86.20054268857074,173380399.7754141
0.0005,0.0015,0.00025,35.0851,87.3997116886225,174421493.15611768
0.00075,0.0015,0.00025,128.533,87.0302036962456,175367859.05100125
0.001,0.0015,0.00025,112.376,87.42084499692766,175549662.96212366
0.00125,0.0015,0.00025,113.599,87.68998585047578,175650746.56278527
0.0015,0.0015,0.00025,113.634,87.8890965106336,175731655.34941354
0.00175,0.0015,0.00025,108.577,88.04404761646754,175772123.71732515
0.002,0.0015,0.00025,101.57,88.16982930341918,175812601.40449643
0.00225,0.0015,0.00025,107.635,88.27342957401449,175853088.4130713
0.0025,0.0015,0.00025,96.4745,88.3618907001594,175873335.4135575
0.00275,0.0015,0.00025,140.228,88.43720326287368,175893584.74519923
0.003,0.0015,0.00025,116.353,88.50340914246036,175913836.40826562
0.00325,0.0015,0.00025,95.1298,88.56252700109464,175913836.40826562
0.0035,0.0015,0.00025,103.793,88.61454257270096,175934090.40302512
0.00375,0.0015,0.00025,95.0086,88.66148478246615,175934090.40302512
0.004,0.0015,0.00025,93.7168,88.70436677804057,175954346.72974616
0.00425,0.0015,0.00025,104.313,88.74216095745406,175954346.72974616
0.0045,0.0015,0.00025,102.287,88.77690494117356,175974605.38869727
0.00475,0.0015,0.00025,68.766,88.83006911179827,175974605.38869727
0.005,0.0015,0.00025,58.9442,88.90475715236869,175954346.72974616
0.00025,0.00175,0.00025,133.33,84.57947790659561,187607415.23851535
0.0005,0.00175,0.00025,34.2895,87.2177743462646,188169833.2274598
0.00075,0.00175,0.00025,126.693,86.79805630533374,189299732.38604382
0.001,0.00175,0.00025,110.301,87.21877848378011,189517797.2611393
0.00125,0.00175,0.00025,106.284,87.50744425315465,189648756.74418446
0.0015,0.00175,0.00025,110.331,87.72229798690167,189736113.3372761
0.00175,0.00175,0.00025,98.9779,87.8890965106336,189801657.1875723
0.002,0.00175,0.00025,129.736,88.02377705913445,189845365.666151
0.00225,0.00175,0.00025,125.784,88.13633760780414,189889084.210136
0.0025,0.00175,0.00025,129.615,88.2307559046808,189910947.2573812
0.00275,0.00175,0.00025,120.631,88.31307360470812,189932812.82184842
0.003,0.00175,0.00025,104.035,88.38427421969216,189954680.9038259
0.00325,0.00175,0.00025,107.079,88.44738555829746,189976551.5036043
0.0035,0.00175,0.00025,97.0983,88.5044280814787,189998424.62147272
0.00375,0.00175,0.00025,98.2116,88.55437046654392,189998424.62147272
0.004,0.00175,0.00025,98.8198,88.6002607469785,190020300.25772342
0.00425,0.00175,0.00025,87.9917,88.6431131309485,190020300.25772342
0.0045,0.00175,0.00025,133.171,88.67883928284036,190042178.412644
0.00475,0.00175,0.00025,108.895,88.71457983357132,190042178.412644
0.005,0.00175,0.00025,63.0673,88.78712634844973,190042178.412644
0.00025,0.002,0.00025,32.8493,85.55098220281153,199480294.1731898
0.0005,0.002,0.00025,33.6291,87.04723889147517,200932413.12822866
0.00075,0.002,0.00025,109.624,86.58247576500929,202232057.32595462
0.001,0.002,0.00025,120.054,87.0302036962456,202511644.3256564
0.00125,0.002,0.00025,112.789,87.33835342839707,202674915.20989615
0.0015,0.002,0.00025,126.126,87.56690497990814,202768271.95212755
0.00175,0.002,0.00025,110.27,87.74451948708555,202861671.6966293
0.002,0.002,0.00025,107.254,87.8890965106336,202908387.70092037
0.00225,0.002,0.00025,103.001,88.0085772038668,202955114.46320748
0.0025,0.002,0.00025,104.155,88.10995917178316,203001851.98596886
0.00275,0.002,0.00025,113.18,88.19724106582959,203025224.78330103
0.003,0.002,0.00025,121.096,88.27342957401449,203048600.27167997
0.00325,0.002,0.00025,101.338,88.34154696517685,203071978.45141724
0.0035,0.002,0.00025,121.079,88.40055670430016,203095359.3228227
0.00375,0.002,0.00025,135.024,88.45451386263281,203095359.3228227
0.004,0.002,0.00025,99.3918,88.5044280814787,203118742.88620457
0.00425,0.002,0.00025,99.9871,88.5482535586162,203118742.88620457
0.0045,0.002,0.00025,89.9281,88.59006085216133,203142129.14187366
0.00475,0.002,0.00025,124.664,88.62576562220293,203142129.14187366
0.005,0.002,0.00025,67.4896,88.6849652116219,203142129.14187366
0.00025,0.00225,0.00025,32.3348,85.31001140175891,211178645.50643358
0.0005,0.00225,0.00025,33.0565,86.88803987586658,212862912.45272386
0.00075,0.00225,0.00025,114.417,86.38135256961758,214363085.71434903
0.001,0.00225,0.00025,112.989,86.85403512378748,214684158.93607384
0.00125,0.00225,0.00025,116.465,87.17962568578388,214881981.44034693
0.0015,0.00225,0.00025,121.644,87.42084499692766,215005713.06155762
0.00175,0.00225,0.00025,103.942,87.61026621589808,215104749.65378603
0.002,0.00225,0.00025,102.232,87.76270490135695,215154285.05554032
0.00225,0.00225,0.00025,117.658,87.8890965106336,215228609.54760486
0.0025,0.00225,0.00025,103.779,87.9964192094551,215253390.08345714
0.00275,0.00225,0.00025,111.65,88.08865927549421,215302959.71487498
0.003,0.00225,0.00025,95.5358,88.16982930341918,215327748.8110985
0.00325,0.00225,0.00025,128.127,88.2409144306059,215352540.76143643
0.0035,0.00225,0.00025,100.557,88.3049400446062,215377335.56621748
0.00375,0.00225,0.00025,98.7566,88.3618907001594,215402133.22577024
0.004,0.00225,0.00025,101.247,88.41378843172397,215402133.22577024
0.00425,0.00225,0.00025,97.4166,88.46062429502817,215426933.7404234
0.0045,0.00225,0.00025,96.9591,88.5044280814787,215451737.1105057
0.00475,0.00225,0.00025,95.9812,88.54417585473635,215451737.1105057
0.005,0.00225,0.00025,73.7847,88.59108078880007,215451737.1105057
0.00025,0.0025,0.00025,31.8743,85.0863707935329,222177461.29152018
0.0005,0.0025,0.00025,32.5435,86.74011627814448,224130004.57823303
0.00075,0.0025,0.00025,139.065,86.19161136748694,225813550.87214532
0.001,0.0025,0.00025,97.937,86.68820292956858,226177812.79493448
0.00125,0.0025,0.00025,111.137,87.0302036962456,226412291.40006626
0.0015,0.0025,0.00025,105.332,87.28407222592651,226568745.50129133
0.00175,0.0025,0.00025,124.281,87.48226121037682,226673108.29305348
0.002,0.0025,0.00025,112.33,87.64254897711446,226751411.93285513
0.00225,0.0025,0.00025,106.499,87.77584115561287,226803629.38647494
0.0025,0.0025,0.00025,104.265,87.8890965106336,226855858.86499122
0.00275,0.0025,0.00025,115.081,87.98628883046239,226908100.37117404
0.003,0.0025,0.00025,112.364,88.07142027369031,226934225.6355059
0.00325,0.0025,0.00025,147.132,88.14648526279522,226960353.9077932
0.0035,0.0025,0.00025,101.778,88.21348909448406,226986485.18838212
0.00375,0.0025,0.00025,105.281,88.27342957401449,227012619.4776191
0.004,0.0025,0.00025,96.1666,88.32832604918204,227038756.7758515
0.00425,0.0025,0.00025,104.589,88.37816906119109,227064897.08342287
0.0045,0.0025,0.00025,98.1184,88.42396803126047,227064897.08342287
0.00475,0.0025,0.00025,91.6849,88.46571664446677,227091040.40068257
0.005,0.0025,0.00025,87.2233,88.50544703222802,227091040.40068257
0.00025,0.00275,0.00025,31.4577,84.8769959131685,232594799.35361147
0.0005,0.00275,0.00025,32.1989,86.5814789531573,234828065.26940978
0.00075,0.00275,0.00025,121.44,86.01218889111063,236673699.83344886
0.001,0.00275,0.00025,119.927,86.53065676317004,237110070.68898013
0.00125,0.00275,0.00025,114.759,86.88803987586658,237355882.76909012
0.0015,0.00275,0.00025,116.485,87.15353358528478,237547246.1101378
0.00175,0.00275,0.00025,124.247,87.36148344957014,237656665.85258555
0.002,0.00275,0.00025,108.802,87.52961132735575,237766135.99629128
0.00225,0.00275,0.00025,123.725,87.66878747946579,237820889.97587147
0.0025,0.00275,0.00025,107.171,87.78695798341299,237875656.564471
0.00275,0.00275,0.00025,147.546,87.8890965106336,237930435.7649975
0.003,0.00275,0.00025,101.677,87.97818536696447,237985227.58035237
0.00325,0.00275,0.00025,94.6781,88.05722598188488,238012628.21949857
0.0035,0.00275,0.00025,116.871,88.12619112103766,238040032.01344156
0.00375,0.00275,0.00025,99.0083,88.19013349439642,238067438.96254453
0.004,0.00275,0.00025,96.8411,88.24802609466377,238094849.06717077
0.00425,0.00275,0.00025,95.7739,88.29985694994623,238094849.06717077
0.0045,0.00275,0.00025,94.8175,88.3476495938258,238122262.3276836
0.00475,0.00275,0.00025,93.7001,88.39139743764954,238149678.74444732
0.005,0.00275,0.00025,94.7423,88.43211255475002,238149678.74444732
0.00025,0.003,0.00025,31.0772,84.68080931017678,242493443.1033465
0.0005,0.003,0.00025,31.7604,86.45298640456207,245019133.68807778
0.00075,0.003,0.00025,130.263,85.84104580150093,247087058.91529405
0.001,0.003,0.00025,121.046,86.38135256961758,247514131.8074319
0.00125,0.003,0.00025,122.234,86.75309947212071,247827787.6684335
0.0015,0.003,0.00025,118.0,87.0302036962456,248027593.7692952
0.00175,0.003,0.00025,107.979,87.24589456705272,248170411.03148058
0.002,0.003,0.00025,114.618,87.42084499692766,248256140.85898933
0.00225,0.003,0.00025,107.075,87.56690497990814,248341900.3016466
0.0025,0.003,0.00025,100.137,87.68998585047578,248427689.3696798
0.00275,0.003,0.00025,105.539,87.79605461702128,248484898.54530063
0.003,0.003,0.00025,117.843,87.8890965106336,248513508.073327
0.00325,0.003,0.00025,119.548,87.9710954486235,248570737.01170877
0.0035,0.003,0.00025,96.848,88.04506126686046,248599356.4228227
0.00375,0.003,0.00025,100.425,88.10995917178316,248627979.1290578
0.004,0.003,0.00025,92.6365,88.17084440193558,248656605.13079342
0.00425,0.003,0.00025,91.7641,88.22466135048299,248656605.13079342
0.0045,0.003,0.00025,147.924,88.27342957401449,248685234.428409
0.00475,0.003,0.00025,147.924,88.31917426641908,248713867.02228403
0.005,0.003,0.00025,99.6454,88.3618907001594,248713867.02228403
0.00025,0.00325,0.00025,30.7271,84.49577622908363,251941667.81870407
0.0005,0.00325,0.00025,31.3596,86.32965393859402,254741674.94427967
0.00075,0.00325,0.00025,31.2356,87.26799538641858,255652474.09580755
0.001,0.00325,0.00025,64.4279,86.2730198316586,257454211.19264564
0.00125,0.00325,0.00025,120.148,86.62435222750806,257839826.34069586
0.0015,0.00325,0.00025,112.262,86.9110506394444,258047704.44360223
0.00175,0.00325,0.00025,136.073,87.13547439812488,258226019.0634601
0.002,0.00325,0.00025,93.9459,87.3182453444495,258344963.92584816
0.00225,0.00325,0.00025,99.0525,87.46916889236526,258434208.52637514
0.0025,0.00325,0.00025,99.3065,87.59715474106304,258493722.05346733
0.00275,0.00325,0.00025,107.637,87.70715019073008,258553249.28563333
0.003,0.00325,0.00025,103.748,87.80414130488471,258612790.22602925
0.00325,0.00325,0.00025,100.438,87.8890965106336,258672344.87781185
0.0035,0.00325,0.00025,116.423,87.96501883051509,258702127.34646094
0.00375,0.00325,0.00025,100.084,88.03391175436745,258731913.24413976
0.004,0.00325,0.00025,101.258,88.09575866874185,258761702.57124418
0.00425,0.00325,0.00025,110.52,88.15155952841707,258791495.328168
0.0045,0.00325,0.00025,107.086,88.20333372583582,258821291.5153093
0.00475,0.00325,0.00025,118.938,88.25107412614175,258821291.5153093
0.005,0.00325,0.00025,102.485,88.2957906848896,258851091.13305983
0.00025,0.0035,0.00025,30.4029,84.32085469566668,261005704.91196498
0.0005,0.0035,0.00025,30.9907,86.21344511958655,264088810.22900838
0.00075,0.0035,0.00025,30.4029,87.27201431866263,265033028.97271207
0.001,0.0035,0.00025,46.5416,86.3733969194049,266870150.1643416
0.00125,0.0035,0.00025,118.219,86.49977942251563,267454555.7801052
0.0015,0.0035,0.00025,107.523,86.79805630533374,267701004.0055629
0.00175,0.0035,0.00025,110.031,87.0302036962456,267885989.19218746
0.002,0.0035,0.00025,104.221,87.21877848378011,268009383.65969974
0.00225,0.0035,0.00025,117.376,87.3745596493073,268132834.96555194
0.0025,0.0035,0.00025,109.935,87.50744425315465,268194581.94103563
0.00275,0.0035,0.00025,106.941,87.62237085761676,268287229.06666607
0.003,0.0035,0.00025,117.443,87.72229798690167,268318118.55348924
0.00325,0.0035,0.00025,115.526,87.81020680958352,268379908.19700676
0.0035,0.0035,0.00025,96.0282,87.89010837707565,268410808.3545223
0.00375,0.0035,0.00025,104.136,87.95995530272991,268441712.0697558
0.004,0.0035,0.00025,103.126,88.02479047615252,268472619.34311473
0.00425,0.0035,0.00025,95.0855,88.08358863059772,268503530.17500985
0.0045,0.0035,0.00025,106.72,88.13633760780414,268534444.5658509
0.00475,0.0035,0.00025,99.8264,88.18607228217536,268565362.5160476
0.005,0.0035,0.00025,129.864,88.2307559046808,268596284.02600974
0.00025,0.00375,0.00025,28.6297,84.48799423887235,269463533.2350476
0.0005,0.00375,0.00025,133.059,84.40243963520514,274378451.0206211
0.00075,0.00375,0.00025,30.1009,87.18464429289249,274094297.3818083
0.001,0.00375,0.00025,109.687,85.96961859676486,276343974.80968475
0.00125,0.00375,0.00025,111.09,86.38135256961758,276726021.9679065
0.0015,0.00375,0.00025,117.498,86.68820292956858,277012903.9163727
0.00175,0.00375,0.00025,106.737,86.92806251178723,277204323.7577702
0.002,0.00375,0.00025,103.366,87.12243397912884,277363941.3308922
0.00225,0.00375,0.00025,103.09,87.28407222592651,277491701.561844
0.0025,0.00375,0.00025,109.809,87.42084499692766,277555603.7441156
0.00275,0.00375,0.00025,107.549,87.53968912638125,277651484.61055106
0.003,0.00375,0.00025,115.388,87.64254897711446,277715423.5884665
0.00325,0.00375,0.00025,140.515,87.73441810745067,277779377.2905708
0.0035,0.00375,0.00025,111.288,87.81526171690439,277811359.6642533
0.00375,0.00375,0.00025,108.232,87.8890965106336,277843345.72025466
0.004,0.00375,0.00025,101.149,87.95590469036223,277875335.45899993
0.00425,0.00375,0.00025,101.36,88.0166834666853,277907328.88090974
0.0045,0.00375,0.00025,89.8889,88.0734482164322,277939325.9864115
0.00475,0.00375,0.00025,127.378,88.12213285340391,277971326.77592826
0.005,0.00375,0.00025,108.712,88.16982930341918,278003331.2498853
0.00025,0.004,0.00025,133.178,82.13532879500775,279190090.82785344
0.0005,0.004,0.00025,139.733,84.23256000178019,283106603.85132515
0.00075,0.004,0.00025,29.8184,87.10137280936274,282878538.7970137
0.001,0.004,0.00025,110.494,85.84203408875207,285265991.80042213
0.00125,0.004,0.00025,129.197,86.26606732788645,285693263.4583695
0.0015,0.004,0.00025,132.766,86.5814789531573,286022369.39542717
0.00175,0.004,0.00025,113.049,86.82904012021241,286220014.9051191
0.002,0.004,0.00025,138.575,87.0302036962456,286384823.82129735
0.00225,0.004,0.00025,148.639,87.19669012870742,286516739.2788604
0.0025,0.004,0.00025,112.909,87.33835342839707,286615715.7464202
0.00275,0.004,0.00025,103.671,87.46010612770108,286681719.0524894
0.003,0.004,0.00025,109.147,87.56690497990814,286780752.511887
0.00325,0.004,0.00025,107.245,87.66071325757626,286813771.2668462
0.0035,0.004,0.00025,99.3363,87.74552968901351,286879820.18213505
0.00375,0.004,0.00025,102.178,87.82132798980062,286912850.34334016
0.004,0.004,0.00025,103.297,87.8890965106336,286945884.3075009
0.00425,0.004,0.00025,105.626,87.9518542645278,286978922.07505625
0.0045,0.004,0.00025,89.3787,88.01060369957688,287011963.6464429
0.00475,0.004,0.00025,112.28,88.06128126037797,287045009.0221024
0.005,0.004,0.00025,106.417,88.10995917178316,287078058.2024692
0.00025,0.00425,0.00025,149.436,81.92849932318144,287309509.0336776
0.0005,0.00425,0.00025,149.436,84.06979724298061,291574809.1292236
0.00075,0.00425,0.00025,29.553,87.02018455052152,291373465.9360075
0.001,0.00425,0.00025,122.674,85.71957319771545,293900280.11711425
0.00125,0.00425,0.00025,108.65,86.15490343532917,294374373.37117386
0.0015,0.00425,0.00025,104.656,86.47986440514022,294713479.56087416
0.00175,0.00425,0.00025,105.143,86.73412469012779,294917130.75082713
0.002,0.00425,0.00025,111.767,86.94107383741134,295120922.66663903
0.00225,0.00425,0.00025,107.468,87.11240421561226,295256862.17289686
0.0025,0.00425,0.00025,105.013,87.25794886549023,295358857.8933361
0.00275,0.00425,0.00025,109.248,87.38361354950017,295460888.84793353
0.003,0.00425,0.00025,99.6287,87.49334085621828,295528929.06487584
0.00325,0.00425,0.00025,108.947,87.59009552892516,295596984.9504585
0.0035,0.00425,0.00025,149.436,87.67585303368111,295665056.5082946
0.00375,0.00425,0.00025,108.379,87.75462202975163,295699098.165434
0.004,0.00425,0.00025,109.26,87.8243612833936,295733143.7419896
0.00425,0.00425,0.00025,121.045,87.8890965106336,295801246.65515465
0.0045,0.00425,0.00025,98.1725,87.94881656755929,295801246.65515465
0.00475,0.00425,0.00025,92.5,88.0035111687323,295835303.9926668
0.005,0.00425,0.00025,149.436,88.0521571463822,295869365.2514005
0.00025,0.0045,0.00025,135.206,81.7306588721058,295120922.66663903
0.0005,0.0045,0.00025,129.032,83.91217922531212,299743655.9079578
0.00075,0.0045,0.00025,29.3026,86.94207478927616,299605650.6325235
0.001,0.0045,0.00025,127.566,85.60122899896157,302273448.0038649
0.00125,0.0045,0.00025,123.415,86.04784534889491,302795906.75270385
0.0015,0.0045,0.00025,113.033,86.38135256961758,303144714.1744229
0.00175,0.0045,0.00025,108.708,86.64230548248584,303424049.39324886
0.002,0.0045,0.00025,106.395,86.85403512378748,303598764.5987495
0.00225,0.0045,0.00025,129.465,87.0302036962456,303773580.40736145
0.0025,0.0045,0.00025,109.028,87.17962568578388,303878518.2061176
0.00275,0.0045,0.00025,107.836,87.30819303861404,303983492.25536644
0.003,0.0045,0.00025,101.489,87.42185147239393,304053495.1002095
0.00325,0.0045,0.00025,111.156,87.5205423001928,304123514.06566155
0.0035,0.0045,0.00025,149.685,87.6092575712394,304193549.1554313
0.00375,0.0045,0.00025,149.685,87.68998585047578,304263600.37323314
0.004,0.0045,0.00025,112.364,87.76270490135695,304298632.0313067
0.00425,0.0045,0.00025,98.7812,87.82941700553485,304333667.7227811
0.0045,0.0045,0.00025,93.2548,87.89010837707565,304368707.44812083
0.00475,0.0045,0.00025,108.355,87.94476646813752,304403751.20779145
0.005,0.0045,0.00025,103.646,87.9964192094551,304438799.0022538
0.00025,0.00475,0.00025,138.313,81.53986723708145,302726193.44494236
0.0005,0.00475,0.00025,149.919,83.75967817321579,307680519.3759745
0.00075,0.00475,0.00025,29.0658,86.86803546850966,307574268.6392852
0.001,0.00475,0.00025,112.595,85.4860007167466,310384481.9159534
0.00125,0.00475,0.00025,117.354,85.94289918093043,310992560.465683
0.0015,0.00475,0.00025,118.773,86.28493971319939,311350810.06804115
0.00175,0.00475,0.00025,114.44,86.55257640104207,311637706.8621972
0.002,0.00475,0.00025,122.037,86.76908145555981,311853052.9330035
0.00225,0.00475,0.00025,101.083,86.95108387465366,312032621.6598007
0.0025,0.00475,0.00025,106.133,87.10337841567917,312140412.52302706
0.00275,0.00475,0.00025,110.256,87.23585059042877,312248240.62232614
0.003,0.00475,0.00025,141.813,87.35142616605042,312356105.97056615
0.00325,0.00475,0.00025,101.591,87.45406480626535,312428036.90293413
0.0035,0.00475,0.00025,132.721,87.54472846100424,312499984.39991844
0.00375,0.00475,0.00025,101.417,87.62741495191985,312535964.36133367
0.004,0.00475,0.00025,109.093,87.70210150662979,312607936.7123962
0.00425,0.00475,0.00025,104.562,87.7697780247273,312643929.10299623
0.0045,0.00475,0.00025,96.9706,87.83245057851741,312679925.63761055
0.00475,0.00475,0.00025,97.6968,87.8890965106336,312715926.316719
0.005,0.00475,0.00025,116.731,87.94172901596859,312751931.1407986
0.00025,0.005,0.00025,28.841,83.43437172845351,308887262.6512746
0.0005,0.005,0.00025,150.142,83.61226724529278,315355202.4550711
0.00075,0.005,0.00025,28.841,86.79505845844676,315355202.4550711
0.001,0.005,0.00025,116.284,85.37485911098183,318309792.87680215
0.00125,0.005,0.00025,116.648,85.84203408875207,318933398.0133181
0.0015,0.005,0.00025,118.24,86.19161136748694,319337558.0862233
0.00175,0.005,0.00025,107.971,86.46592662115938,319668615.426732
0.002,0.005,0.00025,112.413,86.68820292956858,319889510.96913904
0.00225,0.005,0.00025,114.244,86.87303613852735,320036859.458652
0.0025,0.005,0.00025,103.455,87.0302036962456,320184275.8202777
0.00275,0.005,0.00025,109.437,87.16557512269966,320294882.65137815
0.003,0.005,0.00025,111.972,87.28407222592651,320405527.69132406
0.00325,0.005,0.00025,107.247,87.38864389943215,320479312.28494066
0.0035,0.005,0.00025,150.142,87.48226121037682,320553113.87004393
0.00375,0.005,0.00025,98.6844,87.56690497990814,320626932.45054674
0.004,0.005,0.00025,95.5587,87.64355800505678,320663848.115296
0.00425,0.005,0.00025,99.5342,87.7132089952887,320737692.1962368
0.0045,0.005,0.00025,99.2914,87.77685171814697,320774620.61340714
0.00475,0.005,0.00025,94.0187,87.83548425627755,320811553.28236336
0.005,0.005,0.00025,92.2199,87.89010837707565,320848490.203595
0.00025,0.00025,0.00075,122.309,87.8890965106336,74020156.67314869
0.0005,0.00025,0.00075,120.652,88.50340914246036,74096893.39136985
0.00075,0.00025,0.00075,128.85,88.77690494117356,74122489.97181234
0.001,0.00025,0.00075,117.235,88.94058875558919,74131024.13009177
0.00125,0.00025,0.00075,120.105,89.05227115078497,74139559.2709592
0.0015,0.00025,0.00075,116.708,89.13432910688908,74148095.39452714
0.00175,0.00025,0.00075,100.971,89.1990029623948,74148095.39452714
0.002,0.00025,0.00075,107.771,89.25036481773961,74156632.50090966
0.00225,0.00025,0.00075,111.9,89.2935316309113,74156632.50090966
0.0025,0.00025,0.00075,104.617,89.32951992330462,74156632.50090966
0.00275,0.00025,0.00075,98.031,89.36140738053955,74156632.50090966
0.003,0.00025,0.00075,92.7774,89.38918960136405,74156632.50090966
0.00325,0.00025,0.00075,94.4167,89.4128627502954,74156632.50090966
0.0035,0.00025,0.00075,73.439,89.4447799579514,74156632.50090966
0.00375,0.00025,0.00075,60.7776,89.5045266265641,74156632.50090966
0.004,0.00025,0.00075,55.3596,89.56740669952785,74156632.50090966
0.00425,0.00025,0.00075,51.8046,89.63239478635087,74148095.39452714
0.0045,0.00025,0.00075,49.0383,89.70259357481044,74148095.39452714
0.00475,0.00025,0.00075,46.7958,89.775948039788,74139559.2709592
0.005,0.00025,0.00075,44.8371,89.85453478445388,74139559.2709592
0.00025,0.0005,0.00075,37.8986,87.76573617014527,104207745.45649809
0.0005,0.0005,0.00075,127.784,87.8890965106336,104676694.51133305
0.00075,0.0005,0.00075,113.972,88.27342957401449,104749027.59032673
0.001,0.0005,0.00075,121.742,88.50340914246036,104785212.87135927
0.00125,0.0005,0.00075,114.155,88.66046403527608,104809343.33628699
0.0015,0.0005,0.00075,126.444,88.77690494117356,104821410.65250327
0.00175,0.0005,0.00075,107.029,88.86791684907733,104833479.35810019
0.002,0.0005,0.00075,106.86,88.94058875558919,104845549.45323819
0.00225,0.0005,0.00075,112.311,89.00102329450668,104845549.45323819
0.0025,0.0005,0.00075,137.584,89.05227115078497,104857620.93807726
0.00275,0.0005,0.00075,105.859,89.09636790795251,104857620.93807726
0.003,0.0005,0.00075,100.581,89.13535530968372,104857620.93807726
0.00325,0.0005,0.00075,119.712,89.16820003799792,104857620.93807726
0.0035,0.0005,0.00075,98.3325,89.1990029623948,104869693.81277736
0.00375,0.0005,0.00075,107.965,89.22570743729062,104869693.81277736
0.004,0.0005,0.00075,91.8506,89.2513923564525,104869693.81277736
0.00425,0.0005,0.00075,121.954,89.2729734023723,104869693.81277736
0.0045,0.0005,0.00075,140.414,89.2935316309113,104869693.81277736
0.00475,0.0005,0.00075,93.0993,89.31306633310764,104869693.81277736
0.005,0.0005,0.00075,101.938,89.32951992330462,104869693.81277736
0.00025,0.00075,0.00075,33.6678,87.58102023493593,127189130.97575814
0.0005,0.00075,0.00075,142.176,87.42084499692766,128085509.45362784
0.00075,0.00075,0.00075,113.354,87.8890965106336,128218295.7389979
0.001,0.00075,0.00075,119.83,88.16982930341918,128277356.04437593
0.00125,0.00075,0.00075,113.452,88.3618907001594,128321669.12570281
0.0015,0.00075,0.00075,105.808,88.50340914246036,128336443.55429278
0.00175,0.00075,0.00075,122.43,88.61352236595003,128365997.51486972
0.002,0.00075,0.00075,124.616,88.70334553715612,128380777.04724737
0.00225,0.00075,0.00075,110.09,88.77690494117356,128380777.04724737
0.0025,0.00075,0.00075,120.134,88.83927383435237,128395558.28128003
0.00275,0.00075,0.00075,107.252,88.8934987730083,128395558.28128003
0.003,0.00075,0.00075,105.183,88.94058875558919,128410341.21716312
0.00325,0.00075,0.00075,97.136,88.98258128681087,128410341.21716312
0.0035,0.00075,0.00075,97.8991,89.01946912438471,128410341.21716312
0.00375,0.00075,0.00075,95.0712,89.05329640884712,128425125.85509309
0.004,0.00075,0.00075,97.7541,89.08303402784719,128425125.85509309
0.00425,0.00075,0.00075,101.49,89.10970378386277,128425125.85509309
0.0045,0.00075,0.00075,96.8009,89.13535530968372,128425125.85509309
0.00475,0.00075,0.00075,105.703,89.15793476051732,128425125.85509309
0.005,0.00075,0.00075,94.18,89.17949320832842,128439912.19526488
0.00025,0.001,0.00075,31.2239,87.43292346733007,146419864.29352814
0.0005,0.001,0.00075,31.4329,88.58088195080384,146926454.93623087
0.00075,0.001,0.00075,125.894,87.56690497990814,147944900.46741778
0.001,0.001,0.00075,139.72,87.8890965106336,148047132.4897622
0.00125,0.001,0.00075,143.425,88.10995917178316,148098274.98930076
0.0015,0.001,0.00075,100.346,88.27342957401449,148149435.1558831
0.00175,0.001,0.00075,110.222,88.40055670430016,148166492.47180852
0.002,0.001,0.00075,109.643,88.50340914246036,148200612.99561286
0.00225,0.001,0.00075,143.425,88.589040927265,148217676.203944
0.0025,0.001,0.00075,99.2518,88.66148478246615,148217676.203944
0.00275,0.001,0.00075,100.845,88.72377258893042,148234741.3768633
0.003,0.001,0.00075,117.312,88.77690494117356,148251808.51459515
0.00325,0.001,0.00075,114.916,88.82495578914929,148251808.51459515
0.0035,0.001,0.00075,130.474,88.86689372526403,148251808.51459515
0.00375,0.001,0.00075,109.022,88.9057807121034,148268877.61736754
0.004,0.001,0.00075,103.012,88.94058875558919,148268877.61736754
0.00425,0.001,0.00075,107.291,88.97233737824862,148268877.61736754
0.0045,0.001,0.00075,102.236,89.00102329450668,148285948.68540615
0.00475,0.001,0.00075,91.4917,89.02869347288967,148285948.68540615
0.005,0.001,0.00075,143.425,89.05227115078497,148285948.68540615
0.00025,0.00125,0.00075,133.301,85.37387620225034,164229057.31005535
0.0005,0.00125,0.00075,31.4775,88.23177170464471,164134546.67021385
0.00075,0.00125,0.00075,32.683,88.65944329983783,164040090.41941473
0.001,0.00125,0.00075,116.263,87.64254897711446,165443610.80895776
0.00125,0.00125,0.00075,108.882,87.8890965106336,165519817.95335022
0.0015,0.00125,0.00075,128.811,88.07142027369031,165576996.3469526
0.00175,0.00125,0.00075,123.67,88.21348909448406,165615126.24900505
0.002,0.00125,0.00075,133.533,88.32832604918204,165653264.9318014
0.00225,0.00125,0.00075,112.827,88.4229500185674,165672337.56661132
0.0025,0.00125,0.00075,113.913,88.50340914246036,165691412.39736652
0.00275,0.00125,0.00075,110.513,88.57272372577754,165710489.42431852
0.003,0.00125,0.00075,95.6083,88.63392873279338,165710489.42431852
0.00325,0.00125,0.00075,108.278,88.68700728192067,165729568.64772084
0.0035,0.00125,0.00075,105.297,88.73398787876634,165729568.64772084
0.00375,0.00125,0.00075,99.764,88.77792702894672,165748650.0678264
0.004,0.00125,0.00075,102.215,88.81575255010156,165748650.0678264
0.00425,0.00125,0.00075,98.7624,88.85154828147786,165748650.0678264
0.0045,0.00125,0.00075,108.118,88.88326511985908,165767733.68488806
0.00475,0.00125,0.00075,108.285,88.9129459602121,165767733.68488806
0.005,0.00125,0.00075,93.4649,88.9416127278528,165767733.68488806
0.00025,0.0015,0.00075,55.927,85.05894660876584,179390731.1734205
0.0005,0.0015,0.00075,30.9001,88.03087122328259,179576705.5972569
0.00075,0.0015,0.00075,126.969,87.0302036962456,180946422.05293128
0.001,0.0015,0.00075,116.933,87.42084499692766,181134009.26195988
0.00125,0.0015,0.00075,111.399,87.68998585047578,181238308.39617443
0.0015,0.0015,0.00075,113.381,87.8890965106336,181321790.94270405
0.00175,0.0015,0.00075,124.343,88.04404761646754,181363546.6351072
0.002,0.0015,0.00075,68.7523,88.19013349439642,181405311.9432208
0.00225,0.0015,0.00075,100.052,88.27342957401449,181447086.86926
0.0025,0.0015,0.00075,103.218,88.3618907001594,181467977.93969244
0.00275,0.0015,0.00075,111.872,88.43720326287368,181488871.41543746
0.003,0.0015,0.00075,145.186,88.50340914246036,181509767.29677197
0.00325,0.0015,0.00075,125.561,88.56150739319163,181509767.29677197
0.0035,0.0015,0.00075,100.827,88.61454257270096,181530665.58397147
0.00375,0.0015,0.00075,96.6666,88.66148478246615,181530665.58397147
0.004,0.0015,0.00075,93.2969,88.70436677804057,181551566.2773137
0.00425,0.0015,0.00075,103.147,88.74216095745406,181551566.2773137
0.0045,0.0015,0.00075,93.4306,88.77792702894672,181572469.3770757
0.00475,0.0015,0.00075,101.415,88.80961758716278,181572469.3770757
0.005,0.0015,0.00075,98.7695,88.84029664017812,181572469.3770757
0.00025,0.00175,0.00075,145.855,84.57947790659561,193575326.29816282
0.0005,0.00175,0.00075,110.72,86.10135775266372,194872250.1977468
0.00075,0.00175,0.00075,34.0382,87.94679149453418,194536008.16226614
0.001,0.00175,0.00075,28.8081,89.31615115040745,194021563.51128772
0.00125,0.00175,0.00075,145.69,87.50744425315465,195681604.17392534
0.0015,0.00175,0.00075,108.135,87.72229798690167,195771739.63573885
0.00175,0.00175,0.00075,103.8,87.8890965106336,195839368.47755083
0.002,0.00175,0.00075,106.814,88.02377705913445,195907020.68157154
0.00225,0.00175,0.00075,105.743,88.13633760780414,195929576.60924268
0.0025,0.00175,0.00075,106.115,88.2307559046808,195974696.25587142
0.00275,0.00175,0.00075,108.771,88.31307360470812,195997259.97542867
0.003,0.00175,0.00075,102.455,88.38427421969216,196019826.2928805
0.00325,0.00175,0.00075,98.2166,88.44738555829746,196042395.2085244
0.0035,0.00175,0.00075,139.842,88.50340914246036,196042395.2085244
0.00375,0.00175,0.00075,121.011,88.55437046654392,196064966.72266033
0.004,0.00175,0.00075,96.0305,88.6002607469785,196064966.72266033
0.00425,0.00175,0.00075,112.398,88.64107207133823,196087540.83558664
0.0045,0.00175,0.00075,108.686,88.6798602415844,196087540.83558664
0.00475,0.00175,0.00075,123.973,88.71457983357132,196110117.54760495
0.005,0.00175,0.00075,84.7951,88.75033478894473,196110117.54760495
0.00025,0.002,0.00075,143.659,84.23256000178019,206561795.51770025
0.0005,0.002,0.00075,33.1231,87.11942492882744,207276468.16989833
0.00075,0.002,0.00075,146.435,86.58247576500929,208665187.54096547
0.001,0.002,0.00075,30.4184,88.77281670775092,207634731.20933807
0.00125,0.002,0.00075,110.963,87.33835342839707,209122133.01552844
0.0015,0.002,0.00075,122.687,87.56690497990814,209218459.49503762
0.00175,0.002,0.00075,104.55,87.74552968901351,209314830.34474492
0.002,0.002,0.00075,130.343,87.8890965106336,209363032.41480967
0.00225,0.002,0.00075,119.871,88.0085772038668,209411245.58508915
0.0025,0.002,0.00075,133.146,88.10995917178316,209459469.85813951
0.00275,0.002,0.00075,102.823,88.19724106582959,209483586.15900278
0.003,0.002,0.00075,92.9458,88.2744458652799,209507705.2365185
0.00325,0.002,0.00075,114.202,88.3405299013859,209531827.0910046
0.0035,0.002,0.00075,105.11,88.40055670430016,209555951.72278085
0.00375,0.002,0.00075,104.589,88.45451386263281,209555951.72278085
0.004,0.002,0.00075,113.139,88.50340914246036,209580079.13216874
0.00425,0.002,0.00075,106.656,88.5482535586162,209604209.31948805
0.0045,0.002,0.00075,101.419,88.589040927265,209604209.31948805
0.00475,0.002,0.00075,102.618,88.62678596991046,209604209.31948805
0.005,0.002,0.00075,106.458,88.66046403527608,209628342.2850569
0.00025,0.00225,0.00075,146.947,83.91217922531212,218675435.44392654
0.0005,0.00225,0.00075,28.7039,87.72734783363818,219028182.8068457
0.00075,0.00225,0.00075,32.4323,87.76371531265352,220165872.1565092
0.001,0.00225,0.00075,32.4183,88.23888263185633,220444871.6451064
0.00125,0.00225,0.00075,32.6087,88.53296313728619,220622600.82823294
0.0015,0.00225,0.00075,109.163,87.42084499692766,221845181.38020754
0.00175,0.00225,0.00075,122.011,87.61026621589808,221947368.38935038
0.002,0.00225,0.00075,105.018,87.76270490135695,222024039.5345072
0.00225,0.00225,0.00075,113.276,87.8890965106336,222075168.3450758
0.0025,0.00225,0.00075,112.919,87.9964192094551,222126308.92984176
0.00275,0.00225,0.00075,121.804,88.08865927549421,222151883.6383981
0.003,0.00225,0.00075,96.2926,88.16982930341918,222177461.29152018
0.00325,0.00225,0.00075,132.693,88.2409144306059,222203041.8895479
0.0035,0.00225,0.00075,102.076,88.3049400446062,222228625.43282038
0.00375,0.00225,0.00075,92.2042,88.36290800987713,222254211.92167664
0.004,0.00225,0.00075,112.917,88.41277053622721,222279801.3564559
0.00425,0.00225,0.00075,103.879,88.46062429502817,222279801.3564559
0.0045,0.00225,0.00075,92.6107,88.5044280814787,222305393.7374973
0.00475,0.00225,0.00075,97.2945,88.54417585473635,222305393.7374973
0.005,0.00225,0.00075,93.8504,88.58088195080384,222330989.06514007
0.00025,0.0025,0.00075,147.404,83.6132298726349,230117686.9379379
0.0005,0.0025,0.00075,28.1283,87.64759423299681,230568513.69472864
0.00075,0.0025,0.00075,31.7632,87.68594767037452,231846209.54131293
0.001,0.0025,0.00075,27.2956,89.18770732146305,231259722.40639514
0.00125,0.0025,0.00075,32.6233,88.38223911999945,232487710.15016475
0.0015,0.0025,0.00075,105.929,87.28407222592651,233776041.22746897
0.00175,0.0025,0.00075,106.583,87.48226121037682,233883723.86593536
0.002,0.0025,0.00075,106.706,87.64355800505678,233964518.39426383
0.00225,0.0025,0.00075,113.206,87.77584115561287,234018396.91825342
0.0025,0.0025,0.00075,114.724,87.8890965106336,234072287.84966195
0.00275,0.0025,0.00075,99.322,87.9873018158788,234126191.19134378
0.003,0.0025,0.00075,102.746,88.07142027369031,234153147.51692966
0.00325,0.0025,0.00075,108.279,88.14648526279522,234180106.94615778
0.0035,0.0025,0.00075,101.727,88.21348909448406,234207069.4793826
0.00375,0.0025,0.00075,98.3882,88.2744458652799,234234035.1169625
0.004,0.0025,0.00075,101.005,88.32832604918204,234261003.85925484
0.00425,0.0025,0.00075,98.1087,88.37816906119109,234261003.85925484
0.0045,0.0025,0.00075,112.049,88.4229500185674,234287975.70661715
0.00475,0.0025,0.00075,101.434,88.46571664446677,234287975.70661715
0.005,0.0025,0.00075,129.007,88.50340914246036,234314950.65940687
0.00025,0.00275,0.00075,145.231,83.33165362357515,240935059.13354945
0.0005,0.00275,0.00075,27.6143,87.57194588124666,241518276.02469757
0.00075,0.00275,0.00075,28.2948,88.24193034752474,242381796.4554629
0.001,0.00275,0.00075,31.7318,88.02985773625772,243388469.65041834
0.00125,0.00275,0.00075,27.1006,89.44375019279428,242605141.17825314
0.0015,0.00275,0.00075,109.991,87.15453698319692,245103774.9149685
0.00175,0.00275,0.00075,116.594,87.36148344957014,245216675.36893433
0.002,0.00275,0.00075,113.29,87.52961132735575,245301384.83608845
0.00225,0.00275,0.00075,117.875,87.66878747946579,245386123.56590724
0.0025,0.00275,0.00075,103.714,87.787968673935,245442632.31448358
0.00275,0.00275,0.00075,101.71,87.8890965106336,245499154.07617626
0.003,0.00275,0.00075,147.818,87.97818536696447,245527419.83787996
0.00325,0.00275,0.00075,116.622,88.0562121914414,245583961.12487024
0.0035,0.00275,0.00075,85.8923,88.12923494441202,245612236.65090728
0.00375,0.00275,0.00075,105.235,88.19013349439642,245640515.43247196
0.004,0.00275,0.00075,105.579,88.24701010756544,245668797.4699391
0.00425,0.00275,0.00075,100.57,88.29884036612657,245668797.4699391
0.0045,0.00275,0.00075,102.507,88.34663245977612,245697082.76368362
0.00475,0.00275,0.00075,98.6505,88.39139743764954,245697082.76368362
0.005,0.00275,0.00075,95.5187,88.43211255475002,245725371.31408033
0.00025,0.003,0.00075,31.3514,84.630128442315,250264932.5731072
0.0005,0.003,0.00075,27.1491,87.50240706472144,251941667.81870407
0.00075,0.003,0.00075,27.6708,88.23786675002532,252871567.1105158
0.001,0.003,0.00075,28.2583,88.61862351716243,253425317.92826697
0.00125,0.003,0.00075,27.4267,89.21543553940712,253425317.92826697
0.0015,0.003,0.00075,31.3514,88.59516065278166,254477857.67428735
0.00175,0.003,0.00075,148.196,87.24589456705272,256064869.4610116
0.002,0.003,0.00075,114.97,87.42084499692766,256153326.4087948
0.00225,0.003,0.00075,107.773,87.56690497990814,256241813.91380212
0.0025,0.003,0.00075,60.9707,87.7414889510829,256271316.5411232
0.00275,0.003,0.00075,117.534,87.79605461702128,256359844.80551702
0.003,0.003,0.00075,112.982,87.8890965106336,256418880.63771757
0.00325,0.003,0.00075,115.155,87.9710954486235,256448403.65177214
0.0035,0.003,0.00075,114.966,88.04404761646754,256507459.87774637
0.00375,0.003,0.00075,106.692,88.10995917178316,256536993.09045094
0.004,0.003,0.00075,101.427,88.16982930341918,256536993.09045094
0.00425,0.003,0.00075,94.7325,88.22466135048299,256566529.70348695
0.0045,0.003,0.00075,98.8866,88.2744458652799,256596069.71724695
0.00475,0.003,0.00075,104.965,88.31917426641908,256596069.71724695
0.005,0.003,0.00075,94.646,88.36290800987713,256625613.13212252
0.00025,0.00325,0.00075,31.0013,84.44326170187587,260015956.31652775
0.0005,0.00325,0.00075,26.724,87.43694999496782,261908745.27768585
0.00075,0.00325,0.00075,26.8401,88.31714066569099,262814910.0268465
0.001,0.00325,0.00075,28.4623,88.42396803126047,263693849.34534603
0.00125,0.00325,0.00075,26.9954,89.21235420064117,263542098.64524513
0.0015,0.00325,0.00075,31.0014,88.54111770005827,264728074.0017555
0.00175,0.00325,0.00075,107.828,87.13647758812185,266440352.77248922
0.002,0.00325,0.00075,104.649,87.3182453444495,266563081.34651166
0.00225,0.00325,0.00075,118.127,87.46816187214024,266655164.87447667
0.0025,0.00325,0.00075,43.6478,87.9761596177055,266379009.67669868
0.00275,0.00325,0.00075,108.335,87.70715019073008,266808708.11543605
0.003,0.00325,0.00075,101.889,87.80414130488471,266870150.1643416
0.00325,0.00325,0.00075,129.142,87.8890965106336,266900876.4945329
0.0035,0.00325,0.00075,118.011,87.96501883051509,266931606.36242846
0.00375,0.00325,0.00075,103.806,88.03391175436745,266962339.76843446
0.004,0.00325,0.00075,99.8932,88.09575866874185,266993076.71295935
0.00425,0.00325,0.00075,97.2658,88.15257441659365,267023817.1964084
0.0045,0.00325,0.00075,116.697,88.20333372583582,267054561.21919012
0.00475,0.00325,0.00075,92.8803,88.25209016002907,267085308.78171095
0.005,0.00325,0.00075,95.5337,88.2957906848896,267085308.78171095
0.00025,0.0035,0.00075,30.6772,84.26650855262159,269339469.26107854
0.0005,0.0035,0.00075,26.4818,87.32829880766606,271518859.03272635
0.00075,0.0035,0.00075,29.3043,87.50845172563747,273243600.9091417
0.001,0.0035,0.00075,28.487,88.28156023176112,273558365.3884786
0.00125,0.0035,0.00075,26.6148,89.2051648240515,273306524.81746715
0.0015,0.0035,0.00075,30.6772,88.49016400268499,274568050.4177409
0.00175,0.0035,0.00075,124.803,87.0302036962456,276407612.68767846
0.002,0.0035,0.00075,111.233,87.21877848378011,276534932.41159195
0.00225,0.0035,0.00075,108.542,87.3745596493073,276662310.7819068
0.0025,0.0035,0.00075,101.828,87.50744425315465,276757883.0625946
0.00275,0.0035,0.00075,106.045,87.62237085761676,276821616.2574589
0.003,0.0035,0.00075,103.02,87.72229798690167,276885364.12912333
0.00325,0.0035,0.00075,130.182,87.81020680958352,276917243.5698129
0.0035,0.0035,0.00075,108.898,87.8890965106336,276981013.4630138
0.00375,0.0035,0.00075,108.291,87.95995530272991,277012903.9163727
0.004,0.0035,0.00075,101.11,88.02479047615252,277044798.0414682
0.00425,0.0035,0.00075,96.4212,88.08358863059772,277076695.8387208
0.0045,0.0035,0.00075,98.0041,88.13633760780414,277108597.3085544
0.00475,0.0035,0.00075,109.169,88.18505700834253,277108597.3085544
0.005,0.0035,0.00075,95.5065,88.23177170464471,277140502.45139194
0.00025,0.00375,0.00075,30.3753,84.09883893730027,278323578.72694725
0.0005,0.00375,0.00075,26.1067,87.27201431866263,280704904.02758014
0.00075,0.00375,0.00075,26.4563,88.13126421840123,281903196.26364774
0.001,0.00375,0.00075,145.851,85.9686288406512,285134652.2007525
0.00125,0.00375,0.00075,113.199,86.38035807326862,285561727.1381299
0.0015,0.00375,0.00075,137.706,86.68720490049468,285824860.36727434
0.00175,0.00375,0.00075,109.206,86.92806251178723,286022369.39542717
0.002,0.00375,0.00075,108.804,87.12243397912884,286187064.50495124
0.00225,0.00375,0.00075,105.818,87.28407222592651,286318888.8700104
0.0025,0.00375,0.00075,107.99,87.42084499692766,286417796.9906574
0.00275,0.00375,0.00075,117.453,87.53968912638125,286483754.71900296
0.003,0.00375,0.00075,114.794,87.64254897711446,286549727.63642424
0.00325,0.00375,0.00075,105.349,87.73441810745067,286615715.7464202
0.0035,0.00375,0.00075,104.332,87.81627273328705,286648715.49972695
0.00375,0.00375,0.00075,109.589,87.8890965106336,286681719.0524894
0.004,0.00375,0.00075,105.072,87.95590469036223,286714726.405145
0.00425,0.00375,0.00075,105.753,88.015670143002,286747737.55813134
0.0045,0.00375,0.00075,104.021,88.07142027369031,286780752.511887
0.00475,0.00375,0.00075,104.592,88.12213285340391,286813771.2668462
0.005,0.00375,0.00075,105.485,88.16982930341918,286846793.82345
0.00025,0.004,0.00075,30.0928,83.9392336763608,286978922.07505625
0.0005,0.004,0.00075,28.6342,86.37638020236666,290368833.57460535
0.00075,0.004,0.00075,30.9927,86.86403513975081,292146037.38773346
0.001,0.004,0.00075,109.354,85.84203408875207,294340484.2198335
0.00125,0.004,0.00075,26.0251,89.16204072969009,291776291.45344
0.0015,0.004,0.00075,30.8979,88.23278751630342,293426950.39559644
0.00175,0.004,0.00075,30.0929,88.64005155915683,293426950.39559644
0.002,0.004,0.00075,103.943,87.0302036962456,295494906.99804926
0.00225,0.004,0.00075,128.723,87.19669012870742,295631018.770119
0.0025,0.004,0.00075,107.096,87.33835342839707,295733143.7419896
0.00275,0.004,0.00075,107.313,87.46010612770108,295801246.65515465
0.003,0.004,0.00075,97.4376,87.56690497990814,295903430.4318072
0.00325,0.004,0.00075,113.984,87.66071325757626,295937499.53433865
0.0035,0.004,0.00075,102.855,87.74552968901351,296005649.50758153
0.00375,0.004,0.00075,112.055,87.8203169152174,296039730.3791964
0.004,0.004,0.00075,100.01,87.8890965106336,296073815.1747425
0.00425,0.004,0.00075,103.832,87.9518542645278,296141996.53943676
0.0045,0.004,0.00075,88.8787,88.01060369957688,296141996.53943676
0.00475,0.004,0.00075,116.774,88.06128126037797,296176093.1094874
0.005,0.004,0.00075,123.656,88.10995917178316,296210193.6052755
0.00025,0.00425,0.00075,30.8636,83.57762004099396,295460888.84793353
0.0005,0.00425,0.00075,141.759,84.06979724298061,300849989.0356525
0.00075,0.00425,0.00075,28.735,87.21074570734217,300469227.2040945
0.001,0.00425,0.00075,27.6773,88.11401687878525,300849989.0356525
0.00125,0.00425,0.00075,117.884,86.15490343532917,303773580.40736145
0.0015,0.00425,0.00075,30.5789,88.19216417064271,302273448.0038649
0.00175,0.00425,0.00075,29.8275,88.60128080104852,302308250.5239908
0.002,0.00425,0.00075,106.931,86.94107383741134,304508906.69742167
0.00225,0.00425,0.00075,106.9,87.11240421561226,304649170.52573156
0.0025,0.00425,0.00075,108.654,87.25794886549023,304789498.9627983
0.00275,0.00425,0.00075,106.51,87.38361354950017,304859687.41891396
0.003,0.00425,0.00075,105.647,87.49334085621828,304965000.410532
0.00325,0.00425,0.00075,124.868,87.59009552892516,305035229.2820034
0.0035,0.00425,0.00075,102.654,87.67686244505279,305070349.78225094
0.00375,0.00425,0.00075,120.386,87.75462202975163,305140602.91410464
0.004,0.00425,0.00075,119.17,87.8243612833936,305175735.5466395
0.00425,0.00425,0.00075,97.6812,87.89010837707565,305210872.224201
0.0045,0.00425,0.00075,132.617,87.94780402521813,305246012.9472549
0.00475,0.00425,0.00075,114.233,88.00249799669982,305281157.716267
0.005,0.00425,0.00075,98.2607,88.05317089014004,305316306.531703
0.00025,0.0045,0.00075,135.648,81.72971791853857,304543966.59905654
0.0005,0.0045,0.00075,149.957,83.91217922531212,309278692.0198207
0.00075,0.0045,0.00075,125.102,84.95716271561216,310992560.465683
0.001,0.0045,0.00075,27.7887,87.96501883051509,309492407.9779465
0.00125,0.0045,0.00075,112.207,86.04685469216763,312464008.5806109
0.0015,0.0045,0.00075,30.2866,88.15257441659365,310920960.02593
0.00175,0.0045,0.00075,29.5772,88.56354662073635,310956758.1849808
0.002,0.0045,0.00075,104.007,86.85403512378748,313256434.1670934
0.00225,0.0045,0.00075,117.677,87.0302036962456,313436810.9776308
0.0025,0.0045,0.00075,114.706,87.17962568578388,313545086.91442895
0.00275,0.0045,0.00075,99.0009,87.30919821711919,313653400.25486976
0.003,0.0045,0.00075,114.61,87.42084499692766,313725629.93468034
0.00325,0.0045,0.00075,102.472,87.5215499234733,313797876.2479017
0.0035,0.0045,0.00075,98.5694,87.61026621589808,313870139.19836926
0.00375,0.0045,0.00075,112.202,87.68998585047578,313942418.7899107
0.004,0.0045,0.00075,97.7365,87.76270490135695,313978564.8272821
0.00425,0.0045,0.00075,104.618,87.82840583782404,314014715.0263593
0.0045,0.0045,0.00075,111.841,87.8890965106336,314050869.38762164
0.00475,0.0045,0.00075,100.906,87.94476646813752,314087027.91154826
0.005,0.0045,0.00075,95.3977,87.99743231150256,314123190.59861845
0.00025,0.00475,0.00075,143.26,81.53986723708145,312392069.3664115
0.0005,0.00475,0.00075,150.192,83.75967817321579,317468032.1567871
0.00075,0.00475,0.00075,141.631,84.8271742323194,319337558.0862233
0.001,0.00475,0.00075,27.9043,87.81829480097207,317870335.2828341
0.00125,0.00475,0.00075,124.71,85.94289918093043,320885431.3775929
0.0015,0.00475,0.00075,30.0147,88.11300243451612,319264036.3609602
0.00175,0.00475,0.00075,29.3404,88.52786691693966,319337558.0862233
0.002,0.00475,0.00075,106.342,86.77008042727786,321773296.6569406
0.00225,0.00475,0.00075,106.275,86.95008281906851,321958577.5790114
0.0025,0.00475,0.00075,106.214,87.10337841567917,322069797.3380717
0.00275,0.00475,0.00075,54.8474,87.34036449145673,322069797.3380717
0.003,0.00475,0.00075,114.679,87.35142616605042,322292352.1312014
0.00325,0.00475,0.00075,114.825,87.45406480626535,322366571.23222345
0.0035,0.00475,0.00075,111.942,87.54573636273986,322440807.42479265
0.00375,0.00475,0.00075,97.0607,87.62842380562425,322477931.93163747
0.004,0.00475,0.00075,108.091,87.70210150662979,322552193.76890767
0.00425,0.00475,0.00075,106.896,87.7697780247273,322589331.1003174
0.0045,0.00475,0.00075,95.9054,87.83245057851741,322626472.70756793
0.00475,0.00475,0.00075,93.5865,87.89010837707565,322663618.59114885
0.005,0.00475,0.00075,90.2185,87.94375397242449,322700768.7515525
0.00025,0.005,0.00075,150.01,81.35607724606547,320000015.9744843
0.0005,0.005,0.00075,124.135,83.61226724529278,325424315.4823681
0.00075,0.005,0.00075,29.1157,86.73013052804615,325461783.4980453
0.001,0.005,0.00075,27.5211,87.81222873759387,325874216.4980566
0.00125,0.005,0.00075,111.533,85.84203408875207,329078872.01217383
0.0015,0.005,0.00075,29.7592,88.07446220531389,327416076.5375754
0.00175,0.005,0.00075,29.1157,88.49322039745442,327491475.55557907
0.002,0.005,0.00075,118.539,86.68820292956858,330065399.52850837
0.00225,0.005,0.00075,139.588,86.87303613852735,330217435.2670771
0.0025,0.005,0.00075,111.032,87.0302036962456,330369541.03681487
0.00275,0.005,0.00075,46.0408,87.45406480626535,330179419.7682725
0.003,0.005,0.00075,119.537,87.28407222592651,330597831.070432
0.00325,0.005,0.00075,107.14,87.38864389943215,330673962.7988459
0.0035,0.005,0.00075,110.223,87.48226121037682,330750112.0592537
0.00375,0.005,0.00075,140.728,87.56690497990814,330826278.8556982
0.004,0.005,0.00075,95.1394,87.64355800505678,330864368.83119446
0.00425,0.005,0.00075,104.999,87.71219916546424,330902463.19221365
0.0045,0.005,0.00075,96.034,87.77685171814697,330940561.9392608
0.00475,0.005,0.00075,98.1089,87.83548425627755,330978665.0728407
0.005,0.005,0.00075,102.235,87.8890965106336,331016772.59345853
0.00025,0.00025,0.00125,124.208,87.8890965106336,74739467.62302066
0.0005,0.00025,0.00125,112.571,88.50340914246036,74816950.05111538
0.00075,0.00025,0.00125,109.23,88.77690494117356,74842795.3732712
0.001,0.00025,0.00125,128.008,88.94058875558919,74860030.54796243
0.00125,0.00025,0.00125,107.557,89.05227115078497,74868649.62362665
0.0015,0.00025,0.00125,113.695,89.13432910688908,74868649.62362665
0.00175,0.00025,0.00125,107.802,89.1990029623948,74877269.69165592
0.002,0.00025,0.00125,105.329,89.25036481773961,74877269.69165592
0.00225,0.00025,0.00125,115.164,89.2935316309113,74877269.69165592
0.0025,0.00025,0.00125,99.5534,89.32951992330462,74877269.69165592
0.00275,0.00025,0.00125,108.558,89.36037857523917,74885890.75216432
0.003,0.00025,0.00125,106.245,89.38816047621093,74885890.75216432
0.00325,0.00025,0.00125,100.018,89.41183335259669,74885890.75216432
0.0035,0.00025,0.00125,97.5868,89.43345319325584,74885890.75216432
0.00375,0.00025,0.00125,79.1744,89.45816798390968,74885890.75216432
0.004,0.00025,0.00125,61.5525,89.51792359535789,74885890.75216432
0.00425,0.00025,0.00125,55.6646,89.5797817488753,74877269.69165592
0.0045,0.00025,0.00125,51.9025,89.64581089435255,74877269.69165592
0.00475,0.00025,0.00125,49.0416,89.71602019011284,74877269.69165592
0.005,0.00025,0.00125,46.7061,89.79041937918545,74868649.62362665
0.00025,0.0005,0.00125,39.2523,87.65970403212793,105256760.608252
0.0005,0.0005,0.00125,110.368,87.8890965106336,105706087.84557773
0.00075,0.0005,0.00125,119.471,88.27342957401449,105779132.24995008
0.001,0.0005,0.00125,140.498,88.50340914246036,105815673.37797672
0.00125,0.0005,0.00125,106.781,88.66046403527608,105827856.55888933
0.0015,0.0005,0.00125,104.265,88.77690494117356,105852227.12904078
0.00175,0.0005,0.00125,122.466,88.86689372526403,105852227.12904078
0.002,0.0005,0.00125,101.779,88.94058875558919,105864414.51860264
0.00225,0.0005,0.00125,94.7379,89.00204796255258,105876603.31136991
0.0025,0.0005,0.00125,105.983,89.05227115078497,105876603.31136991
0.00275,0.0005,0.00125,110.039,89.09636790795251,105876603.31136991
0.003,0.0005,0.00125,105.17,89.13432910688908,105888793.5075046
0.00325,0.0005,0.00125,97.767,89.16922663074838,105888793.5075046
0.0035,0.0005,0.00125,89.9179,89.20002990977909,105888793.5075046
0.00375,0.0005,0.00125,106.884,89.22570743729062,105888793.5075046
0.004,0.0005,0.00125,98.7196,89.25036481773961,105888793.5075046
0.00425,0.0005,0.00125,103.476,89.2729734023723,105888793.5075046
0.0045,0.0005,0.00125,88.8718,89.2955877141311,105900985.10716783
0.00475,0.0005,0.00125,92.7407,89.31306633310764,105900985.10716783
0.005,0.0005,0.00125,93.7195,89.33054837332953,105900985.10716783
0.00025,0.00075,0.00125,35.3577,87.36852423700884,128513869.4366192
0.0005,0.00075,0.00125,35.8908,88.3486667395857,128884294.91602223
0.00075,0.00075,0.00125,119.158,87.8890965106336,129464291.8060727
0.001,0.00075,0.00125,103.146,88.16982930341918,129523926.04598789
0.00125,0.00075,0.00125,127.334,88.36087340215387,129568669.75170216
0.0015,0.00075,0.00125,142.259,88.50340914246036,129583587.75480941
0.00175,0.00075,0.00125,107.588,88.61454257270096,129613428.91401346
0.002,0.00075,0.00125,135.344,88.70334553715612,129628352.07050689
0.00225,0.00075,0.00125,99.4363,88.77792702894672,129628352.07050689
0.0025,0.00075,0.00125,100.649,88.84029664017812,129643276.94519056
0.00275,0.00075,0.00125,94.4053,88.89452220312529,129643276.94519056
0.003,0.00075,0.00125,98.9274,88.94058875558919,129658203.53826284
0.00325,0.00075,0.00125,93.505,88.98258128681087,129658203.53826284
0.0035,0.00075,0.00125,110.338,89.01844425577141,129673131.8499216
0.00375,0.00075,0.00125,95.504,89.05329640884712,129673131.8499216
0.004,0.00075,0.00125,119.812,89.08200842742012,129673131.8499216
0.00425,0.00075,0.00125,119.837,89.10970378386277,129673131.8499216
0.0045,0.00075,0.00125,94.745,89.13535530968372,129673131.8499216
0.00475,0.00075,0.00125,100.521,89.15793476051732,129688061.88036469
0.005,0.00075,0.00125,92.1717,89.18051993109707,129688061.88036469
0.00025,0.001,0.00125,36.2318,86.7351232593888,148183551.75164306
0.0005,0.001,0.00125,36.2319,87.92249425494781,148713364.760195
0.00075,0.001,0.00125,36.2319,88.45756902606874,148901817.9128527
0.001,0.001,0.00125,108.274,87.8890965106336,149485820.6563827
0.00125,0.001,0.00125,105.52,88.10995917178316,149554677.27443996
0.0015,0.001,0.00125,100.145,88.27342957401449,149589117.47640985
0.00175,0.001,0.00125,100.921,88.40157445917927,149623565.60944358
0.002,0.001,0.00125,115.8,88.50340914246036,149640792.65067938
0.00225,0.001,0.00125,113.283,88.589040927265,149658021.67536575
0.0025,0.001,0.00125,93.8864,88.66148478246615,149675252.68373048
0.00275,0.001,0.00125,105.859,88.72275112462971,149675252.68373048
0.003,0.001,0.00125,113.256,88.77690494117356,149692485.67600378
0.00325,0.001,0.00125,105.032,88.82495578914929,149692485.67600378
0.0035,0.001,0.00125,96.9478,88.86791684907733,149709720.65241224
0.00375,0.001,0.00125,95.433,88.90680428362228,149709720.65241224
0.004,0.001,0.00125,108.294,88.94058875558919,149709720.65241224
0.00425,0.001,0.00125,102.382,88.97233737824862,149726957.6131849
0.0045,0.001,0.00125,111.921,89.00102329450668,149726957.6131849
0.00475,0.001,0.00125,143.509,89.02766849807772,149726957.6131849
0.005,0.001,0.00125,110.189,89.05227115078497,149726957.6131849
0.00025,0.00125,0.00125,144.478,85.37387620225034,165805907.51089168
0.0005,0.00125,0.00125,32.8304,88.0085772038668,165863184.73339346
0.00075,0.00125,0.00125,30.8382,88.94468471537802,165863184.73339346
0.001,0.00125,0.00125,35.2588,88.64005155915683,166417885.6616583
0.00125,0.00125,0.00125,103.639,87.8890965106336,167128301.6802953
0.0015,0.00125,0.00125,106.537,88.07142027369031,167186035.7204467
0.00175,0.00125,0.00125,124.376,88.21348909448406,167224536.16016412
0.002,0.00125,0.00125,120.348,88.32832604918204,167263045.46595606
0.00225,0.00125,0.00125,100.509,88.4229500185674,167282303.44426805
0.0025,0.00125,0.00125,94.5123,88.5044280814787,167301563.63986433
0.00275,0.00125,0.00125,106.599,88.57272372577754,167320826.0530002
0.003,0.00125,0.00125,144.478,88.63290830285233,167320826.0530002
0.00325,0.00125,0.00125,95.0384,88.68802833470282,167340090.68393174
0.0035,0.00125,0.00125,105.42,88.73398787876634,167359357.53291285
0.00375,0.00125,0.00125,96.5362,88.77792702894672,167359357.53291285
0.004,0.00125,0.00125,110.629,88.81575255010156,167359357.53291285
0.00425,0.00125,0.00125,105.156,88.85154828147786,167378626.60019892
0.0045,0.00125,0.00125,110.642,88.88326511985908,167378626.60019892
0.00475,0.00125,0.00125,96.9256,88.91396961422438,167378626.60019892
0.005,0.00125,0.00125,89.6086,88.94263671190534,167378626.60019892
0.00025,0.0015,0.00125,34.494,86.04883601702753,180738219.6598351
0.0005,0.0015,0.00125,31.8359,87.8627920717135,181426198.20386174
0.00075,0.0015,0.00125,29.8686,88.88735843973615,181467977.93969244
0.001,0.0015,0.00125,34.4633,88.51461811689123,182158734.30259886
0.00125,0.0015,0.00125,100.242,87.69099542455844,182999540.8175171
0.0015,0.0015,0.00125,107.967,87.8890965106336,183083834.62833664
0.00175,0.0015,0.00125,114.295,88.04404761646754,183125996.09300736
0.002,0.0015,0.00125,105.911,88.16982930341918,183168167.26683107
0.00225,0.0015,0.00125,145.27,88.27342957401449,183210348.15204445
0.0025,0.0015,0.00125,102.366,88.3618907001594,183231442.2371211
0.00275,0.0015,0.00125,114.248,88.43720326287368,183252538.75088388
0.003,0.0015,0.00125,101.124,88.50340914246036,183273637.69361234
0.00325,0.0015,0.00125,115.201,88.56150739319163,183273637.69361234
0.0035,0.0015,0.00125,101.821,88.61454257270096,183294739.0655862
0.00375,0.0015,0.00125,101.355,88.66148478246615,183315842.8670859
0.004,0.0015,0.00125,104.535,88.70334553715612,183315842.8670859
0.00425,0.0015,0.00125,99.8794,88.74216095745406,183315842.8670859
0.0045,0.0015,0.00125,101.468,88.77690494117356,183336949.09838888
0.00475,0.0015,0.00125,121.694,88.80961758716278,183336949.09838888
0.005,0.0015,0.00125,94.5547,88.84029664017812,183336949.09838888
0.00025,0.00175,0.00125,145.939,84.57947790659561,195456447.03729045
0.0005,0.00175,0.00125,33.7905,87.28407222592651,196019826.2928805
0.00075,0.00175,0.00125,33.7905,87.97919825908578,196403851.4572658
0.001,0.00175,0.00125,145.939,87.2177743462646,197446754.7346236
0.00125,0.00175,0.00125,33.7905,88.68802833470282,196720672.322527
0.0015,0.00175,0.00125,110.425,87.72229798690167,197696964.0111858
0.00175,0.00175,0.00125,132.105,87.8890965106336,197742490.66066
0.002,0.00175,0.00125,102.032,88.02479047615252,197810800.29332423
0.00225,0.00175,0.00125,95.8205,88.13735232073088,197833575.414339
0.0025,0.00175,0.00125,111.053,88.2307559046808,197879133.5233738
0.00275,0.00175,0.00125,116.082,88.31307360470812,197901916.51199612
0.003,0.00175,0.00125,94.9219,88.38529178711106,197924702.12375793
0.00325,0.00175,0.00125,107.713,88.44738555829746,197947490.35896125
0.0035,0.00175,0.00125,123.743,88.50340914246036,197947490.35896125
0.00375,0.00175,0.00125,107.695,88.55437046654392,197970281.2179081
0.004,0.00175,0.00125,110.305,88.59924070465219,197970281.2179081
0.00425,0.00175,0.00125,117.591,88.64107207133823,197993074.70090067
0.0045,0.00175,0.00125,108.15,88.6798602415844,197993074.70090067
0.00475,0.00175,0.00125,97.3954,88.71560120379608,198015870.80824098
0.005,0.00175,0.00125,111.963,88.74726951391219,198015870.80824098
0.00025,0.002,0.00125,57.6602,84.31988392153961,208377104.9770177
0.0005,0.002,0.00125,33.2075,87.10738976685701,209290733.4714944
0.00075,0.002,0.00125,33.2075,87.84660863788832,209773198.43964416
0.001,0.002,0.00125,129.225,87.0302036962456,210984232.330313
0.00125,0.002,0.00125,120.698,87.33835342839707,211154334.0658844
0.0015,0.002,0.00125,146.519,87.56690497990814,211275919.26304564
0.00175,0.002,0.00125,112.78,87.74552968901351,211348903.98366433
0.002,0.002,0.00125,99.1638,87.89010837707565,211397574.47042024
0.00225,0.002,0.00125,100.567,88.0085772038668,211446256.1652585
0.0025,0.002,0.00125,109.151,88.10995917178316,211494949.0707636
0.00275,0.002,0.00125,99.4994,88.19724106582959,211519299.72832185
0.003,0.002,0.00125,46.4434,88.5482535586162,211324572.94251192
0.00325,0.002,0.00125,117.797,88.3405299013859,211568009.4546645
0.0035,0.002,0.00125,101.24,88.40157445917927,211592368.52409452
0.00375,0.002,0.00125,119.999,88.45451386263281,211616730.39812753
0.004,0.002,0.00125,88.021,88.50544703222802,211616730.39812753
0.00425,0.002,0.00125,119.422,88.5482535586162,211641095.07708636
0.0045,0.002,0.00125,99.9189,88.589040927265,211641095.07708636
0.00475,0.002,0.00125,92.4141,88.62780632936513,211665462.561294
0.005,0.002,0.00125,87.7389,88.66250554140797,211665462.561294
0.00025,0.00225,0.00125,141.468,83.91121315620819,220825895.35919034
0.0005,0.00225,0.00125,32.6931,86.94307575266504,221743041.41908836
0.00075,0.00225,0.00125,32.9138,87.68897628801614,222356587.33972347
0.001,0.00225,0.00125,32.3713,88.245994132164,222561479.66697833
0.00125,0.00225,0.00125,31.6747,88.68700728192067,222638362.95529076
0.0015,0.00225,0.00125,147.031,87.42185147239393,224001022.10407582
0.00175,0.00225,0.00125,108.544,87.61026621589808,224078402.67860594
0.002,0.00225,0.00125,102.59,87.76270490135695,224155809.98405477
0.00225,0.00225,0.00125,122.839,87.8890965106336,224233244.02965733
0.0025,0.00225,0.00125,101.779,87.9964192094551,224259061.3220444
0.00275,0.00225,0.00125,119.732,88.08865927549421,224310704.82465097
0.003,0.00225,0.00125,102.744,88.16982930341918,224336531.035555
0.00325,0.00225,0.00125,95.1599,88.24193034752474,224362360.21998352
0.0035,0.00225,0.00125,114.521,88.30392340226558,224388192.37827706
0.00375,0.00225,0.00125,103.009,88.3618907001594,224414027.51077804
0.004,0.00225,0.00125,104.709,88.41378843172397,224414027.51077804
0.00425,0.00225,0.00125,102.897,88.46062429502817,224439865.6178307
0.0045,0.00225,0.00125,113.735,88.50340914246036,224439865.6178307
0.00475,0.00225,0.00125,103.51,88.54315645810755,224465706.6997775
0.005,0.00225,0.00125,97.5079,88.58088195080384,224465706.6997775
0.00025,0.0025,0.00125,55.7059,83.72400597107037,232059846.15989244
0.0005,0.0025,0.00125,29.5431,87.30517757253277,233077311.52826363
0.00075,0.0025,0.00125,32.1681,87.61833579122934,234126191.19134378
0.001,0.0025,0.00125,32.9263,87.99439304035127,234557865.0377591
0.00125,0.0025,0.00125,32.2911,88.43516694445874,234692926.26864642
0.0015,0.0025,0.00125,30.9594,88.92113552230728,234611880.2005938
0.00175,0.0025,0.00125,147.488,87.48326839292744,236156552.3917721
0.002,0.0025,0.00125,111.485,87.64355800505678,236238132.06284353
0.00225,0.0025,0.00125,140.556,87.77584115561287,236319739.9154016
0.0025,0.0025,0.00125,147.488,87.8890965106336,236346948.7971561
0.00275,0.0025,0.00125,99.4045,87.9873018158788,236401375.95918256
0.003,0.0025,0.00125,147.488,88.07142027369031,236428594.24017403
0.00325,0.0025,0.00125,96.2254,88.14750009255188,236483040.20392206
0.0035,0.0025,0.00125,100.789,88.21348909448406,236510267.8874003
0.00375,0.0025,0.00125,102.217,88.27342957401449,236510267.8874003
0.004,0.0025,0.00125,116.556,88.32832604918204,236537498.70576096
0.00425,0.0025,0.00125,104.558,88.37816906119109,236564732.6593659
0.0045,0.0025,0.00125,100.659,88.4229500185674,236564732.6593659
0.00475,0.0025,0.00125,100.844,88.4646981511278,236591969.74857515
0.005,0.0025,0.00125,98.0775,88.5044280814787,236591969.74857515
0.00025,0.00275,0.00125,132.442,83.33165362357515,243248404.3028282
0.0005,0.00275,0.00125,28.9684,87.22379934476986,244146217.35953265
0.00075,0.00275,0.00125,31.5078,87.55178401684114,245329627.82745418
0.001,0.00275,0.00125,27.9331,88.85359418753777,244990926.4416122
0.00125,0.00275,0.00125,31.8162,88.37206432440477,245980114.8788855
0.0015,0.00275,0.00125,104.645,87.15453698319692,247485637.33022714
0.00175,0.00275,0.00125,31.8162,88.84438798123806,246235122.53641832
0.002,0.00275,0.00125,117.182,87.52961132735575,247713685.02965078
0.00225,0.00275,0.00125,112.618,87.66878747946579,247799257.08234185
0.0025,0.00275,0.00125,100.924,87.787968673935,247856321.5394193
0.00275,0.00275,0.00125,98.2465,87.89010837707565,247884858.69567752
0.003,0.00275,0.00125,99.994,87.97818536696447,247941942.86552426
0.00325,0.00275,0.00125,98.6088,88.05722598188488,247970489.87987044
0.0035,0.00275,0.00125,66.6573,88.15358931645473,247970489.87987044
0.00375,0.00275,0.00125,110.007,88.19013349439642,248027593.7692952
0.004,0.00275,0.00125,98.1423,88.24701010756544,248056150.64513272
0.00425,0.00275,0.00125,101.813,88.29884036612657,248084710.80889234
0.0045,0.00275,0.00125,99.7825,88.34663245977612,248084710.80889234
0.00475,0.00275,0.00125,117.068,88.39037979993715,248113274.26095062
0.005,0.00275,0.00125,97.7159,88.43109444829011,248113274.26095062
0.00025,0.003,0.00125,133.162,83.0672819271628,253629636.923773
0.0005,0.003,0.00125,28.4518,87.14751344039855,254683025.25850445
0.00075,0.003,0.00125,28.067,88.13126421840123,255417117.86765835
0.001,0.003,0.00125,28.4761,88.56354662073635,255917509.09098998
0.00125,0.003,0.00125,27.2431,89.26783458483669,255829133.5775578
0.0015,0.003,0.00125,56.1314,87.12243397912884,258285484.6476364
0.00175,0.003,0.00125,32.1119,88.6798602415844,257187584.74779928
0.002,0.003,0.00125,117.254,87.42185147239393,258642565.83779988
0.00225,0.003,0.00125,122.54,87.56690497990814,258731913.24413976
0.0025,0.003,0.00125,107.326,87.68998585047578,258821291.5153093
0.00275,0.003,0.00125,101.734,87.79706541227277,258880894.18181565
0.003,0.003,0.00125,104.151,87.8890965106336,258910700.66197178
0.00325,0.003,0.00125,107.678,87.9710954486235,258970323.91806534
0.0035,0.003,0.00125,100.644,88.04506126686046,259000140.69479305
0.00375,0.003,0.00125,100.166,88.10995917178316,259029960.90450168
0.004,0.003,0.00125,105.282,88.16982930341918,259059784.54758644
0.00425,0.003,0.00125,104.57,88.22364563237969,259059784.54758644
0.0045,0.003,0.00125,115.926,88.27342957401449,259089611.6244437
0.00475,0.003,0.00125,103.563,88.31917426641908,259119442.13546675
0.005,0.003,0.00125,90.3447,88.36290800987713,259119442.13546675
0.00025,0.00325,0.00125,143.347,82.81614295792187,263511758.98638403
0.0005,0.00325,0.00125,27.9824,87.07530412926612,264789036.91179085
0.00075,0.00325,0.00125,27.4303,88.14344084362622,265552258.8610536
0.001,0.00325,0.00125,28.8788,88.32120791397315,266379009.67669868
0.00125,0.00325,0.00125,27.5761,89.0440695112083,266287021.51289123
0.0015,0.00325,0.00125,26.3111,89.71085586948801,266041875.0138781
0.00175,0.00325,0.00125,31.9223,88.60128080104852,267577751.5194346
0.002,0.00325,0.00125,123.505,87.31724006178604,269122494.73681945
0.00225,0.00325,0.00125,104.862,87.46916889236526,269246458.7673164
0.0025,0.00325,0.00125,105.048,87.59715474106304,269308462.19367933
0.00275,0.00325,0.00125,103.704,87.70815996242563,269370479.89850485
0.003,0.00325,0.00125,95.5849,87.80515219323816,269432511.8850777
0.00325,0.00325,0.00125,148.628,87.8890965106336,269463533.2350476
0.0035,0.00325,0.00125,95.462,87.96603157105017,269525586.65040994
0.00375,0.00325,0.00125,100.023,88.03391175436745,269556618.71662503
0.004,0.00325,0.00125,107.044,88.09575866874185,269587654.3557444
0.00425,0.00325,0.00125,104.308,88.15155952841707,269618693.5681795
0.0045,0.00325,0.00125,103.965,88.20333372583582,269618693.5681795
0.00475,0.00325,0.00125,123.641,88.25107412614175,269649736.35434276
0.005,0.00325,0.00125,103.885,88.2957906848896,269680782.71464247
0.00025,0.0035,0.00125,144.828,82.57812164215593,272992050.11346364
0.0005,0.0035,0.00125,27.7344,86.95809158646158,274473234.3478543
0.00075,0.0035,0.00125,28.5064,87.70008211436348,275708401.3046009
0.001,0.0035,0.00125,29.1329,88.1241619638595,276375791.91703737
0.00125,0.0035,0.00125,27.1959,89.02971845950212,276121357.5949457
0.0015,0.0035,0.00125,26.0785,89.6736815354634,275930685.58175063
0.00175,0.0035,0.00125,121.002,87.0302036962456,279093678.63741976
0.002,0.0035,0.00125,30.7617,88.8934987730083,277523650.8137277
0.00225,0.0035,0.00125,106.484,87.37556559189079,279350851.82946247
0.0025,0.0035,0.00125,105.47,87.50744425315465,279447352.8597111
0.00275,0.0035,0.00125,100.53,87.62237085761676,279511705.3991848
0.003,0.0035,0.00125,105.903,87.72229798690167,279576072.7580833
0.00325,0.0035,0.00125,97.168,87.81121776776916,279608261.9958837
0.0035,0.0035,0.00125,109.662,87.8890965106336,279672651.59032
0.00375,0.0035,0.00125,45.1925,88.27749480928014,279383015.13625365
0.004,0.0035,0.00125,126.006,88.02377705913445,279737056.01271546
0.00425,0.0035,0.00125,102.824,88.08257453664469,279769263.7854649
0.0045,0.0035,0.00125,92.4418,88.13735232073088,279801475.2664858
0.00475,0.0035,0.00125,102.702,88.18607228217536,279801475.2664858
0.005,0.0035,0.00125,112.086,88.2307559046808,279833690.45620173
0.00025,0.00375,0.00125,73.046,82.3682805278151,282033047.38015395
0.0005,0.00375,0.00125,27.3223,86.89704336205455,283791902.84415525
0.00075,0.00375,0.00125,31.4632,86.92205794135306,285824860.36727434
0.001,0.00375,0.00125,29.2018,87.97717248650437,285989441.74873084
0.00125,0.00375,0.00125,26.8503,89.01332008968953,285627487.72641045
0.0015,0.00375,0.00125,28.5399,88.85359418753777,286384823.82129735
0.00175,0.00375,0.00125,26.2064,89.76147903270693,285759054.3374944
0.002,0.00375,0.00125,116.137,87.12243397912884,288968164.9303283
0.00225,0.00375,0.00125,114.991,87.28407222592651,289067988.23654777
0.0025,0.00375,0.00125,104.93,87.42185147239393,289167846.0264705
0.00275,0.00375,0.00125,111.699,87.53968912638125,289267738.31200886
0.003,0.00375,0.00125,114.816,87.64355800505678,289334352.339151
0.00325,0.00375,0.00125,126.906,87.73441810745067,289367665.1050805
0.0035,0.00375,0.00125,99.0111,87.81627273328705,289434302.14386386
0.00375,0.00375,0.00125,98.0992,87.89010837707565,289467626.41760343
0.004,0.00375,0.00125,112.263,87.95590469036223,289500954.52816147
0.00425,0.00375,0.00125,98.6859,88.0166834666853,289534286.47598094
0.0045,0.00375,0.00125,99.7533,88.07142027369031,289567622.26150364
0.00475,0.00375,0.00125,98.692,88.12314740279149,289600961.8851714
0.005,0.00375,0.00125,110.852,88.16982930341918,289634305.3474261
0.00025,0.004,0.00125,48.9217,82.39958036911386,289901191.28764254
0.0005,0.004,0.00125,26.6119,86.94007289707028,292684686.2378789
0.00075,0.004,0.00125,29.4964,87.17159651528578,294645627.08650476
0.001,0.004,0.00125,29.1126,87.87088490660673,295188884.5944598
0.00125,0.004,0.00125,26.5393,88.99487553396018,294781347.66065204
0.0015,0.004,0.00125,125.381,86.5814789531573,297988840.2819417
0.00175,0.004,0.00125,28.1129,89.10457436461141,295733143.7419896
0.002,0.004,0.00125,30.44,88.76872866259409,296483138.95243394
0.00225,0.004,0.00125,30.1774,88.98872819807143,296517274.8002173
0.0025,0.004,0.00125,104.015,87.33835342839707,298607010.7816535
0.00275,0.004,0.00125,110.716,87.46010612770108,298710163.8022756
0.003,0.004,0.00125,98.9437,87.56690497990814,298778952.2785684
0.00325,0.004,0.00125,114.528,87.66071325757626,298847756.59581447
0.0035,0.004,0.00125,100.709,87.74552968901351,298882164.6959377
0.00375,0.004,0.00125,98.5498,87.82132798980062,298950992.7814587
0.004,0.004,0.00125,104.4,87.8890965106336,298985412.76777
0.00425,0.004,0.00125,106.759,87.9518542645278,299019836.7170568
0.0045,0.004,0.00125,98.7643,88.00959044588907,299054264.62977535
0.00475,0.004,0.00125,127.156,88.06128126037797,299054264.62977535
0.005,0.004,0.00125,96.7805,88.11097358101519,299088696.50638205
0.00025,0.00425,0.00125,123.612,81.92849932318144,299329830.66984
0.0005,0.00425,0.00125,28.7008,86.1965730982826,301960405.5624937
0.00075,0.00425,0.00125,28.7008,87.21978263285628,303354191.466951
0.001,0.00425,0.00125,27.1277,88.27038077042008,303598764.5987495
0.00125,0.00425,0.00125,25.4168,89.26166839425586,303319268.5353555
0.0015,0.00425,0.00125,124.967,86.47986440514022,307043565.0730062
0.00175,0.00425,0.00125,30.5937,88.44331249945381,305421777.26121414
0.002,0.00425,0.00125,30.1781,88.73296629685842,305492111.3215509
0.00225,0.00425,0.00125,29.9121,88.96004624464541,305527284.4253164
0.0025,0.00425,0.00125,100.576,87.25895346553473,307751373.5907874
0.00275,0.00425,0.00125,110.162,87.38361354950017,307822244.12226224
0.003,0.00425,0.00125,125.277,87.49334085621828,307893130.9741613
0.00325,0.00425,0.00125,120.709,87.59009552892516,307964034.15023935
0.0035,0.00425,0.00125,107.163,87.67686244505279,308034953.65425676
0.00375,0.00425,0.00125,107.485,87.75462202975163,308070419.5304177
0.004,0.00425,0.00125,46.8974,88.08561685352956,307822244.12226224
0.00425,0.00425,0.00125,102.378,87.8890965106336,308176841.6611521
0.0045,0.00425,0.00125,100.047,87.94881656755929,308212323.87371266
0.00475,0.00425,0.00125,94.4722,88.0035111687323,308212323.87371266
0.005,0.00425,0.00125,115.867,88.0521571463822,308247810.17155033
0.00025,0.0045,0.00125,144.882,81.7306588721058,307503455.199701
0.0005,0.0045,0.00125,134.551,83.91217922531212,312284191.5990007
0.00075,0.0045,0.00125,120.204,84.95716271561216,314014715.0263593
0.001,0.0045,0.00125,150.041,85.60024348406553,314919823.960229
0.00125,0.0045,0.00125,28.8137,88.14750009255188,313256434.1670934
0.0015,0.0045,0.00125,24.7792,89.72428372148434,311996699.64452106
0.00175,0.0045,0.00125,113.85,86.64230548248584,316082171.27583516
0.002,0.0045,0.00125,29.8411,88.7176439795228,314195528.4641068
0.00225,0.0045,0.00125,29.6618,88.93239740186752,314267882.9879221
0.0025,0.0045,0.00125,102.373,87.17962568578388,316592046.343223
0.00275,0.0045,0.00125,111.527,87.30919821711919,316701412.24793
0.003,0.0045,0.00125,102.966,87.42185147239393,316774343.83924454
0.00325,0.0045,0.00125,99.5759,87.5215499234733,316847292.22561216
0.0035,0.0045,0.00125,102.727,87.61026621589808,316920257.4109004
0.00375,0.0045,0.00125,98.0012,87.69099542455844,316956746.30434996
0.004,0.0045,0.00125,39.9507,88.34256404067726,316337006.08184576
0.00425,0.0045,0.00125,95.6067,87.82941700553485,317066238.193714
0.0045,0.0045,0.00125,97.2529,87.89010837707565,317102743.8947898
0.00475,0.0045,0.00125,108.311,87.94476646813752,317139253.7989804
0.005,0.0045,0.00125,116.109,87.9964192094551,317175767.90677106
0.00025,0.00475,0.00125,147.683,81.53986723708145,315427824.03443676
0.0005,0.00475,0.00125,135.49,83.75967817321579,320553113.87004393
0.00075,0.00475,0.00125,123.125,84.8271742323194,322403687.19181865
0.001,0.00475,0.00125,140.007,85.4860007167466,323370203.5373902
0.00125,0.00475,0.00125,29.425,87.90022768224705,321884452.4111849
0.0015,0.00475,0.00125,24.4877,89.74287945007487,320331760.08528084
0.00175,0.00475,0.00125,121.442,86.55257640104207,324675860.3261698
0.002,0.00475,0.00125,29.5219,88.70334553715612,322626472.70756793
0.00225,0.00475,0.00125,143.792,86.95008281906851,325049872.4815827
0.0025,0.00475,0.00125,29.4251,89.05842287621707,322849412.1712638
0.00275,0.00475,0.00125,105.203,87.236854936056,325311937.31384856
0.003,0.00475,0.00125,110.593,87.35243184229822,325424315.4823681
0.00325,0.00475,0.00125,105.833,87.45406480626535,325499255.82763696
0.0035,0.00475,0.00125,96.591,87.54674427607934,325574213.4305422
0.00375,0.00475,0.00125,99.9109,87.62842380562425,325611698.704852
0.004,0.00475,0.00125,109.844,87.70210150662979,325686682.20167017
0.00425,0.00475,0.00125,139.418,87.7697780247273,325724180.42517114
0.0045,0.00475,0.00125,100.365,87.83245057851741,325761682.96606314
0.00475,0.00475,0.00125,91.515,87.89010837707565,325799189.8248433
0.005,0.00475,0.00125,100.58,87.94274148836827,325836701.0020087
0.00025,0.005,0.00125,139.587,81.35607724606547,323072505.6892877
0.0005,0.005,0.00125,125.29,83.61226724529278,328586714.53692216
0.00075,0.005,0.00125,150.498,84.70128518608192,330597831.070432
0.001,0.005,0.00125,29.2004,87.38260751426172,329533825.4735968
0.00125,0.005,0.00125,29.2004,87.85065421687088,330065399.52850837
0.0015,0.005,0.00125,24.2158,89.76044562143804,328435429.6001105
0.00175,0.005,0.00125,29.7249,88.35578708780373,330826278.8556982
0.002,0.005,0.00125,29.2186,88.69109156358223,330864368.83119446
0.00225,0.005,0.00125,28.7369,88.98975272456404,330864368.83119446
0.0025,0.005,0.00125,29.2004,89.03586862699576,331131121.4825908
0.00275,0.005,0.00125,100.411,87.16657865924599,333695231.01031524
0.003,0.005,0.00125,110.227,87.28407222592651,333810505.1659896
0.00325,0.005,0.00125,100.537,87.38965000416745,333887376.72512305
0.0035,0.005,0.00125,105.139,87.48326839292744,333964265.98662513
0.00375,0.005,0.00125,109.913,87.56690497990814,334041172.95457244
0.004,0.005,0.00125,107.744,87.64355800505678,334079633.0797372
0.00425,0.005,0.00125,112.508,87.71219916546424,334156566.6149993
0.0045,0.005,0.00125,108.056,87.77584115561287,334195040.02611357
0.00475,0.005,0.00125,90.9207,87.83649550548223,334233517.8668994
0.005,0.005,0.00125,99.7046,87.8890965106336,334272000.13786674
0.00025,0.00025,0.00175,127.686,87.8890965106336,75127683.85722683
0.0005,0.00025,0.00175,118.351,88.50340914246036,75205568.74920604
0.00075,0.00025,0.00175,73.7963,88.7881485539019,75231548.31868708
0.001,0.00025,0.00175,120.748,88.94058875558919,75240210.16937792
0.00125,0.00025,0.00175,109.604,89.05227115078497,75248873.01735844
0.0015,0.00025,0.00175,107.67,89.13432910688908,75257536.8627436
0.00175,0.00025,0.00175,111.667,89.1990029623948,75257536.8627436
0.002,0.00025,0.00175,104.752,89.25036481773961,75266201.70564839
0.00225,0.00025,0.00175,105.52,89.2935316309113,75266201.70564839
0.0025,0.00025,0.00175,99.977,89.32951992330462,75266201.70564839
0.00275,0.00025,0.00175,137.533,89.36037857523917,75266201.70564839
0.003,0.00025,0.00175,107.131,89.38816047621093,75266201.70564839
0.00325,0.00025,0.00175,99.7021,89.41183335259669,75266201.70564839
0.0035,0.00025,0.00175,117.358,89.43345319325584,75274867.5461872
0.00375,0.00025,0.00175,108.035,89.45198864601747,75274867.5461872
0.004,0.00025,0.00175,67.6934,89.49319229589932,75274867.5461872
0.00425,0.00025,0.00175,58.5613,89.55297130263072,75266201.70564839
0.0045,0.00025,0.00175,53.736,89.61794891545584,75266201.70564839
0.00475,0.00025,0.00175,50.3371,89.68813639011934,75257536.8627436
0.005,0.00025,0.00175,47.7782,89.75941222206659,75257536.8627436
0.00025,0.0005,0.00175,36.4111,87.90427573053472,105706087.84557773
0.0005,0.0005,0.00175,135.135,87.8890965106336,106242920.38711287
0.00075,0.0005,0.00175,140.543,88.27342957401449,106316335.75037742
0.001,0.0005,0.00175,103.534,88.50340914246036,106353062.45396532
0.00125,0.0005,0.00175,122.251,88.66046403527608,106377553.97116725
0.0015,0.0005,0.00175,122.959,88.77690494117356,106389801.84469856
0.00175,0.0005,0.00175,101.95,88.86791684907733,106402051.12839873
0.002,0.0005,0.00175,128.819,88.94058875558919,106414301.82243142
0.00225,0.0005,0.00175,100.789,89.00102329450668,106414301.82243142
0.0025,0.0005,0.00175,103.721,89.05227115078497,106426553.92695858
0.00275,0.0005,0.00175,103.734,89.09636790795251,106426553.92695858
0.003,0.0005,0.00175,99.4868,89.13535530968372,106426553.92695858
0.00325,0.0005,0.00175,90.7317,89.17025323531792,106426553.92695858
0.0035,0.0005,0.00175,89.7375,89.20002990977909,106438807.44214302
0.00375,0.0005,0.00175,93.5663,89.2267346921233,106438807.44214302
0.004,0.0005,0.00175,97.8863,89.2513923564525,106438807.44214302
0.00425,0.0005,0.00175,93.2243,89.27400120137754,106438807.44214302
0.0045,0.0005,0.00175,94.8416,89.29455966660336,106438807.44214302
0.00475,0.0005,0.00175,89.9591,89.31409459370248,106438807.44214302
0.005,0.0005,0.00175,96.3136,89.33054837332953,106438807.44214302
0.00025,0.00075,0.00175,36.7751,87.21978263285628,129240907.83552396
0.0005,0.00075,0.00175,35.81,88.35680432725053,129553753.4659941
0.00075,0.00075,0.00175,117.92,87.8890965106336,130121781.32465021
0.001,0.00075,0.00175,109.883,88.16982930341918,130196707.00641376
0.00125,0.00075,0.00175,105.82,88.3618907001594,130226689.35779852
0.0015,0.00075,0.00175,125.519,88.50340914246036,130256678.6136686
0.00175,0.00075,0.00175,118.709,88.61352236595003,130286674.77561618
0.002,0.00075,0.00175,100.032,88.70334553715612,130301675.44686534
0.00225,0.00075,0.00175,107.052,88.77690494117356,130301675.44686534
0.0025,0.00075,0.00175,98.8814,88.84029664017812,130316677.84523
0.00275,0.00075,0.00175,132.439,88.8934987730083,130316677.84523
0.003,0.00075,0.00175,104.183,88.94058875558919,130331681.97090904
0.00325,0.00075,0.00175,96.9792,88.98258128681087,130331681.97090904
0.0035,0.00075,0.00175,90.7241,89.0204940047974,130331681.97090904
0.00375,0.00075,0.00175,110.826,89.05227115078497,130346687.82410133
0.004,0.00075,0.00175,120.852,89.08200842742012,130346687.82410133
0.00425,0.00075,0.00175,98.3929,89.10970378386277,130346687.82410133
0.0045,0.00075,0.00175,80.2697,89.13946023901036,130346687.82410133
0.00475,0.00075,0.00175,84.8481,89.16101421966998,130346687.82410133
0.005,0.00075,0.00175,109.283,89.17846649738038,130361695.40500577
0.00025,0.001,0.00175,31.7404,87.34036449145673,148644895.49167174
0.0005,0.001,0.00175,37.0108,87.84559727225266,149520245.00170547
0.00075,0.001,0.00175,36.2767,88.45349549826989,149658021.67536575
0.001,0.001,0.00175,122.297,87.8890965106336,150262288.88940725
0.00125,0.001,0.00175,107.203,88.10995917178316,150314196.60900208
0.0015,0.001,0.00175,103.162,88.27342957401449,150366122.2599852
0.00175,0.001,0.00175,110.625,88.40055670430016,150383434.7961361
0.002,0.001,0.00175,100.023,88.5044280814787,150418065.84854913
0.00225,0.001,0.00175,96.5877,88.589040927265,150435384.36527154
0.0025,0.001,0.00175,107.404,88.66046403527608,150435384.36527154
0.00275,0.001,0.00175,101.097,88.72275112462971,150452704.87597603
0.003,0.001,0.00175,96.0498,88.77792702894672,150470027.38089278
0.00325,0.001,0.00175,92.6743,88.82597843013146,150470027.38089278
0.0035,0.001,0.00175,102.866,88.86791684907733,150470027.38089278
0.00375,0.001,0.00175,105.919,88.9057807121034,150487351.88025144
0.004,0.001,0.00175,104.533,88.94058875558919,150487351.88025144
0.00425,0.001,0.00175,99.9037,88.97233737824862,150487351.88025144
0.0045,0.001,0.00175,89.6646,89.00307264239554,150487351.88025144
0.00475,0.001,0.00175,96.7662,89.02869347288967,150504678.37428162
0.005,0.001,0.00175,99.2712,89.05227115078497,150504678.37428162
0.00025,0.00125,0.00175,33.2854,86.62834151820672,166035135.14585108
0.0005,0.00125,0.00175,31.8595,88.16475398613485,166628774.4090291
0.00075,0.00125,0.00175,35.3036,88.27647848291258,167166788.82472807
0.001,0.00125,0.00175,35.3036,88.63494917448268,167282303.44426805
0.00125,0.00125,0.00175,107.687,87.8890965106336,167996409.54848158
0.0015,0.00125,0.00175,126.573,88.07142027369031,168054443.4742532
0.00175,0.00125,0.00175,97.5382,88.21450469565528,168093143.89526898
0.002,0.00125,0.00175,109.573,88.32832604918204,168131853.2284113
0.00225,0.00125,0.00175,125.906,88.4229500185674,168151211.23767152
0.0025,0.00125,0.00175,136.766,88.50340914246036,168170571.47573322
0.00275,0.00125,0.00175,117.439,88.57272372577754,168189933.942853
0.003,0.00125,0.00175,98.3829,88.63392873279338,168189933.942853
0.00325,0.00125,0.00175,92.6796,88.68802833470282,168209298.63928753
0.0035,0.00125,0.00175,144.523,88.73398787876634,168209298.63928753
0.00375,0.00125,0.00175,98.673,88.77792702894672,168228665.56529346
0.004,0.00125,0.00175,96.4159,88.81677508512696,168228665.56529346
0.00425,0.00125,0.00175,116.206,88.8505253461135,168228665.56529346
0.0045,0.00125,0.00175,94.3883,88.88428843215614,168248034.7211282
0.00475,0.00125,0.00175,98.9992,88.91396961422438,168248034.7211282
0.005,0.00125,0.00175,144.523,88.94058875558919,168248034.7211282
0.00025,0.0015,0.00175,34.0226,86.1092883459893,181614282.7969673
0.0005,0.0015,0.00175,32.285,87.787968673935,182410569.8160509
0.00075,0.0015,0.00175,30.6342,88.729901621702,182515604.0091369
0.001,0.0015,0.00175,34.5577,88.50239021517297,183104914.14716712
0.00125,0.0015,0.00175,124.599,87.68998585047578,183950088.02981502
0.0015,0.0015,0.00175,114.121,87.8890965106336,184034819.68461236
0.00175,0.0015,0.00175,97.3768,88.04506126686046,184077200.14689583
0.002,0.0015,0.00175,112.542,88.16982930341918,184119590.3687649
0.00225,0.0015,0.00175,110.048,88.27342957401449,184161990.35246712
0.0025,0.0015,0.00175,145.314,88.3618907001594,184183194.00570813
0.00275,0.0015,0.00175,105.895,88.43720326287368,184204400.10025048
0.003,0.0015,0.00175,50.6415,88.67271377720836,184098394.03774095
0.00325,0.0015,0.00175,98.2331,88.56252700109464,184225608.63637522
0.0035,0.0015,0.00175,106.767,88.61454257270096,184246819.61436346
0.00375,0.0015,0.00175,103.065,88.66148478246615,184246819.61436346
0.004,0.0015,0.00175,93.0369,88.70436677804057,184268033.0344964
0.00425,0.0015,0.00175,100.106,88.74216095745406,184268033.0344964
0.0045,0.0015,0.00175,130.924,88.77690494117356,184289248.89705518
0.00475,0.0015,0.00175,90.7441,88.81064005155636,184289248.89705518
0.005,0.0015,0.00175,84.617,88.84234228715644,184289248.89705518
0.00025,0.00175,0.00175,145.984,84.57947790659561,196471698.66047388
0.0005,0.00175,0.00175,145.984,86.10036647985565,197788027.79424042
0.00075,0.00175,0.00175,29.2681,88.7881485539019,196833946.4442052
0.001,0.00175,0.00175,29.3689,89.18462694037927,197015320.7216756
0.00125,0.00175,0.00175,34.0676,88.65127783937709,197765257.91678655
0.0015,0.00175,0.00175,102.419,87.72229798690167,198700975.8501155
0.00175,0.00175,0.00175,120.067,87.8890965106336,198769616.58901286
0.002,0.00175,0.00175,110.023,88.02479047615252,198815390.25430745
0.00225,0.00175,0.00175,93.9843,88.13735232073088,198861174.46059316
0.0025,0.00175,0.00175,118.195,88.2307559046808,198884070.51736522
0.00275,0.00175,0.00175,107.895,88.31307360470812,198906969.21029493
0.003,0.00175,0.00175,100.483,88.38427421969216,198929870.5396859
0.00325,0.00175,0.00175,93.1798,88.44840385231667,198952774.5058416
0.0035,0.00175,0.00175,103.386,88.50340914246036,198975681.10906568
0.00375,0.00175,0.00175,104.469,88.55437046654392,198975681.10906568
0.004,0.00175,0.00175,96.5219,88.6002607469785,198998590.34966174
0.00425,0.00175,0.00175,97.4335,88.64209259526876,198998590.34966174
0.0045,0.00175,0.00175,94.4504,88.68088121208282,199021502.2279334
0.00475,0.00175,0.00175,97.3064,88.71560120379608,199021502.2279334
0.005,0.00175,0.00175,98.9522,88.74726951391219,199021502.2279334
0.00025,0.002,0.00175,131.651,84.23256000178019,209652478.02919602
0.0005,0.002,0.00175,31.7389,87.34036449145673,210208367.76606134
0.00075,0.002,0.00175,33.2524,87.8405406187271,210887092.8695724
0.001,0.002,0.00175,28.3657,89.23803527587944,210329408.2644856
0.00125,0.002,0.00175,33.9486,88.49831462332952,211348903.98366433
0.0015,0.002,0.00175,33.2524,88.82291054250528,211348903.98366433
0.00175,0.002,0.00175,48.675,87.95691732596629,212275562.3177331
0.002,0.002,0.00175,98.9698,87.89010837707565,212495628.45570025
0.00225,0.002,0.00175,103.878,88.00959044588907,212544563.01592508
0.0025,0.002,0.00175,98.1582,88.11097358101519,212569034.521711
0.00275,0.002,0.00175,107.334,88.19724106582959,212617985.9862524
0.003,0.002,0.00175,102.629,88.27342957401449,212642465.94565675
0.00325,0.002,0.00175,99.3409,88.34154696517685,212666948.72358283
0.0035,0.002,0.00175,102.934,88.40157445917927,212691434.32035518
0.00375,0.002,0.00175,96.7124,88.45553223872022,212691434.32035518
0.004,0.002,0.00175,101.119,88.50340914246036,212715922.73629826
0.00425,0.002,0.00175,104.039,88.5482535586162,212715922.73629826
0.0045,0.002,0.00175,100.8,88.589040927265,212740413.97173676
0.00475,0.002,0.00175,102.467,88.62678596991046,212740413.97173676
0.005,0.002,0.00175,98.3939,88.66148478246615,212764908.02699524
0.00025,0.00225,0.00175,146.568,83.91217922531212,221947368.38935038
0.0005,0.00225,0.00175,31.3827,87.16256458238168,222715272.80273744
0.00075,0.00225,0.00175,116.044,86.38035807326862,224491550.7569592
0.001,0.00225,0.00175,33.5353,88.07142027369031,223846341.11085564
0.00125,0.00225,0.00175,31.5713,88.7053880306825,223769040.67371237
0.0015,0.00225,0.00175,28.1754,89.67677880818619,223202985.8574275
0.00175,0.00225,0.00175,111.078,87.61026621589808,225242324.1838219
0.002,0.00225,0.00175,109.42,87.76270490135695,225320133.5629485
0.00225,0.00225,0.00175,109.982,87.89010837707565,225397969.82112414
0.0025,0.00225,0.00175,101.806,87.99743231150256,225423921.2152428
0.00275,0.00225,0.00175,109.336,88.08865927549421,225475832.96763507
0.003,0.00225,0.00175,102.18,88.16982930341918,225501793.3265949
0.00325,0.00225,0.00175,101.504,88.2409144306059,225527756.67452446
0.0035,0.00225,0.00175,105.006,88.3049400446062,225553723.011767
0.00375,0.00225,0.00175,124.167,88.3618907001594,225579692.3386676
0.004,0.00225,0.00175,120.932,88.41277053622721,225579692.3386676
0.00425,0.00225,0.00175,102.022,88.46062429502817,225605664.65556866
0.0045,0.00225,0.00175,110.599,88.50340914246036,225605664.65556866
0.00475,0.00225,0.00175,99.8672,88.54315645810755,225631639.96281534
0.005,0.00225,0.00175,101.987,88.57986213158289,225631639.96281534
0.00025,0.0025,0.00175,147.167,83.61226724529278,233533936.52669814
0.0005,0.0025,0.00175,30.987,87.00916482243196,234503862.3109425
0.00075,0.0025,0.00175,32.4664,87.56992948588983,235396499.33074358
0.001,0.0025,0.00175,32.9121,87.9964192094551,235776219.59612474
0.00125,0.0025,0.00175,32.1614,88.45553223872022,235884823.5628985
0.0015,0.0025,0.00175,114.06,87.28407222592651,237273917.10726273
0.00175,0.0025,0.00175,32.7777,88.80961758716278,236210935.7083574
0.002,0.0025,0.00175,122.906,87.64254897711446,237465214.3651677
0.00225,0.0025,0.00175,113.011,87.77584115561287,237519899.04700282
0.0025,0.0025,0.00175,94.9606,87.89010837707565,237574596.32190102
0.00275,0.0025,0.00175,98.7538,87.9873018158788,237629306.19276232
0.003,0.0025,0.00175,98.2614,88.07243423922432,237656665.85258555
0.00325,0.0025,0.00175,109.335,88.14648526279522,237684028.6624883
0.0035,0.0025,0.00175,101.397,88.21348909448406,237711394.62283042
0.00375,0.0025,0.00175,96.789,88.2744458652799,237738763.73397747
0.004,0.0025,0.00175,43.7337,88.70334553715612,237410542.27349538
0.00425,0.0025,0.00175,119.36,88.37715157577503,237766135.99629128
0.0045,0.0025,0.00175,96.3368,88.42396803126047,237793511.41013566
0.00475,0.0025,0.00175,107.057,88.4646981511278,237820889.97587147
0.005,0.0025,0.00175,90.9123,88.50544703222802,237820889.97587147
0.00025,0.00275,0.00175,147.947,83.33165362357515,244511899.78250358
0.0005,0.00275,0.00175,30.3383,86.92205794135306,245640515.43247196
0.00075,0.00275,0.00175,31.741,87.51046670540026,246632326.6849167
0.001,0.00275,0.00175,27.9361,88.85257122861918,246235122.53641832
0.00125,0.00275,0.00175,32.7069,88.2277085749573,247400173.57925585
0.0015,0.00275,0.00175,103.496,87.15353358528478,248771142.10033053
0.00175,0.00275,0.00175,124.774,87.36148344957014,248914387.50655857
0.002,0.00275,0.00175,105.806,87.52961132735575,248971708.76147
0.00225,0.00275,0.00175,100.769,87.66878747946579,249057715.39520997
0.0025,0.00275,0.00175,129.951,87.787968673935,249115069.6563862
0.00275,0.00275,0.00175,110.103,87.8890965106336,249172437.12538964
0.003,0.00275,0.00175,107.711,87.97818536696447,249229817.80526188
0.00325,0.00275,0.00175,97.0748,88.05722598188488,249258513.10022447
0.0035,0.00275,0.00175,126.756,88.12720571714809,249287211.69904518
0.00375,0.00275,0.00175,98.821,88.19013349439642,249315913.60210538
0.004,0.00275,0.00175,90.5811,88.24802609466377,249344618.80978352
0.00425,0.00275,0.00175,50.3635,88.47386501332278,249201125.81377804
0.0045,0.00275,0.00175,102.88,88.34663245977612,249373327.32246107
0.00475,0.00275,0.00175,103.233,88.39037979993715,249373327.32246107
0.005,0.00275,0.00175,90.3362,88.43211255475002,249402039.1405175
0.00025,0.003,0.00175,127.004,83.06632558524258,254947055.2257907
0.0005,0.003,0.00175,29.7587,86.84103682410155,256271316.5411232
0.00075,0.003,0.00175,28.2667,88.07851827758263,256773381.23694074
0.001,0.003,0.00175,28.5389,88.54723411504132,257246811.1961076
0.00125,0.003,0.00175,27.1038,89.30895340910891,257098770.64152262
0.0015,0.003,0.00175,26.865,89.65613234388226,257157976.63727367
0.00175,0.003,0.00175,50.5219,87.42185147239393,259656979.02737874
0.002,0.003,0.00175,26.785,90.0689292851149,257306051.2833819
0.00225,0.003,0.00175,113.207,87.56690497990814,260075834.09644166
0.0025,0.003,0.00175,94.8819,87.69200501026434,260135725.6653135
0.00275,0.003,0.00175,97.6906,87.79706541227277,260195631.02631545
0.003,0.003,0.00175,103.063,87.89010837707565,260255550.18262473
0.00325,0.003,0.00175,100.114,87.97210825911864,260285514.93501234
0.0035,0.003,0.00175,94.9754,88.04506126686046,260315483.13741815
0.00375,0.003,0.00175,104.503,88.10995917178316,260375429.89387438
0.004,0.003,0.00175,93.2327,88.17084440193558,260375429.89387438
0.00425,0.003,0.00175,95.7244,88.22466135048299,260405408.44871724
0.0045,0.003,0.00175,95.7196,88.2744458652799,260435390.45516855
0.00475,0.003,0.00175,101.194,88.31917426641908,260465375.91362458
0.005,0.003,0.00175,88.2401,88.36392533130703,260465375.91362458
0.00025,0.00325,0.00175,137.065,82.81518950732925,264911004.8516273
0.0005,0.00325,0.00175,29.2353,86.76508568369674,266409679.45899773
0.00075,0.00325,0.00175,27.6736,88.07446220531389,266993076.71295935
0.001,0.00325,0.00175,29.0428,88.28257661663473,267793480.62597144
0.00125,0.00325,0.00175,27.4766,89.07277855490146,267639370.66751534
0.0015,0.00325,0.00175,26.6234,89.61175854066916,267516146.55805367
0.00175,0.00325,0.00175,32.1905,88.55640952975298,268998587.7807265
0.002,0.00325,0.00175,104.963,87.3182453444495,270520386.97193515
0.00225,0.00325,0.00175,118.613,87.46816187214024,270644994.9038478
0.0025,0.00325,0.00175,104.021,87.59715474106304,270707320.39213634
0.00275,0.00325,0.00175,132.74,87.70815996242563,270769660.233049
0.003,0.00325,0.00175,98.4982,87.80515219323816,270832014.4298954
0.00325,0.00325,0.00175,103.155,87.89010837707565,270894382.9859783
0.0035,0.00325,0.00175,94.9037,87.96603157105017,270925572.6497671
0.00375,0.00325,0.00175,93.2645,88.03492528806619,270956765.9046054
0.004,0.00325,0.00175,131.846,88.09575866874185,270987962.7509065
0.00425,0.00325,0.00175,102.132,88.15257441659365,271019163.1890842
0.0045,0.00325,0.00175,41.5018,88.68904939924043,270520386.97193515
0.00475,0.00325,0.00175,113.826,88.25107412614175,271050367.21955174
0.005,0.00325,0.00175,95.4924,88.2957906848896,271081574.84272295
0.00025,0.0035,0.00175,48.4643,82.8495206451207,273495383.49839324
0.0005,0.0035,0.00175,28.964,86.64330299463307,276184944.2075295
0.00075,0.0035,0.00175,28.0879,87.80717400486039,277012903.9163727
0.001,0.0035,0.00175,29.427,88.05722598188488,277875335.45899993
0.00125,0.0035,0.00175,27.5851,88.91806434812823,277683452.25919706
0.0015,0.0035,0.00175,26.3997,89.56946908902671,277491701.561844
0.00175,0.0035,0.00175,30.8067,88.69721833875053,278836742.20159334
0.002,0.0035,0.00175,140.732,87.2177743462646,280737223.2343647
0.00225,0.0035,0.00175,103.296,87.3745596493073,280769546.16225076
0.0025,0.0035,0.00175,105.382,87.50744425315465,280866537.2767912
0.00275,0.0035,0.00175,106.753,87.62237085761676,280931216.633178
0.003,0.0035,0.00175,148.994,87.72229798690167,280995910.8842494
0.00325,0.0035,0.00175,114.976,87.81121776776916,281060620.03344005
0.0035,0.0035,0.00175,111.318,87.8890965106336,281092980.19590074
0.00375,0.0035,0.00175,100.768,87.96096798496868,281125344.0841773
0.004,0.0035,0.00175,126.313,88.02479047615252,281157711.6986987
0.00425,0.0035,0.00175,107.16,88.08257453664469,281190083.0398939
0.0045,0.0035,0.00175,114.946,88.13633760780414,281222458.10819215
0.00475,0.0035,0.00175,53.7714,88.30392340226558,281125344.0841773
0.005,0.0035,0.00175,97.4938,88.23177170464471,281254836.90402234
0.00025,0.00375,0.00175,126.868,82.35216100745593,283563285.7265931
0.0005,0.00375,0.00175,28.5084,86.5774918205098,285561727.1381299
0.00075,0.00375,0.00175,30.9002,87.02519397919646,287210292.9797832
0.001,0.00375,0.00175,29.6416,87.87796674860671,287541146.4674007
0.00125,0.00375,0.00175,27.2539,88.8934987730083,287243361.1902642
0.0015,0.00375,0.00175,26.1883,89.52823032047058,287078058.2024692
0.00175,0.00375,0.00175,25.6174,89.9611503078252,286978922.07505625
0.002,0.00375,0.00175,56.0264,87.21576610591487,290301981.37677866
0.00225,0.00375,0.00175,118.896,87.28407222592651,290602937.52636325
0.0025,0.00375,0.00175,103.034,87.42084499692766,290703325.56055367
0.00275,0.00375,0.00175,125.236,87.53968912638125,290770270.181934
0.003,0.00375,0.00175,107.585,87.64456704461607,290837230.21965796
0.00325,0.00375,0.00175,105.776,87.7354281930816,290870716.0207581
0.0035,0.00375,0.00175,94.1168,87.81728376130962,290937699.1896553
0.00375,0.00375,0.00175,102.532,87.89010837707565,290971196.55833775
0.004,0.00375,0.00175,124.225,87.95590469036223,291004697.78377056
0.00425,0.00375,0.00175,107.607,88.0166834666853,291038202.8663976
0.0045,0.00375,0.00175,93.6775,88.07243423922432,291071711.80666083
0.00475,0.00375,0.00175,39.5298,88.73092316832637,290402265.4464445
0.005,0.00375,0.00175,91.7996,88.17084440193558,291105224.6050054
0.00025,0.004,0.00175,132.717,82.13532879500775,292381574.1738292
0.0005,0.004,0.00175,28.0896,86.51571473837906,294577790.2339452
0.00075,0.004,0.00175,28.6991,87.35846614293507,295971572.5594474
0.001,0.004,0.00175,29.6963,87.73845851974944,296858849.51708657
0.00125,0.004,0.00175,26.9482,88.86893998466988,296449007.03445905
0.0015,0.004,0.00175,25.9885,89.48907107698454,296346634.8548615
0.00175,0.004,0.00175,25.2484,89.99429932630875,296176093.1094874
0.002,0.004,0.00175,30.81,88.69619718016516,298091779.75716245
0.00225,0.004,0.00175,122.932,87.19669012870742,300054400.24430937
0.0025,0.004,0.00175,30.2225,89.11996350822731,298160425.8288726
0.00275,0.004,0.00175,109.887,87.46010612770108,300227175.1654313
0.003,0.004,0.00175,100.47,87.56690497990814,300296312.9867151
0.00325,0.004,0.00175,121.711,87.66172249464388,300365466.7294059
0.0035,0.004,0.00175,92.8612,87.74653990257201,300434636.39716655
0.00375,0.004,0.00175,97.8146,87.82132798980062,300469227.2040945
0.004,0.004,0.00175,117.209,87.8890965106336,300503821.9936656
0.00425,0.004,0.00175,94.5801,87.95286685349933,300538420.7663383
0.0045,0.004,0.00175,99.5636,88.00959044588907,300573023.52257115
0.00475,0.004,0.00175,115.414,88.06128126037797,300607630.2628229
0.005,0.004,0.00175,51.4473,88.26428347912804,300469227.2040945
0.00025,0.00425,0.00175,129.961,81.92849932318144,300849989.0356525
0.0005,0.00425,0.00175,28.6837,86.20054268857074,303528866.4474202
0.00075,0.00425,0.00175,28.6837,87.22379934476986,304929892.03837967
0.001,0.00425,0.00175,27.2549,88.23278751630342,305210872.224201
0.00125,0.00425,0.00175,25.4956,89.23392580710902,304929892.03837967
0.0015,0.00425,0.00175,25.6167,89.51483180920498,305246012.9472549
0.00175,0.00425,0.00175,30.9876,88.36799473415229,307114272.6067842
0.002,0.00425,0.00175,26.5878,89.65200362147374,305949677.6794276
0.00225,0.00425,0.00175,30.6254,88.81370751536753,307291112.6870547
0.0025,0.00425,0.00175,112.268,87.25794886549023,309314301.0948957
0.00275,0.00425,0.00175,125.697,87.38260751426172,309421152.92130387
0.003,0.00425,0.00175,109.33,87.49334085621828,309492407.9779465
0.00325,0.00425,0.00175,103.698,87.59110395297141,309563679.44356394
0.0035,0.00425,0.00175,107.042,87.67787186804578,309634967.321931
0.00375,0.00425,0.00175,95.8528,87.75563234799007,309670617.41707724
0.004,0.00425,0.00175,109.671,87.82537240453951,309706271.6168286
0.00425,0.00425,0.00175,100.725,87.89010837707565,309741929.9216578
0.0045,0.00425,0.00175,98.4485,87.94881656755929,309777592.3320373
0.00475,0.00425,0.00175,100.385,88.00249799669982,309813258.84843993
0.005,0.00425,0.00175,39.9765,88.6308674782142,309171889.38916975
0.00025,0.0045,0.00175,141.808,81.7306588721058,309065123.6404709
0.0005,0.0045,0.00175,130.93,83.91217922531212,313906276.9137661
0.00075,0.0045,0.00175,118.65,84.95716271561216,315645789.12990713
0.001,0.0045,0.00175,118.788,85.60024348406553,316519156.7226271
0.00125,0.0045,0.00175,28.7924,88.15257441659365,314847319.3387373
0.0015,0.0045,0.00175,28.7924,88.48507024598374,315137438.0204506
0.00175,0.0045,0.00175,30.6673,88.33646176331382,315827541.759679
0.002,0.0045,0.00175,29.7069,88.74624777909467,315754828.15250254
0.00225,0.0045,0.00175,63.2776,87.07029181610213,318016753.69343656
0.0025,0.0045,0.00175,29.1564,89.19489529108755,315827541.759679
0.00275,0.0045,0.00175,29.7069,89.20002990977909,316082171.27583516
0.003,0.0045,0.00175,112.375,87.42084499692766,318419752.17261255
0.00325,0.0045,0.00175,109.293,87.5205423001928,318493079.47187245
0.0035,0.0045,0.00175,103.701,87.61127487216923,318566423.657311
0.00375,0.0045,0.00175,105.828,87.69099542455844,318603102.08356243
0.004,0.0045,0.00175,115.986,87.76270490135695,318676471.60556173
0.00425,0.0045,0.00175,108.873,87.82941700553485,318713162.70228076
0.0045,0.0045,0.00175,92.7998,87.89112025516734,318749858.02346027
0.00475,0.0045,0.00175,93.5967,87.9457789755074,318786557.5695893
0.005,0.0045,0.00175,87.0761,87.99945855058901,318823261.3411542
0.00025,0.00475,0.00175,70.6912,81.56240064797797,316956746.30434996
0.0005,0.00475,0.00175,136.682,83.75967817321579,322181055.5177118
0.00075,0.00475,0.00175,140.882,84.8271742323194,324078335.7987248
0.001,0.00475,0.00175,130.695,85.4860007167466,325049872.4815827
0.00125,0.00475,0.00175,145.101,85.94289918093043,325649188.2950632
0.0015,0.00475,0.00175,29.4701,88.23177170464471,323891834.9968779
0.00175,0.00475,0.00175,121.246,86.55257640104207,326362311.1913169
0.002,0.00475,0.00175,107.799,86.77008042727786,326587832.1723353
0.00225,0.00475,0.00175,57.1034,87.03320966490162,326587832.1723353
0.0025,0.00475,0.00175,28.7918,89.20619184237714,324339617.34934866
0.00275,0.00475,0.00175,29.4701,89.17949320832842,324638482.7880331
0.003,0.00475,0.00175,97.7664,87.35243184229822,327076995.71979153
0.00325,0.00475,0.00175,96.6335,87.45507166419101,327189983.62317854
0.0035,0.00475,0.00175,94.4277,87.54775220102302,327227654.930615
0.00375,0.00475,0.00175,93.2022,87.62943267094363,327303010.5579463
0.004,0.00475,0.00175,107.987,87.70311122019997,327340694.8788386
0.00425,0.00475,0.00175,106.714,87.7707885174566,327416076.5375754
0.0045,0.00475,0.00175,99.3398,87.83245057851741,327453773.87641907
0.00475,0.00475,0.00175,97.9004,87.89010837707565,327491475.55557907
0.005,0.00475,0.00175,94.6001,87.94274148836827,327529181.57555515
0.00025,0.005,0.00175,138.185,81.35607724606547,324750628.31342614
0.0005,0.005,0.00175,122.293,83.61226724529278,330255455.1428296
0.00075,0.005,0.00175,132.331,84.70128518608192,332276785.21107537
0.001,0.005,0.00175,29.2454,87.37254779888416,331245509.87325144
0.00125,0.005,0.00175,29.2454,87.8405406187271,331779845.062064
0.0015,0.005,0.00175,29.2454,88.18911817380742,332162040.6920365
0.00175,0.005,0.00175,29.0541,88.50748496892041,332353303.5774771
0.002,0.005,0.00175,29.5464,88.61658302143987,332659553.2940047
0.00225,0.005,0.00175,55.5147,86.97311001362466,334965439.1578279
0.0025,0.005,0.00175,109.158,87.0302036962456,335351304.4505601
0.00275,0.005,0.00175,99.9891,87.16557512269966,335428530.83269024
0.003,0.005,0.00175,101.402,87.28507712672899,335583036.9532804
0.00325,0.005,0.00175,112.318,87.38864389943215,335621674.602317
0.0035,0.005,0.00175,98.7366,87.48427558707371,335698963.2466418
0.00375,0.005,0.00175,97.185,87.5689213056223,335776269.68938375
0.004,0.005,0.00175,113.748,87.64355800505678,335814929.58644193
0.00425,0.005,0.00175,91.3233,87.71421883673926,335853593.9346415
0.0045,0.005,0.00175,96.534,87.77786229231563,335892262.7344948
0.00475,0.005,0.00175,91.415,87.83649550548223,335930935.98651594
0.005,0.005,0.00175,100.856,87.89010837707565,335969613.6912147
0.00025,0.00025,0.00225,121.224,87.8890965106336,75378935.48995656
0.0005,0.00025,0.00225,122.425,88.50340914246036,75457080.8545774
0.00075,0.00025,0.00225,115.119,88.77690494117356,75483147.30826578
0.001,0.00025,0.00225,112.269,88.94058875558919,75491838.12702812
0.00125,0.00025,0.00225,109.043,89.05227115078497,75500529.9464157
0.0015,0.00025,0.00225,108.092,89.13432910688908,75509222.76654342
0.00175,0.00025,0.00225,107.816,89.1990029623948,75509222.76654342
0.002,0.00025,0.00225,115.325,89.25036481773961,75509222.76654342
0.00225,0.00025,0.00225,93.3288,89.29455966660336,75517916.58752665
0.0025,0.00025,0.00225,96.0718,89.33054837332953,75517916.58752665
0.00275,0.00025,0.00225,103.242,89.36037857523917,75517916.58752665
0.003,0.00025,0.00225,89.142,89.38918960136405,75517916.58752665
0.00325,0.00025,0.00225,101.849,89.41183335259669,75517916.58752665
0.0035,0.00025,0.00225,97.7851,89.43345319325584,75517916.58752665
0.00375,0.00025,0.00225,99.1217,89.4530185060238,75517916.58752665
0.004,0.00025,0.00225,75.2019,89.4797990283135,75517916.58752665
0.00425,0.00025,0.00225,60.6528,89.53853823225718,75517916.58752665
0.0045,0.00025,0.00225,54.9403,89.60247378023207,75517916.58752665
0.00475,0.00025,0.00225,51.2726,89.66955200490331,75509222.76654342
0.005,0.00025,0.00225,48.5082,89.74081306770086,75509222.76654342
0.00025,0.0005,0.00225,138.85,87.0302036962456,106389801.84469856
0.0005,0.0005,0.00225,127.828,87.8890965106336,106598231.58323574
0.00075,0.0005,0.00225,126.689,88.27342957401449,106671892.47157094
0.001,0.0005,0.00225,67.6562,88.52684770807328,106696457.41055012
0.00125,0.0005,0.00225,103.535,88.66148478246615,106733315.42618375
0.0015,0.0005,0.00225,119.477,88.77690494117356,106745604.26062362
0.00175,0.0005,0.00225,107.56,88.86791684907733,106757894.50994974
0.002,0.0005,0.00225,106.984,88.94058875558919,106757894.50994974
0.00225,0.0005,0.00225,104.679,89.00102329450668,106770186.17432368
0.0025,0.0005,0.00225,116.995,89.05227115078497,106770186.17432368
0.00275,0.0005,0.00225,122.859,89.09636790795251,106782479.25390968
0.003,0.0005,0.00225,104.948,89.13432910688908,106782479.25390968
0.00325,0.0005,0.00225,104.312,89.16820003799792,106782479.25390968
0.0035,0.0005,0.00225,88.9323,89.20105686898651,106782479.25390968
0.00375,0.0005,0.00225,103.544,89.22570743729062,106782479.25390968
0.004,0.0005,0.00225,95.5398,89.2513923564525,106794773.74887024
0.00425,0.0005,0.00225,98.8401,89.2729734023723,106794773.74887024
0.0045,0.0005,0.00225,88.3863,89.2955877141311,106794773.74887024
0.00475,0.0005,0.00225,91.5859,89.31306633310764,106794773.74887024
0.005,0.0005,0.00225,88.9547,89.33157683519495,106794773.74887024
0.00025,0.00075,0.00225,32.6599,87.72835783786911,129449387.53662853
0.0005,0.00075,0.00225,35.7504,88.36392533130703,129972059.29114237
0.00075,0.00075,0.00225,129.572,87.8890965106336,130556951.26910995
0.001,0.00075,0.00225,116.426,88.16982930341918,130632127.52694492
0.00125,0.00075,0.00225,48.5188,88.57782252836392,130556951.26910995
0.0015,0.00075,0.00225,118.281,88.50340914246036,130692299.69893792
0.00175,0.00075,0.00225,104.525,88.61454257270096,130707347.07217048
0.002,0.00075,0.00225,58.8218,88.76872866259409,130692299.69893792
0.00225,0.00075,0.00225,98.5473,88.77792702894672,130737447.01631342
0.0025,0.00075,0.00225,106.809,88.83927383435237,130752499.58762221
0.00275,0.00075,0.00225,95.0729,88.89452220312529,130752499.58762221
0.003,0.00075,0.00225,107.949,88.94058875558919,130767553.89202207
0.00325,0.00075,0.00225,85.5469,88.98463021005192,130767553.89202207
0.0035,0.00075,0.00225,89.0908,89.0204940047974,130767553.89202207
0.00375,0.00075,0.00225,102.845,89.05227115078497,130782609.92971256
0.004,0.00075,0.00225,108.407,89.08200842742012,130782609.92971256
0.00425,0.00075,0.00225,86.3793,89.11175563424123,130782609.92971256
0.0045,0.00075,0.00225,94.8954,89.13535530968372,130782609.92971256
0.00475,0.00075,0.00225,99.4733,89.15793476051732,130782609.92971256
0.005,0.00075,0.00225,117.786,89.17846649738038,130782609.92971256
0.00025,0.001,0.00225,143.582,85.84203408875207,149864924.76390073
0.0005,0.001,0.00225,36.87,87.85874593377493,150020289.7755367
0.00075,0.001,0.00225,36.3056,88.45044047552618,150158527.21961382
0.001,0.001,0.00225,106.399,87.8890965106336,150747458.8598709
0.00125,0.001,0.00225,108.663,88.10995917178316,150816896.61759365
0.0015,0.001,0.00225,105.355,88.2744458652799,150851627.48977187
0.00175,0.001,0.00225,104.137,88.40157445917927,150886366.35995033
0.002,0.001,0.00225,100.187,88.5044280814787,150903738.79486465
0.00225,0.001,0.00225,133.188,88.589040927265,150921113.229969
0.0025,0.001,0.00225,54.5194,88.76872866259409,150886366.35995033
0.00275,0.001,0.00225,101.897,88.72275112462971,150955868.1016726
0.003,0.001,0.00225,98.8673,88.77792702894672,150955868.1016726
0.00325,0.001,0.00225,126.461,88.82495578914929,150973248.53873128
0.0035,0.001,0.00225,103.887,88.86791684907733,150973248.53873128
0.00375,0.001,0.00225,94.9801,88.90680428362228,150990630.97690192
0.004,0.001,0.00225,105.344,88.94058875558919,150990630.97690192
0.00425,0.001,0.00225,111.267,88.97233737824862,150990630.97690192
0.0045,0.001,0.00225,100.68,89.00102329450668,150990630.97690192
0.00475,0.001,0.00225,98.663,89.02766849807772,151008015.41641492
0.005,0.001,0.00225,90.4299,89.05329640884712,151008015.41641492
0.00025,0.00125,0.00225,33.2957,86.62734417830887,166590411.13273227
0.0005,0.00125,0.00225,31.7001,88.19216417064271,167166788.82472807
0.00075,0.00125,0.00225,31.8792,88.75646565663145,167417171.39071178
0.001,0.00125,0.00225,35.3325,88.6308674782142,167841750.37127647
0.00125,0.00125,0.00225,111.922,87.8890965106336,168558244.68068102
0.0015,0.00125,0.00225,144.551,88.07142027369031,168616472.6909493
0.00175,0.00125,0.00225,109.979,88.21348909448406,168655302.53887424
0.002,0.00125,0.00225,97.0324,88.32934297247017,168674720.81593263
0.00225,0.00125,0.00225,99.5568,88.42396803126047,168713564.07752827
0.0025,0.00125,0.00225,93.9367,88.5044280814787,168732989.06258032
0.00275,0.00125,0.00225,99.3256,88.57374346281414,168752416.28414518
0.003,0.00125,0.00225,103.882,88.63392873279338,168752416.28414518
0.00325,0.00125,0.00225,115.539,88.68700728192067,168771845.74248034
0.0035,0.00125,0.00225,125.801,88.73398787876634,168771845.74248034
0.00375,0.00125,0.00225,97.1508,88.77792702894672,168791277.43784332
0.004,0.00125,0.00225,97.4268,88.81677508512696,168791277.43784332
0.00425,0.00125,0.00225,89.9188,88.85257122861918,168791277.43784332
0.0045,0.00125,0.00225,89.4131,88.88531175623454,168810711.37049168
0.00475,0.00125,0.00225,94.2654,88.91396961422438,168810711.37049168
0.005,0.00125,0.00225,104.403,88.94058875558919,168810711.37049168
0.00025,0.0015,0.00225,124.669,84.95716271561216,182831069.607402
0.0005,0.0015,0.00225,32.1408,87.81121776776916,182999540.8175171
0.00075,0.0015,0.00225,32.9485,88.33239381258207,183400282.37392744
0.001,0.0015,0.00225,34.8296,88.46877219483976,183738429.5283444
0.00125,0.0015,0.00225,34.5371,88.77281670775092,183823063.68835315
0.0015,0.0015,0.00225,112.315,87.8890965106336,184629035.097478
0.00175,0.0015,0.00225,107.993,88.04404761646754,184692814.7207877
0.002,0.0015,0.00225,113.569,88.16982930341918,184735346.70947102
0.00225,0.0015,0.00225,102.479,88.2744458652799,184756616.3766028
0.0025,0.0015,0.00225,98.4666,88.3618907001594,184799163.0578525
0.00275,0.0015,0.00225,103.378,88.43822143966426,184820440.07253513
0.003,0.0015,0.00225,91.978,88.5044280814787,184820440.07253513
0.00325,0.0015,0.00225,94.6119,88.56252700109464,184841719.53696558
0.0035,0.0015,0.00225,84.0209,88.61760326342818,184863001.45142597
0.00375,0.0015,0.00225,90.1391,88.66250554140797,184863001.45142597
0.004,0.0015,0.00225,118.622,88.70334553715612,184884285.81619835
0.00425,0.0015,0.00225,98.5684,88.74216095745406,184884285.81619835
0.0045,0.0015,0.00225,96.7958,88.77792702894672,184905572.63156483
0.00475,0.0015,0.00225,99.1858,88.80961758716278,184905572.63156483
0.005,0.0015,0.00225,98.0965,88.84029664017812,184905572.63156483
0.00025,0.00175,0.00225,56.1749,84.68080931017678,196924612.70145538
0.0005,0.00175,0.00225,32.2754,87.50945920971924,197514962.20607603
0.00075,0.00175,0.00225,29.8286,88.66352631210184,197583193.23962247
0.001,0.00175,0.00225,29.5009,89.15485540772362,197696964.0111858
0.00125,0.00175,0.00225,34.1032,88.6461748084849,198426649.8484639
0.0015,0.00175,0.00225,104.506,87.72229798690167,199365497.1296779
0.00175,0.00175,0.00225,109.645,87.8890965106336,199411408.017336
0.002,0.00175,0.00225,104.353,88.02479047615252,199480294.1731898
0.00225,0.00175,0.00225,101.806,88.13633760780414,199503261.51285616
0.0025,0.00175,0.00225,103.205,88.23177170464471,199549204.12558898
0.00275,0.00175,0.00225,105.399,88.31307360470812,199572179.39926353
0.003,0.00175,0.00225,92.436,88.38630936624526,199595157.31821567
0.00325,0.00175,0.00225,106.272,88.44738555829746,199618137.88275242
0.0035,0.00175,0.00225,87.8516,88.50544703222802,199641121.09317592
0.00375,0.00175,0.00225,65.0353,88.58598122302888,199618137.88275242
0.004,0.00175,0.00225,116.196,88.6002607469785,199664106.94979164
0.00425,0.00175,0.00225,107.433,88.64107207133823,199664106.94979164
0.0045,0.00175,0.00225,94.0162,88.68088121208282,199687095.45290422
0.00475,0.00175,0.00225,98.5659,88.71560120379608,199687095.45290422
0.005,0.00175,0.00225,97.0265,88.74726951391219,199687095.45290422
0.00025,0.002,0.00225,61.4473,84.28882504990479,210232570.29194683
0.0005,0.002,0.00225,32.3393,87.2408724341963,210984232.330313
0.00075,0.002,0.00225,28.6034,88.73194472671176,210862814.99332887
0.001,0.002,0.00225,28.4083,89.22776195878266,211057116.28843504
0.00125,0.002,0.00225,31.1914,88.93137353569867,211689832.8510743
0.0015,0.002,0.00225,103.477,87.56690497990814,213059056.75427252
0.00175,0.002,0.00225,103.571,87.74552968901351,213132657.4551329
0.002,0.002,0.00225,41.1881,88.39241508707809,212789404.9023984
0.00225,0.002,0.00225,101.39,88.0085772038668,213230831.27473226
0.0025,0.002,0.00225,134.568,88.10995917178316,213279935.1411536
0.00275,0.002,0.00225,95.7152,88.19927190573559,213304491.31465796
0.003,0.002,0.00225,94.3284,88.27546216824592,213329050.31545812
0.00325,0.002,0.00225,100.297,88.34154696517685,213353612.14388224
0.0035,0.002,0.00225,96.2871,88.40157445917927,213378176.8002533
0.00375,0.002,0.00225,106.965,88.45553223872022,213402744.2848977
0.004,0.002,0.00225,46.0353,88.79121524087081,213181738.71359327
0.00425,0.002,0.00225,146.593,88.5482535586162,213427314.59814116
0.0045,0.002,0.00225,109.144,88.589040927265,213451887.7403093
0.00475,0.002,0.00225,101.903,88.62678596991046,213451887.7403093
0.005,0.002,0.00225,95.7504,88.66148478246615,213451887.7403093
0.00025,0.00225,0.00225,145.854,83.91217922531212,222689633.23534018
0.0005,0.00225,0.00225,32.1586,87.02920172976508,223563036.65370032
0.00075,0.00225,0.00225,33.6146,87.58807871566206,224310704.82465097
0.001,0.00225,0.00225,119.609,86.85403512378748,225579692.3386676
0.00125,0.00225,0.00225,31.5085,88.71662258577982,224491550.7569592
0.0015,0.00225,0.00225,32.2276,88.83518272880224,224724281.2137387
0.00175,0.00225,0.00225,32.767,88.93854084642838,224879568.87600887
0.002,0.00225,0.00225,106.012,87.76270490135695,226073678.04266638
0.00225,0.00225,0.00225,104.721,87.8890965106336,226125739.42432225
0.0025,0.00225,0.00225,106.081,87.9964192094551,226177812.79493448
0.00275,0.00225,0.00225,103.18,88.08865927549421,226229898.15726393
0.003,0.00225,0.00225,98.0783,88.17084440193558,226255945.3361865
0.00325,0.00225,0.00225,104.337,88.24193034752474,226281995.51407212
0.0035,0.00225,0.00225,94.7629,88.30595669865149,226308048.69126892
0.00375,0.00225,0.00225,94.724,88.36290800987713,226334104.86812124
0.004,0.00225,0.00225,103.394,88.41378843172397,226334104.86812124
0.00425,0.00225,0.00225,42.2218,88.90680428362228,225969591.2351825
0.0045,0.00225,0.00225,99.4694,88.5044280814787,226386226.22217494
0.00475,0.00225,0.00225,91.3638,88.54519526310155,226386226.22217494
0.005,0.00225,0.00225,91.501,88.58088195080384,226386226.22217494
0.00025,0.0025,0.00225,141.439,83.6132298726349,234314950.65940687
0.0005,0.0025,0.00225,31.88,86.84903554752474,235423601.9143788
0.00075,0.0025,0.00225,32.7055,87.53162679434193,236210935.7083574
0.001,0.0025,0.00225,32.3067,88.0906876151833,236483040.20392206
0.00125,0.0025,0.00225,32.3067,88.43211255475002,236700949.4686908
0.0015,0.0025,0.00225,32.74,88.61760326342818,236891784.78311938
0.00175,0.0025,0.00225,32.9152,88.7881485539019,237000902.60495657
0.002,0.0025,0.00225,32.3067,89.04304435937414,236973618.43832144
0.00225,0.0025,0.00225,48.9362,87.98223700541885,238122262.3276836
0.0025,0.0025,0.00225,105.045,87.8890965106336,238369123.74716353
0.00275,0.0025,0.00225,109.197,87.98628883046239,238396568.5865336
0.003,0.0025,0.00225,119.722,88.07142027369031,238451467.745295
0.00325,0.0025,0.00225,93.3866,88.14851493399222,238478922.06541395
0.0035,0.0025,0.00225,100.373,88.21450469565528,238506379.54651126
0.00375,0.0025,0.00225,113.653,88.27342957401449,238533840.18894792
0.004,0.0025,0.00225,103.047,88.32832604918204,238561303.99309084
0.00425,0.0025,0.00225,86.0249,88.3802040671661,238561303.99309084
0.0045,0.0025,0.00225,40.88,88.9436607077471,238094849.06717077
0.00475,0.0025,0.00225,125.948,88.4646981511278,238588770.9593031
0.005,0.0025,0.00225,92.3535,88.5044280814787,238616241.08794972
0.00025,0.00275,0.00225,141.918,83.33165362357515,245329627.82745418
0.0005,0.00275,0.00225,129.729,85.1598720003653,247827787.6684335
0.00075,0.00275,0.00225,31.8902,87.48528279281588,247485637.33022714
0.001,0.00275,0.00225,27.41,88.99794936114942,246916436.15953222
0.00125,0.00275,0.00225,147.976,86.88803987586658,249430754.26433653
0.0015,0.00275,0.00225,27.0871,89.71292156206415,247172414.5016134
0.00175,0.00275,0.00225,31.8902,88.83211452327633,248341900.3016466
0.002,0.00275,0.00225,93.5254,87.5306190550479,249833113.31586447
0.00225,0.00275,0.00225,100.614,87.66979680949177,249890646.139567
0.0025,0.00275,0.00225,115.43,87.78695798341299,249948192.212217
0.00275,0.00275,0.00225,104.266,87.8890965106336,250005751.5368656
0.003,0.00275,0.00225,101.739,87.97818536696447,250034536.16964296
0.00325,0.00275,0.00225,92.8404,88.05925359778736,250063324.11656544
0.0035,0.00275,0.00225,147.975,88.12720571714809,250092115.37801155
0.00375,0.00275,0.00225,107.379,88.19013349439642,250120909.95436597
0.004,0.00275,0.00225,86.0116,88.25005810395177,250149707.84600934
0.00425,0.00275,0.00225,99.5478,88.29985694994623,250178509.0533244
0.0045,0.00275,0.00225,104.368,88.34663245977612,250207313.57669085
0.00475,0.00275,0.00225,40.8558,88.9129459602121,249718087.4031013
0.005,0.00275,0.00225,92.1957,88.43211255475002,250236121.41649154
0.00025,0.003,0.00225,143.518,83.06632558524258,255799681.85550135
0.0005,0.003,0.00225,31.1243,86.56652815244284,257335676.4426115
0.00075,0.003,0.00225,28.39,88.04708860265676,257661778.4012012
0.001,0.003,0.00225,28.5579,88.54315645810755,258107128.96459365
0.00125,0.003,0.00225,137.248,86.75210069590206,260405408.44871724
0.0015,0.003,0.00225,131.942,87.0302036962456,260585352.27544615
0.00175,0.003,0.00225,31.5098,88.78303764432472,259268646.21692452
0.002,0.003,0.00225,32.2804,88.82700108288734,259507551.46791312
0.00225,0.003,0.00225,31.5098,89.10252267958589,259417936.21188125
0.0025,0.003,0.00225,109.731,87.68998585047578,261005704.91196498
0.00275,0.003,0.00225,108.87,87.79605461702128,261065810.61615586
0.003,0.003,0.00225,105.009,87.8890965106336,261125930.1617901
0.00325,0.003,0.00225,102.528,87.9710954486235,261155995.12614453
0.0035,0.003,0.00225,106.326,88.04506126686046,261186063.55205515
0.00375,0.003,0.00225,92.936,88.11198800192618,261216135.4399205
0.004,0.003,0.00225,98.9244,88.17084440193558,261246210.79013923
0.00425,0.003,0.00225,108.603,88.22466135048299,261276289.603111
0.0045,0.003,0.00225,111.083,88.27342957401449,261306371.87923127
0.00475,0.003,0.00225,94.4172,88.32019108434277,261306371.87923127
0.005,0.003,0.00225,41.9281,88.82291054250528,260855501.1868901
0.00025,0.00325,0.00225,47.0111,83.13138192376584,264789036.91179085
0.0005,0.00325,0.00225,30.5343,86.485838428872,267546947.2656108
0.00075,0.00325,0.00225,27.7901,88.04303397774471,267885989.19218746
0.001,0.00325,0.00225,29.1265,88.26326730486065,268689069.9185879
0.00125,0.00325,0.00225,113.953,86.62335493353825,270956765.9046054
0.0015,0.00325,0.00225,26.904,89.52616888051848,268503530.17500985
0.00175,0.00325,0.00225,119.175,87.13547439812488,271362605.1911934
0.002,0.00325,0.00225,114.123,87.31724006178604,271425095.93438077
0.00225,0.00325,0.00225,108.711,87.46816187214024,271581385.7588329
0.0025,0.00325,0.00225,54.8695,87.70109180468438,271518859.03272635
0.00275,0.00325,0.00225,114.787,87.70715019073008,271675202.8470957
0.003,0.00325,0.00225,148.701,87.80313042816938,271737765.5768397
0.00325,0.00325,0.00225,102.493,87.8890965106336,271769052.3442283
0.0035,0.00325,0.00225,136.181,87.96603157105017,271831636.68610674
0.00375,0.00325,0.00225,94.9463,88.03492528806619,271862934.2614273
0.004,0.00325,0.00225,96.6152,88.0967729144837,271894235.4402217
0.00425,0.00325,0.00225,94.9506,88.15358931645473,271925540.222905
0.0045,0.00325,0.00225,83.5874,88.20739573299404,271925540.222905
0.00475,0.00325,0.00225,104.895,88.25209016002907,271956848.6098921
0.005,0.00325,0.00225,99.9326,88.2957906848896,271988160.60159785
0.00025,0.0035,0.00225,149.025,82.5771709318692,275359459.17502606
0.0005,0.0035,0.00225,30.2265,86.36345338700265,277363941.3308922
0.00075,0.0035,0.00225,27.8315,87.87594330694014,277875335.45899993
0.001,0.0035,0.00225,29.5991,88.01871014905107,278836742.20159334
0.00125,0.0035,0.00225,27.6617,88.89759256417337,278644195.1148651
0.0015,0.0035,0.00225,26.6936,89.47670855891376,278515904.2632077
0.00175,0.0035,0.00225,26.1896,89.86798414219989,278451780.98902524
0.002,0.0035,0.00225,101.816,87.2177743462646,281676100.65057427
0.00225,0.0035,0.00225,114.607,87.3745596493073,281773404.93202245
0.0025,0.0035,0.00225,40.6073,88.04607492892345,281254836.90402234
0.00275,0.0035,0.00225,116.899,87.62237085761676,281870742.82698447
0.003,0.0035,0.00225,105.546,87.72229798690167,281935653.436865
0.00325,0.0035,0.00225,115.269,87.81020680958352,281968114.3470686
0.0035,0.0035,0.00225,122.656,87.8890965106336,282033047.38015395
0.00375,0.0035,0.00225,115.69,87.96096798496868,282065519.50389516
0.004,0.0035,0.00225,99.9296,88.02580390483814,282097995.36634296
0.00425,0.0035,0.00225,90.0614,88.08460273622597,282130474.9679279
0.0045,0.0035,0.00225,107.339,88.13735232073088,282162958.30908036
0.00475,0.0035,0.00225,91.4276,88.18708756769699,282162958.30908036
0.005,0.0035,0.00225,89.6237,88.23380333965721,282195445.390231
0.00025,0.00375,0.00225,134.061,82.35216100745593,284511614.4233282
0.0005,0.00375,0.00225,29.7183,86.29388070512479,286747737.55813134
0.00075,0.00375,0.00225,30.5547,87.09234815240427,288104472.3213615
0.001,0.00375,0.00225,29.9205,87.81728376130962,288569216.30438024
0.00125,0.00375,0.00225,27.6025,88.79530432159667,288303556.5936739
0.0015,0.00375,0.00225,26.4882,89.43139393560267,288137643.48397
0.00175,0.00375,0.00225,26.0022,89.8286762919271,288071304.9775044
0.002,0.00375,0.00225,31.509,88.65944329983783,289801080.252975
0.00225,0.00375,0.00225,31.1126,88.89247535467389,289801080.252975
0.0025,0.00375,0.00225,28.2642,89.65406795891118,289134556.2642384
0.00275,0.00375,0.00225,100.823,87.53968912638125,291709115.21376836
0.003,0.00375,0.00225,117.755,87.64254897711446,291776291.45344
0.00325,0.00375,0.00225,109.267,87.73441810745067,291843483.16279334
0.0035,0.00375,0.00225,109.137,87.81627273328705,291910690.3453921
0.00375,0.00375,0.00225,91.3354,87.89213214490871,291944299.740271
0.004,0.00375,0.00225,103.415,87.95691732596629,291977913.0047959
0.00425,0.00375,0.00225,95.5288,88.0176968020349,292011530.13941497
0.0045,0.00375,0.00225,108.197,88.07243423922432,292045151.1445736
0.00475,0.00375,0.00225,115.868,88.12314740279149,292078776.02071524
0.005,0.00375,0.00225,89.4752,88.17185951213875,292078776.02071524
0.00025,0.004,0.00225,133.63,82.13532879500775,293325621.81715
0.0005,0.004,0.00225,29.2538,86.22833493975608,295801246.65515465
0.00075,0.004,0.00225,28.2056,87.48326839292744,296858849.51708657
0.001,0.004,0.00225,30.0888,87.65465807916948,297954535.0236735
0.00125,0.004,0.00225,27.3086,88.76361887088353,297577437.737282
0.0015,0.004,0.00225,26.2892,89.39021873836545,297440429.8125139
0.00175,0.004,0.00225,25.6423,89.85453478445388,297337715.26674783
0.002,0.004,0.00225,31.1155,88.63801057004109,299157572.1530853
0.00225,0.004,0.00225,107.624,87.19669012870742,301023222.06633794
0.0025,0.004,0.00225,122.352,87.33835342839707,301127209.76090884
0.00275,0.004,0.00225,100.709,87.46111305518048,301231233.3777603
0.003,0.004,0.00225,104.137,87.56690497990814,301300602.4186128
0.00325,0.004,0.00225,104.235,87.66071325757626,301369987.4341139
0.0035,0.004,0.00225,106.382,87.74552968901351,301404685.93351
0.00375,0.004,0.00225,149.603,87.8203169152174,301474094.9178867
0.004,0.004,0.00225,105.753,87.89112025516734,301508805.40378857
0.00425,0.004,0.00225,93.1898,87.9538794541289,301543519.8861128
0.0045,0.004,0.00225,95.6869,88.01060369957688,301578238.36531967
0.00475,0.004,0.00225,88.3403,88.06432284180643,301578238.36531967
0.005,0.004,0.00225,115.632,88.11097358101519,301612960.84186924
0.00025,0.00425,0.00225,54.1355,82.07483153897633,301300602.4186128
0.0005,0.00425,0.00225,28.8264,86.16581497104353,304579030.5373429
0.00075,0.00425,0.00225,28.673,87.22580777009388,305949677.6794276
0.001,0.00425,0.00225,29.4668,87.6667688542744,306831540.1315071
0.00125,0.00425,0.00225,25.8511,89.10970378386277,306090605.16009575
0.0015,0.00425,0.00225,26.0994,89.35009117366042,306443207.92789054
0.00175,0.00425,0.00225,25.2811,89.88764451709078,306266855.80037725
0.002,0.00425,0.00225,30.7431,88.61964378264291,308212323.87371266
0.00225,0.00425,0.00225,29.9861,88.9436607077471,308141363.5333946
0.0025,0.00425,0.00225,111.596,87.25794886549023,310348749.63885033
0.00275,0.00425,0.00225,28.3968,89.58184442332357,307857685.5079248
0.003,0.00425,0.00225,106.941,87.49334085621828,310527452.16977644
0.00325,0.00425,0.00225,112.299,87.59009552892516,310598961.99056584
0.0035,0.00425,0.00225,101.137,87.67686244505279,310670488.2789958
0.00375,0.00425,0.00225,118.155,87.75462202975163,310706257.59976107
0.004,0.00425,0.00225,100.862,87.82537240453951,310742031.0388586
0.00425,0.00425,0.00225,116.618,87.89010837707565,310777808.5967626
0.0045,0.00425,0.00225,96.7292,87.94982912155794,310813590.27394736
0.00475,0.00425,0.00225,97.6693,88.0035111687323,310849376.070887
0.005,0.00425,0.00225,90.3604,88.05418464556914,310885165.988056
0.00025,0.0045,0.00225,144.328,81.7306588721058,310098738.8532346
0.0005,0.0045,0.00225,28.779,86.01912093387364,313148257.91020584
0.00075,0.0045,0.00225,118.542,84.95716271561216,316664952.74920917
0.001,0.0045,0.00225,150.114,85.60024348406553,317577700.66853094
0.00125,0.0045,0.00225,28.779,88.15561915123052,315863904.842348
0.0015,0.0045,0.00225,28.779,88.488126464818,316191361.0455158
0.00175,0.0045,0.00225,25.3049,89.78731818152423,315101158.5705523
0.002,0.0045,0.00225,30.4708,88.5870011126989,317029736.6952718
0.00225,0.0045,0.00225,29.8889,88.88326511985908,316993239.3989779
0.0025,0.0045,0.00225,127.283,87.17962568578388,319300795.10746706
0.00275,0.0045,0.00225,114.938,87.30819303861404,319411096.7424359
0.003,0.0045,0.00225,102.948,87.42185147239393,319521436.48082215
0.00325,0.0045,0.00225,114.704,87.5205423001928,319558224.8633176
0.0035,0.0045,0.00225,105.863,87.61026621589808,319631814.3357848
0.00375,0.0045,0.00225,96.9353,87.69099542455844,319668615.426732
0.004,0.0045,0.00225,112.065,87.76270490135695,319742230.3204924
0.00425,0.0045,0.00225,119.252,87.82840583782404,319779044.12428266
0.0045,0.0045,0.00225,89.0908,87.89213214490871,319815862.16666144
0.00475,0.0045,0.00225,111.698,87.9457789755074,319852684.44811666
0.005,0.0045,0.00225,101.657,87.99743231150256,319852684.44811666
0.00025,0.00475,0.00225,140.253,81.53986723708145,318089988.1881833
0.0005,0.00475,0.00225,130.03,83.75967817321579,323258534.71149737
0.00075,0.00475,0.00225,119.575,84.8271742323194,325162160.1204828
0.001,0.00475,0.00225,119.29,85.4860007167466,326136945.9408796
0.00125,0.00475,0.00225,138.979,85.94289918093043,326738266.0631425
0.0015,0.00475,0.00225,127.408,86.28493971319939,327152316.65256196
0.00175,0.00475,0.00225,29.4991,88.49220158746853,325199597.9526712
0.002,0.00475,0.00225,30.1203,88.57476321159088,325536732.471637
0.00225,0.00475,0.00225,29.524,88.88326511985908,325536732.471637
0.0025,0.00475,0.00225,29.0195,89.15177616128526,325499255.82763696
0.00275,0.00475,0.00225,27.7858,89.59628447439297,325162160.1204828
0.003,0.00475,0.00225,111.628,87.35142616605042,328170848.5445259
0.00325,0.00475,0.00225,103.625,87.45406480626535,328246421.3752182
0.0035,0.00475,0.00225,100.548,87.54573636273986,328322011.60919875
0.00375,0.00475,0.00225,108.838,87.62741495191985,328397619.2504806
0.004,0.00475,0.00225,103.916,87.70210150662979,328435429.6001105
0.00425,0.00475,0.00225,100.458,87.7697780247273,328473244.3030683
0.0045,0.00475,0.00225,96.2805,87.83447301871533,328511063.359854
0.00475,0.00475,0.00225,93.1414,87.89112025516734,328548886.77097285
0.005,0.00475,0.00225,102.072,87.94375397242449,328586714.53692216
0.00025,0.005,0.00225,132.999,81.35607724606547,325836701.0020087
0.0005,0.005,0.00225,142.967,83.6132298726349,331359937.77908754
0.00075,0.005,0.00225,150.572,84.70128518608192,333388027.83850914
0.001,0.005,0.00225,124.01,85.37387620225034,334464477.9632533
0.00125,0.005,0.00225,29.2745,87.8334617927953,332889425.75853705
0.0015,0.005,0.00225,29.2745,88.18201125697573,333272899.5761379
0.00175,0.005,0.00225,29.2745,88.45553223872022,333503195.8716412
0.002,0.005,0.00225,29.2745,88.67781833585038,333695231.01031524
0.00225,0.005,0.00225,29.1774,88.88428843215614,333810505.1659896
0.0025,0.005,0.00225,112.847,87.0302036962456,336434093.6432309
0.00275,0.005,0.00225,107.986,87.16557512269966,336550313.9319264
0.003,0.005,0.00225,29.9959,89.11380753186585,334348977.97237945
0.00325,0.005,0.00225,100.838,87.38965000416745,336782874.9671862
0.0035,0.005,0.00225,104.332,87.48226121037682,336821650.76063114
0.00375,0.005,0.00225,104.409,87.56690497990814,336860431.01856124
0.004,0.005,0.00225,104.276,87.64355800505678,336938004.92993325
0.00425,0.005,0.00225,105.957,87.71219916546424,336976798.5844033
0.0045,0.005,0.00225,94.1578,87.77685171814697,337015596.705415
0.00475,0.005,0.00225,105.642,87.83649550548223,337054399.2934826
0.005,0.005,0.00225,90.8083,87.89213214490871,337093206.34912175
0.00025,0.00025,0.00275,122.602,87.8890965106336,75552701.88231961
0.0005,0.00025,0.00275,100.242,88.50340914246036,75631027.39061059
0.00075,0.00025,0.00275,127.918,88.77690494117356,75657153.93368056
0.001,0.00025,0.00275,114.711,88.94058875558919,75665864.78684925
0.00125,0.00025,0.00275,126.598,89.05227115078497,75674576.64294983
0.0015,0.00025,0.00275,121.22,89.13432910688908,75683289.50209752
0.00175,0.00025,0.00275,118.118,89.1990029623948,75683289.50209752
0.002,0.00025,0.00275,116.767,89.25036481773961,75692003.36440776
0.00225,0.00025,0.00275,104.714,89.2935316309113,75692003.36440776
0.0025,0.00025,0.00275,111.74,89.32951992330462,75692003.36440776
0.00275,0.00025,0.00275,106.075,89.36037857523917,75692003.36440776
0.003,0.00025,0.00275,99.8062,89.38816047621093,75692003.36440776
0.00325,0.00025,0.00275,108.885,89.41183335259669,75692003.36440776
0.0035,0.00025,0.00275,108.093,89.43345319325584,75700718.2299964
0.00375,0.00025,0.00275,112.122,89.45198864601747,75700718.2299964
0.004,0.00025,0.00275,104.697,89.46949787873831,75700718.2299964
0.00425,0.00025,0.00275,68.4122,89.50761805678236,75700718.2299964
0.0045,0.00025,0.00275,61.9439,89.54575447665194,75692003.36440776
0.00475,0.00025,0.00275,57.9603,89.58596991470726,75692003.36440776
0.005,0.00025,0.00275,54.9697,89.62826715707212,75692003.36440776
0.00025,0.0005,0.00275,140.592,87.0302036962456,106635055.66701059
0.0005,0.0005,0.00275,120.403,87.8890965106336,106843965.88571762
0.00075,0.0005,0.00275,118.136,88.27342957401449,106917796.57993789
0.001,0.0005,0.00275,105.646,88.50340914246036,106954731.0566159
0.00125,0.0005,0.00275,120.05,88.66046403527608,106979361.12908496
0.0015,0.0005,0.00275,124.321,88.77690494117356,106991678.29221348
0.00175,0.0005,0.00275,106.812,88.86791684907733,107003996.8734899
0.002,0.0005,0.00275,112.739,88.94058875558919,107016316.87307747
0.00225,0.0005,0.00275,113.923,89.00102329450668,107016316.87307747
0.0025,0.0005,0.00275,124.299,89.05227115078497,107028638.29113862
0.00275,0.0005,0.00275,100.254,89.09636790795251,107028638.29113862
0.003,0.0005,0.00275,108.915,89.13432910688908,107028638.29113862
0.00325,0.0005,0.00275,106.337,89.16820003799792,107028638.29113862
0.0035,0.0005,0.00275,100.153,89.1990029623948,107040961.12783712
0.00375,0.0005,0.00275,105.263,89.22570743729062,107040961.12783712
0.004,0.0005,0.00275,122.064,89.25036481773961,107040961.12783712
0.00425,0.0005,0.00275,94.6445,89.27400120137754,107040961.12783712
0.0045,0.0005,0.00275,118.212,89.2935316309113,107040961.12783712
0.00475,0.0005,0.00275,101.601,89.31203808435095,107040961.12783712
0.005,0.0005,0.00275,100.596,89.32951992330462,107040961.12783712
0.00025,0.00075,0.00275,37.1331,87.18564804898199,130001989.9095228
0.0005,0.00075,0.00275,35.696,88.3690121141457,130286674.77561618
0.00075,0.00075,0.00275,109.534,87.8890965106336,130872982.56613567
0.001,0.00075,0.00275,135.332,88.16982930341918,130933265.68151745
0.00125,0.00075,0.00275,118.757,88.3618907001594,130978496.23996873
0.0015,0.00075,0.00275,119.741,88.50340914246036,130993576.56469256
0.00175,0.00075,0.00275,106.667,88.61454257270096,131023742.4231996
0.002,0.00075,0.00275,107.541,88.70334553715612,131038827.95738265
0.00225,0.00075,0.00275,106.901,88.77690494117356,131038827.95738265
0.0025,0.00075,0.00275,136.667,88.83927383435237,131053915.22845198
0.00275,0.00075,0.00275,136.219,88.8934987730083,131053915.22845198
0.003,0.00075,0.00275,94.1762,88.9416127278528,131069004.2366076
0.00325,0.00075,0.00275,114.024,88.98155684288196,131069004.2366076
0.0035,0.00075,0.00275,110.553,89.01844425577141,131069004.2366076
0.00375,0.00075,0.00275,110.203,89.05227115078497,131084094.98204947
0.004,0.00075,0.00275,108.187,89.08200842742012,131084094.98204947
0.00425,0.00075,0.00275,105.773,89.10970378386277,131084094.98204947
0.0045,0.00075,0.00275,99.0584,89.13535530968372,131084094.98204947
0.00475,0.00075,0.00275,102.757,89.15793476051732,131084094.98204947
0.005,0.00075,0.00275,94.1239,89.17949320832842,131099187.46497762
0.00025,0.001,0.00275,35.5079,86.81304709299637,149761437.4887368
0.0005,0.001,0.00275,36.7362,87.87189656337875,150366122.2599852
0.00075,0.001,0.00275,36.3262,88.44840385231667,150522006.86321297
0.001,0.001,0.00275,129.254,87.8890965106336,151112364.09458873
0.00125,0.001,0.00275,112.526,88.10995917178316,151164565.47046697
0.0015,0.001,0.00275,104.88,88.27342957401449,151216784.87917694
0.00175,0.001,0.00275,119.033,88.40055670430016,151234195.3571184
0.002,0.001,0.00275,103.74,88.50340914246036,151251607.83963183
0.00225,0.001,0.00275,112.629,88.589040927265,151269022.32694617
0.0025,0.001,0.00275,108.297,88.66046403527608,151286438.81929287
0.00275,0.001,0.00275,100.645,88.72377258893042,151303857.3169028
0.003,0.001,0.00275,88.4732,88.77894912848721,151303857.3169028
0.00325,0.001,0.00275,118.488,88.82495578914929,151321277.8200068
0.0035,0.001,0.00275,96.7239,88.86791684907733,151321277.8200068
0.00375,0.001,0.00275,125.49,88.9057807121034,151338700.3288358
0.004,0.001,0.00275,108.33,88.94058875558919,151338700.3288358
0.00425,0.001,0.00275,98.9698,88.97233737824862,151338700.3288358
0.0045,0.001,0.00275,105.468,89.00102329450668,151338700.3288358
0.00475,0.001,0.00275,83.8295,89.03074345791532,151338700.3288358
0.005,0.001,0.00275,110.176,89.05227115078497,151356124.84362072
0.00025,0.00125,0.00275,127.66,85.37387620225034,167629326.45699242
0.0005,0.00125,0.00275,35.3531,87.67585303368111,167880401.8122559
0.00075,0.00125,0.00275,31.8751,88.75748750908738,167803107.8290957
0.001,0.00125,0.00275,106.871,87.64254897711446,168869026.5947252
0.00125,0.00125,0.00275,108.379,87.8890965106336,168946811.56466332
0.0015,0.00125,0.00275,102.48,88.07142027369031,169005173.80435738
0.00175,0.00125,0.00275,105.299,88.21348909448406,169044093.1643263
0.002,0.00125,0.00275,117.51,88.32832604918204,169083021.48684156
0.00225,0.00125,0.00275,114.422,88.4229500185674,169102489.00969774
0.0025,0.00125,0.00275,109.562,88.50340914246036,169121958.773965
0.00275,0.00125,0.00275,106.374,88.57272372577754,169141430.77990076
0.003,0.00125,0.00275,107.091,88.63290830285233,169141430.77990076
0.00325,0.00125,0.00275,107.278,88.68700728192067,169160905.02776378
0.0035,0.00125,0.00275,102.796,88.73500947243576,169160905.02776378
0.00375,0.00125,0.00275,123.664,88.77690494117356,169180381.51781082
0.004,0.00125,0.00275,102.76,88.81575255010156,169180381.51781082
0.00425,0.00125,0.00275,103.45,88.85154828147786,169180381.51781082
0.0045,0.00125,0.00275,98.4396,88.88428843215614,169199860.25030074
0.00475,0.00125,0.00275,106.592,88.9129459602121,169199860.25030074
0.005,0.00125,0.00275,94.3143,88.9416127278528,169199860.25030074
0.00025,0.0015,0.00275,145.364,84.95716271561216,183273637.69361234
0.0005,0.0015,0.00275,33.112,87.65970403212793,183548145.11225402
0.00075,0.0015,0.00275,31.7599,88.52379015187779,183717277.07755864
0.001,0.0015,0.00275,35.0604,88.44127604037018,184204400.10025048
0.00125,0.0015,0.00275,145.364,87.68998585047578,184990744.4046155
0.0015,0.0015,0.00275,112.849,87.8890965106336,185075955.4097507
0.00175,0.0015,0.00275,116.271,88.04404761646754,185118575.6299963
0.002,0.0015,0.00275,50.6276,88.33849580893177,185054648.97947112
0.00225,0.0015,0.00275,106.736,88.27342957401449,185203845.51714262
0.0025,0.0015,0.00275,112.223,88.3618907001594,185225169.125298
0.00275,0.0015,0.00275,103.697,88.43720326287368,185246495.18856427
0.003,0.0015,0.00275,103.839,88.50340914246036,185267823.7072264
0.00325,0.0015,0.00275,109.439,88.56150739319163,185267823.7072264
0.0035,0.0015,0.00275,102.249,88.61454257270096,185289154.6815664
0.00375,0.0015,0.00275,105.015,88.66046403527608,185289154.6815664
0.004,0.0015,0.00275,118.773,88.70334553715612,185310488.11186764
0.00425,0.0015,0.00275,99.7222,88.74216095745406,185310488.11186764
0.0045,0.0015,0.00275,88.6054,88.77894912848721,185331823.99841148
0.00475,0.0015,0.00275,115.71,88.80961758716278,185331823.99841148
0.005,0.0015,0.00275,100.255,88.84029664017812,185331823.99841148
0.00025,0.00175,0.00275,129.375,84.57947790659561,197583193.23962247
0.0005,0.00175,0.00275,32.1333,87.53263454523817,197970281.2179081
0.00075,0.00175,0.00275,127.17,86.79705701153335,199365497.1296779
0.001,0.00175,0.00275,29.5522,89.14356535738042,198175517.06674716
0.00125,0.00175,0.00275,34.1231,88.6441336783777,198884070.51736522
0.0015,0.00175,0.00275,110.265,87.72229798690167,199825082.06508118
0.00175,0.00175,0.00275,117.427,87.8890965106336,199894111.12356547
0.002,0.00175,0.00275,109.368,88.02377705913445,199940143.74310902
0.00225,0.00175,0.00275,99.1658,88.13633760780414,199986186.96327448
0.0025,0.00175,0.00275,113.349,88.2307559046808,200009212.5493536
0.00275,0.00175,0.00275,116.713,88.31307360470812,200055271.67503056
0.003,0.00175,0.00275,120.546,88.38427421969216,200078305.2152389
0.00325,0.00175,0.00275,121.028,88.44738555829746,200078305.2152389
0.0035,0.00175,0.00275,99.2933,88.5044280814787,200101341.40743423
0.00375,0.00175,0.00275,96.6849,88.55437046654392,200124380.2519227
0.004,0.00175,0.00275,59.1518,88.66352631210184,200078305.2152389
0.00425,0.00175,0.00275,89.7088,88.6431131309485,200147421.7490072
0.0045,0.00175,0.00275,110.526,88.6798602415844,200147421.7490072
0.00475,0.00175,0.00275,98.5384,88.71457983357132,200147421.7490072
0.005,0.00175,0.00275,99.86,88.74726951391219,200170465.89899564
0.00025,0.002,0.00275,131.884,84.23256000178019,210862814.99332887
0.0005,0.002,0.00275,133.972,85.84203408875207,212446705.16177803
0.00075,0.002,0.00275,28.9922,88.63801057004109,211446256.1652585
0.001,0.002,0.00275,34.0375,88.1789656108036,212397793.1315637
0.00125,0.002,0.00275,31.2009,88.93034968131748,212177828.31446567
0.0015,0.002,0.00275,31.6192,89.08303402784719,212348892.362464
0.00175,0.002,0.00275,106.025,87.74552968901351,213623978.97274214
0.002,0.002,0.00275,93.6431,87.89010837707565,213697774.82452467
0.00225,0.002,0.00275,41.4473,88.4972957546946,213353612.14388224
0.0025,0.002,0.00275,109.32,88.10995917178316,213771596.1688927
0.00275,0.002,0.00275,144.158,88.19724106582959,213820824.5653681
0.003,0.002,0.00275,114.142,88.27342957401449,213845443.01465347
0.00325,0.002,0.00275,116.529,88.3405299013859,213870064.29840577
0.0035,0.002,0.00275,113.343,88.40055670430016,213870064.29840577
0.00375,0.002,0.00275,95.1675,88.45553223872022,213894688.41695216
0.004,0.002,0.00275,107.505,88.50340914246036,213919315.3706164
0.00425,0.002,0.00275,56.1016,88.63801057004109,213845443.01465347
0.0045,0.002,0.00275,112.687,88.589040927265,213943945.15972757
0.00475,0.002,0.00275,100.864,88.62678596991046,213943945.15972757
0.005,0.002,0.00275,93.4773,88.66148478246615,213943945.15972757
0.00025,0.00225,0.00275,147.125,83.91217922531212,223202985.8574275
0.0005,0.00225,0.00275,32.7876,86.92906331385277,224155809.98405477
0.00075,0.00225,0.00275,27.8289,88.73296629685842,223897889.57017976
0.001,0.00225,0.00275,33.6004,88.06229510918163,225138620.14079785
0.00125,0.00225,0.00275,31.4666,88.72377258893042,225034963.84425473
0.0015,0.00225,0.00275,32.1919,88.84131945777939,225242324.1838219
0.00175,0.00225,0.00275,32.7876,88.93546907110117,225397969.82112414
0.002,0.00225,0.00275,102.508,87.76270490135695,226620920.8895672
0.00225,0.00225,0.00275,104.584,87.8890965106336,226673108.29305348
0.0025,0.00225,0.00275,115.455,87.9964192094551,226725307.71451795
0.00275,0.00225,0.00275,107.814,88.08865927549421,226751411.93285513
0.003,0.00225,0.00275,97.9744,88.16982930341918,226777519.15672544
0.00325,0.00225,0.00275,94.4609,88.24193034752474,226803629.38647494
0.0035,0.00225,0.00275,105.281,88.3049400446062,226829742.62244785
0.00375,0.00225,0.00275,103.65,88.3618907001594,226855858.86499122
0.004,0.00225,0.00275,97.9345,88.41378843172397,226881978.1144512
0.00425,0.00225,0.00275,114.039,88.46062429502817,226881978.1144512
0.0045,0.00225,0.00275,110.801,88.50340914246036,226908100.37117404
0.00475,0.00225,0.00275,61.5881,88.59108078880007,226881978.1144512
0.005,0.00225,0.00275,98.242,88.58088195080384,226934225.6355059
0.00025,0.0025,0.00275,143.447,83.61226724529278,234855102.4058878
0.0005,0.0025,0.00275,132.981,85.37387620225034,237055480.3627483
0.00075,0.0025,0.00275,32.9006,87.50240706472144,236782717.20032638
0.001,0.0025,0.00275,32.3273,88.08764512316354,237055480.3627483
0.00125,0.0025,0.00275,32.0102,88.48099545173606,237219289.058342
0.0015,0.0025,0.00275,32.6648,88.62882670056725,237437876.74574274
0.00175,0.0025,0.00275,32.8599,88.7973489325767,237547246.1101378
0.002,0.0025,0.00275,32.3273,89.03996897468586,237547246.1101378
0.00225,0.0025,0.00275,101.619,87.77685171814697,238863614.61535493
0.0025,0.0025,0.00275,41.3183,88.38427421969216,238478922.06541395
0.00275,0.0025,0.00275,104.976,87.98628883046239,238973640.70750952
0.003,0.0025,0.00275,102.887,88.07142027369031,239001155.14847317
0.00325,0.0025,0.00275,99.3748,88.14648526279522,239028672.7573353
0.0035,0.0025,0.00275,101.478,88.21348909448406,239056193.53446257
0.00375,0.0025,0.00275,98.5328,88.2744458652799,239083717.48021978
0.004,0.0025,0.00275,127.932,88.32730913760166,239111244.5949698
0.00425,0.0025,0.00275,103.148,88.37816906119109,239111244.5949698
0.0045,0.0025,0.00275,102.663,88.4229500185674,239138774.87907845
0.00475,0.0025,0.00275,147.348,88.4646981511278,239166308.33291066
0.005,0.0025,0.00275,51.3273,88.65944329983783,239028672.7573353
0.00025,0.00275,0.00275,147.03,83.33165362357515,245895171.0271597
0.0005,0.00275,0.00275,32.4138,86.54659776737367,247371692.22122175
0.00075,0.00275,0.00275,28.4192,88.21044236112476,247428658.21651623
0.001,0.00275,0.00275,27.3987,89.00102329450668,247514131.8074319
0.00125,0.00275,0.00275,104.233,86.88803987586658,249976970.21785077
0.0015,0.00275,0.00275,27.0134,89.73461420605224,247742205.7633286
0.00175,0.00275,0.00275,26.9106,89.9715080642365,247799257.08234185
0.002,0.00275,0.00275,32.6269,88.87917198848197,249143751.73971942
0.00225,0.00275,0.00275,31.9108,89.13432910688908,249086390.87500975
0.0025,0.00275,0.00275,147.996,87.78695798341299,250524382.3024065
0.00275,0.00275,0.00275,108.338,87.8890965106336,250582074.31500298
0.003,0.00275,0.00275,112.808,87.97818536696447,250639779.61320376
0.00325,0.00275,0.00275,101.922,88.05722598188488,250668637.24536413
0.0035,0.00275,0.00275,118.818,88.12720571714809,250697498.2000724
0.00375,0.00275,0.00275,106.13,88.19013349439642,250726362.47771215
0.004,0.00275,0.00275,103.611,88.24701010756544,250755230.07866597
0.00425,0.00275,0.00275,116.843,88.29884036612657,250755230.07866597
0.0045,0.00275,0.00275,87.165,88.3486667395857,250784101.00331652
0.00475,0.00275,0.00275,100.629,88.39037979993715,250784101.00331652
0.005,0.00275,0.00275,92.8806,88.43211255475002,250812975.25204644
0.00025,0.003,0.00275,141.504,83.06632558524258,256389361.02242893
0.0005,0.003,0.00275,32.313,86.36047055050952,258107128.96459365
0.00075,0.003,0.00275,138.007,85.84203408875207,260195631.02631545
0.001,0.003,0.00275,30.4813,88.11300243451612,259149276.08105093
0.00125,0.003,0.00275,26.9116,89.36552272018847,258493722.05346733
0.0015,0.003,0.00275,120.925,87.02920172976508,261246210.79013923
0.00175,0.003,0.00275,26.7669,89.90109883067608,258702127.34646094
0.002,0.003,0.00275,105.475,87.42185147239393,261456835.22105646
0.00225,0.003,0.00275,110.922,87.56690497990814,261577268.27191082
0.0025,0.003,0.00275,106.905,87.68998585047578,261637505.59858194
0.00275,0.003,0.00275,46.9791,88.05418464556914,261426735.62319985
0.003,0.003,0.00275,107.795,87.8890965106336,261727887.5991257
0.00325,0.003,0.00275,97.9878,87.97210825911864,261758021.87038076
0.0035,0.003,0.00275,106.437,88.04404761646754,261818300.82189918
0.00375,0.003,0.00275,103.134,88.10995917178316,261848445.50295934
0.004,0.003,0.00275,148.374,88.16982930341918,261878593.65475503
0.00425,0.003,0.00275,100.975,88.22364563237969,261878593.65475503
0.0045,0.003,0.00275,97.2349,88.2744458652799,261908745.27768585
0.00475,0.003,0.00275,91.9868,88.32019108434277,261938900.3721493
0.005,0.003,0.00275,103.168,88.3618907001594,261938900.3721493
0.00025,0.00325,0.00275,145.77,82.81518950732925,266440352.77248922
0.0005,0.00325,0.00275,139.062,84.76371839782308,269525586.65040994
0.00075,0.00325,0.00275,28.4665,87.86582679744983,268689069.9185879
0.001,0.00325,0.00275,118.716,86.23727006619877,271237666.86361295
0.00125,0.00325,0.00275,110.486,86.62335493353825,271612654.52129203
0.0015,0.00325,0.00275,27.1664,89.44786932455716,269215462.4075285
0.00175,0.00325,0.00275,31.1805,88.73194472671176,270364707.7317235
0.002,0.00325,0.00275,107.134,87.31724006178604,272113444.62391007
0.00225,0.00325,0.00275,98.9136,87.46916889236526,272238786.3549347
0.0025,0.00325,0.00275,31.1805,89.19181466174444,270613837.5409063
0.00275,0.00325,0.00275,37.3181,88.49322039745442,271518859.03272635
0.003,0.00325,0.00275,124.434,87.80414130488471,272364185.8212516
0.00325,0.00325,0.00275,97.7292,87.89010837707565,272426907.21345514
0.0035,0.00325,0.00275,98.8967,87.96603157105017,272458273.325773
0.00375,0.00325,0.00275,123.421,88.03289823233735,272489643.0494559
0.004,0.00325,0.00275,103.98,88.09575866874185,272521016.3849196
0.00425,0.00325,0.00275,96.2658,88.15257441659365,272552393.3325799
0.0045,0.00325,0.00275,94.2468,88.20434921008831,272583773.8928539
0.00475,0.00325,0.00275,102.665,88.25107412614175,272615158.0661553
0.005,0.00325,0.00275,99.3429,88.2957906848896,272615158.0661553
0.00025,0.0035,0.00275,125.721,82.5771709318692,276026005.1244027
0.0005,0.0035,0.00275,25.8587,87.53263454523817,276949126.6809689
0.00075,0.0035,0.00275,28.4858,87.70513068221481,278708362.6991397
0.001,0.0035,0.00275,29.7163,87.9933799732946,279511705.3991848
0.00125,0.0035,0.00275,27.5781,88.92011178579482,279254384.12373364
0.0015,0.0035,0.00275,26.9719,89.3922770479139,279254384.12373364
0.00175,0.0035,0.00275,26.4374,89.78835190217669,279222235.6252837
0.002,0.0035,0.00275,30.8564,88.87507904559625,280543363.7951716
0.00225,0.0035,0.00275,69.0098,87.39468070159575,282422959.714412
0.0025,0.0035,0.00275,31.3488,89.07175307254411,280801872.8116633
0.00275,0.0035,0.00275,98.2323,87.62237085761676,282553050.245956
0.003,0.0035,0.00275,101.209,87.72229798690167,282618117.9810158
0.00325,0.0035,0.00275,98.2443,87.81121776776916,282650657.4673769
0.0035,0.0035,0.00275,101.946,87.8890965106336,282683200.7002004
0.00375,0.0035,0.00275,95.5066,87.96096798496868,282748298.4069603
0.004,0.0035,0.00275,99.6439,88.02479047615252,282780852.8817595
0.00425,0.0035,0.00275,100.163,88.08257453664469,282813411.10474694
0.0045,0.0035,0.00275,97.2321,88.13735232073088,282813411.10474694
0.00475,0.0035,0.00275,98.0271,88.18607228217536,282845973.0763552
0.005,0.0035,0.00275,105.747,88.23177170464471,282878538.7970137
0.00025,0.00375,0.00275,71.4405,82.37112547656854,285101826.75039095
0.0005,0.00375,0.00275,28.5227,86.5745015915187,287177228.5762013
0.00075,0.00375,0.00275,28.5227,87.54674427607934,288336750.67802685
0.001,0.00375,0.00275,30.1232,87.77483060471326,289301043.4082735
0.00125,0.00375,0.00275,27.7901,88.74318264522002,289034709.97020686
0.0015,0.00375,0.00275,110.295,86.68820292956858,291742701.40011656
0.00175,0.00375,0.00275,113.974,86.92806251178723,291944299.740271
0.002,0.00375,0.00275,28.5227,89.29044759484859,289767717.5911561
0.00225,0.00375,0.00275,60.1224,87.3423756008233,292146037.38773346
0.0025,0.00375,0.00275,30.8676,89.07482955503532,290536031.43031514
0.00275,0.00375,0.00275,30.5546,89.25344746936844,290502584.1589844
0.003,0.00375,0.00275,46.7627,87.90731188909061,292213314.24403703
0.00325,0.00375,0.00275,100.973,87.73441810745067,292549930.9897075
0.0035,0.00375,0.00275,106.601,87.81627273328705,292583613.9841207
0.00375,0.00375,0.00275,107.476,87.8890965106336,292617300.8566576
0.004,0.00375,0.00275,109.441,87.95590469036223,292650991.6077611
0.00425,0.00375,0.00275,105.965,88.015670143002,292684686.2378789
0.0045,0.00375,0.00275,93.0233,88.07243423922432,292718384.7474577
0.00475,0.00375,0.00275,99.1187,88.12314740279149,292752087.1369441
0.005,0.00375,0.00275,96.7401,88.16982930341918,292785793.4067849
0.00025,0.004,0.00275,149.623,82.13532879500775,294035657.3672501
0.0005,0.004,0.00275,140.173,84.23256000178019,298160425.8288726
0.00075,0.004,0.00275,124.54,85.23049289287619,299674645.32601845
0.001,0.004,0.00275,117.264,85.84203408875207,300434636.39716655
0.00125,0.004,0.00275,28.5825,88.4219320175945,298675775.5033484
0.0015,0.004,0.00275,26.5779,89.2986719277304,298263424.57787615
0.00175,0.004,0.00275,26.0288,89.72221776728787,298194754.79256034
0.002,0.004,0.00275,25.33,90.16437985829695,298023149.4899773
0.00225,0.004,0.00275,104.912,87.19669012870742,301751890.7307003
0.0025,0.004,0.00275,124.211,87.33835342839707,301856130.1419805
0.00275,0.004,0.00275,29.9439,89.29970002260266,299847201.5797055
0.003,0.004,0.00275,38.4702,88.25513833187728,301265915.90158564
0.00325,0.004,0.00275,102.023,87.66172249464388,302064717.00468403
0.0035,0.004,0.00275,104.341,87.74552968901351,302134277.9843297
0.00375,0.004,0.00275,110.371,87.8203169152174,302169064.48099136
0.004,0.004,0.00275,110.357,87.8890965106336,302203854.982827
0.00425,0.004,0.00275,98.0942,87.9518542645278,302238649.4902978
0.0045,0.004,0.00275,98.2169,88.00959044588907,302273448.0038649
0.00475,0.004,0.00275,98.8705,88.06229510918163,302308250.5239908
0.005,0.004,0.00275,98.7163,88.11097358101519,302343057.0511343
0.00025,0.00425,0.00275,138.616,81.92849932318144,302586814.97642726
0.0005,0.00425,0.00275,116.84,84.06979724298061,307078916.8047682
0.00075,0.00425,0.00275,117.373,85.09126889973551,308673964.56838566
0.001,0.00425,0.00275,116.836,85.71957319771545,309528041.6593982
0.00125,0.00425,0.00275,28.6656,88.290708116894,307786806.8167063
0.0015,0.00425,0.00275,29.2443,88.47692084513524,308212323.87371266
0.00175,0.00425,0.00275,25.6485,89.75734545901577,307149632.4795205
0.002,0.00425,0.00275,31.0172,88.56762521669347,308993966.95835537
0.00225,0.00425,0.00275,30.483,88.84234228715644,308993966.95835537
0.0025,0.00425,0.00275,109.515,87.25794886549023,311099992.0424561
0.00275,0.00425,0.00275,109.953,87.38260751426172,311171633.710602
0.003,0.00425,0.00275,34.3189,88.6043410337225,309991653.0373487
0.00325,0.00425,0.00275,94.9254,87.59110395297141,311314966.5447022
0.0035,0.00425,0.00275,107.036,87.67686244505279,311386657.71825707
0.00375,0.00425,0.00275,96.8896,87.75462202975163,311458365.4012129
0.004,0.00425,0.00275,110.003,87.8243612833936,311494225.4349057
0.00425,0.00425,0.00275,96.4565,87.89010837707565,311530089.5973764
0.0045,0.00425,0.00275,116.49,87.94780402521813,311565957.88909787
0.00475,0.00425,0.00275,122.01,88.00249799669982,311601830.31054676
0.005,0.00425,0.00275,95.436,88.05317089014004,311637706.8621972
0.00025,0.0045,0.00275,124.795,81.7306588721058,310849376.070887
0.0005,0.0045,0.00275,126.425,83.91217922531212,315682131.28632545
0.00075,0.0045,0.00275,113.842,84.95716271561216,317431484.4027681
0.001,0.0045,0.00275,111.006,85.60024348406553,318346441.75564355
0.00125,0.0045,0.00275,28.7697,88.1576490327455,316628497.44780165
0.0015,0.0045,0.00275,28.7697,88.49118278921215,316920257.4109004
0.00175,0.0045,0.00275,28.7697,88.75135657081603,317139253.7989804
0.002,0.0045,0.00275,29.4706,88.79837125572135,317504584.11876404
0.00225,0.0045,0.00275,30.0788,88.84234228715644,317797151.3592155
0.0025,0.0045,0.00275,29.5367,89.1086778763905,317760565.7161291
0.00275,0.0045,0.00275,117.422,87.30819303861404,320147415.3651511
0.003,0.0045,0.00275,45.5435,87.73340803344878,319705420.7548052
0.00325,0.0045,0.00275,116.006,87.5205423001928,320294882.65137815
0.0035,0.0045,0.00275,122.471,87.61026621589808,320368641.7650994
0.00375,0.0045,0.00275,101.882,87.68998585047578,320442417.86444104
0.004,0.0045,0.00275,100.383,87.76270490135695,320479312.28494066
0.00425,0.0045,0.00275,105.217,87.82840583782404,320516210.9533106
0.0045,0.0045,0.00275,93.0457,87.89010837707565,320553113.87004393
0.00475,0.0045,0.00275,101.154,87.94476646813752,320590021.03562576
0.005,0.0045,0.00275,95.4969,87.99743231150256,320626932.45054674
0.00025,0.00475,0.00275,142.012,81.53986723708145,318859969.338639
0.0005,0.00475,0.00275,150.37,83.75967817321579,324041027.0491817
0.00075,0.00475,0.00275,135.827,84.8271742323194,325949260.44878894
0.001,0.00475,0.00275,114.113,85.4860007167466,326926405.8741255
0.00125,0.00475,0.00275,113.027,85.94289918093043,327529181.57555515
0.0015,0.00475,0.00275,140.031,86.28493971319939,327906480.63018346
0.00175,0.00475,0.00275,29.5198,88.48710771347793,325986788.9044694
0.002,0.00475,0.00275,29.5198,88.70334553715612,326174496.0058934
0.00225,0.00475,0.00275,29.5198,88.88428843215614,326287172.14308524
0.0025,0.00475,0.00275,29.1397,89.12304165587673,326287172.14308524
0.00275,0.00475,0.00275,55.1225,87.33935895413855,328662383.13532186
0.003,0.00475,0.00275,129.267,87.35142616605042,328965231.82250077
0.00325,0.00475,0.00275,102.752,87.45507166419101,329078872.01217383
0.0035,0.00475,0.00275,104.741,87.54573636273986,329116760.79844147
0.00375,0.00475,0.00275,100.116,87.62741495191985,329154653.947068
0.004,0.00475,0.00275,108.995,87.70210150662979,329230453.33340657
0.00425,0.00475,0.00275,116.141,87.7697780247273,329268359.57212335
0.0045,0.00475,0.00275,116.151,87.83143937588142,329306270.1752084
0.00475,0.00475,0.00275,108.371,87.8890965106336,329344185.14316416
0.005,0.00475,0.00275,96.423,87.94274148836827,329382104.4764946
0.00025,0.005,0.00275,140.957,81.35607724606547,326625434.1505346
0.0005,0.005,0.00275,136.754,83.61226724529278,332162040.6920365
0.00075,0.005,0.00275,118.489,84.70128518608192,334195040.02611357
0.001,0.005,0.00275,133.738,85.37387620225034,335235498.2135586
0.00125,0.005,0.00275,29.2952,87.82840583782404,333695231.01031524
0.0015,0.005,0.00275,29.2952,88.17795041878891,334079633.0797372
0.00175,0.005,0.00275,29.2952,88.45145880471674,334310486.8395229
0.002,0.005,0.00275,29.2952,88.67271377720836,334502986.82601374
0.00225,0.005,0.00275,29.2952,88.85768614098644,334657066.61967945
0.0025,0.005,0.00275,28.7639,89.13946023901036,334618540.0188497
0.00275,0.005,0.00275,24.505,90.61185054670774,332812783.9596523
0.003,0.005,0.00275,116.615,87.28407222592651,337442670.9754134
0.00325,0.005,0.00275,25.917,90.31606344867576,333656815.13852674
0.0035,0.005,0.00275,100.184,87.48326839292744,337598104.85542655
0.00375,0.005,0.00275,100.03,87.56690497990814,337675848.64203197
0.004,0.005,0.00275,100.523,87.64355800505678,337714727.24878883
0.00425,0.005,0.00275,113.715,87.71219916546424,337753610.3318697
0.0045,0.005,0.00275,116.441,87.77584115561287,337831389.9290585
0.00475,0.005,0.00275,106.799,87.83447301871533,337870286.44419724
0.005,0.005,0.00275,104.896,87.8890965106336,337870286.44419724
0.00025,0.00025,0.00325,132.978,87.8890965106336,75692003.36440776
0.0005,0.00025,0.00325,132.4,88.50340914246036,75761750.39061221
0.00075,0.00025,0.00325,113.025,88.77690494117356,75787922.09160507
0.001,0.00025,0.00325,127.645,88.94058875558919,75805374.914822
0.00125,0.00025,0.00325,117.936,89.05227115078497,75814102.8335441
0.0015,0.00025,0.00325,116.491,89.13432910688908,75814102.8335441
0.00175,0.00025,0.00325,108.91,89.1990029623948,75822831.757163
0.002,0.00025,0.00325,110.901,89.25036481773961,75822831.757163
0.00225,0.00025,0.00325,113.671,89.2935316309113,75822831.757163
0.0025,0.00025,0.00325,118.501,89.32951992330462,75831561.68579406
0.00275,0.00025,0.00325,97.2426,89.36140738053955,75831561.68579406
0.003,0.00025,0.00325,120.904,89.38816047621093,75831561.68579406
0.00325,0.00025,0.00325,124.0,89.41183335259669,75831561.68579406
0.0035,0.00025,0.00325,90.0488,89.4344828398636,75831561.68579406
0.00375,0.00025,0.00325,93.4061,89.4530185060238,75831561.68579406
0.004,0.00025,0.00325,101.96,89.47052794032832,75831561.68579406
0.00425,0.00025,0.00325,69.9888,89.50349617355204,75831561.68579406
0.0045,0.00025,0.00325,62.7084,89.54163083721502,75831561.68579406
0.00475,0.00025,0.00325,58.443,89.58184442332357,75831561.68579406
0.005,0.00025,0.00325,55.3658,89.62310788777255,75831561.68579406
0.00025,0.0005,0.00325,36.2605,87.91945757202063,106500096.18360135
0.0005,0.0005,0.00325,129.785,87.8890965106336,107040961.12783712
0.00075,0.0005,0.00325,129.536,88.27342957401449,107114927.94856034
0.001,0.0005,0.00325,129.45,88.50340914246036,107151930.52376048
0.00125,0.0005,0.00325,107.439,88.66046403527608,107164267.55581896
0.0015,0.0005,0.00325,101.363,88.77792702894672,107188945.8814051
0.00175,0.0005,0.00325,116.494,88.86791684907733,107201287.17525944
0.002,0.0005,0.00325,107.649,88.94058875558919,107201287.17525944
0.00225,0.0005,0.00325,104.865,89.00102329450668,107213629.89003909
0.0025,0.0005,0.00325,140.608,89.05227115078497,107213629.89003909
0.00275,0.0005,0.00325,132.337,89.09636790795251,107213629.89003909
0.003,0.0005,0.00325,108.473,89.13432910688908,107225974.02590898
0.00325,0.0005,0.00325,115.839,89.16820003799792,107225974.02590898
0.0035,0.0005,0.00325,105.156,89.1990029623948,107225974.02590898
0.00375,0.0005,0.00325,101.533,89.22570743729062,107225974.02590898
0.004,0.0005,0.00325,119.576,89.25036481773961,107225974.02590898
0.00425,0.0005,0.00325,124.398,89.2729734023723,107238319.58303139
0.0045,0.0005,0.00325,103.523,89.2935316309113,107238319.58303139
0.00475,0.0005,0.00325,102.078,89.31203808435095,107238319.58303139
0.005,0.0005,0.00325,95.5909,89.33054837332953,107238319.58303139
0.00025,0.00075,0.00325,37.1506,87.18364054835911,130241683.12257312
0.0005,0.00075,0.00325,38.3223,88.12213285340391,130632127.52694492
0.00075,0.00075,0.00325,118.7,87.8890965106336,131099187.46497762
0.001,0.00075,0.00325,114.934,88.16982930341918,131174675.9489158
0.00125,0.00075,0.00325,103.214,88.3618907001594,131204883.5118983
0.0015,0.00075,0.00325,111.462,88.50340914246036,131235098.03123008
0.00175,0.00075,0.00325,121.875,88.61352236595003,131250207.90002753
0.002,0.00075,0.00325,114.792,88.70334553715612,131265319.50851306
0.00225,0.00075,0.00325,128.907,88.77690494117356,131280432.85688697
0.0025,0.00075,0.00325,124.203,88.83927383435237,131280432.85688697
0.00275,0.00075,0.00325,106.327,88.8934987730083,131295547.94534957
0.003,0.00075,0.00325,111.954,88.94058875558919,131295547.94534957
0.00325,0.00075,0.00325,106.13,88.98258128681087,131310664.77410178
0.0035,0.00075,0.00325,106.088,89.01946912438471,131310664.77410178
0.00375,0.00075,0.00325,95.7053,89.05329640884712,131310664.77410178
0.004,0.00075,0.00325,92.2737,89.08303402784719,131310664.77410178
0.00425,0.00075,0.00325,95.6521,89.11072970314635,131325783.3433423
0.0045,0.00075,0.00325,116.649,89.13432910688908,131325783.3433423
0.00475,0.00075,0.00325,106.48,89.15793476051732,131325783.3433423
0.005,0.00075,0.00325,95.4412,89.17949320832842,131325783.3433423
0.00025,0.001,0.00325,32.6902,87.18564804898199,149847671.91998714
0.0005,0.001,0.00325,119.394,87.0302036962456,151077573.1924994
0.00075,0.001,0.00325,124.349,87.56690497990814,151269022.32694617
0.001,0.001,0.00325,107.543,87.8890965106336,151373551.36459252
0.00125,0.001,0.00325,112.369,88.10995917178316,151443277.51496866
0.0015,0.001,0.00325,116.09,88.27342957401449,151478152.63328552
0.00175,0.001,0.00325,57.4207,88.47793947919406,151460714.0703402
0.002,0.001,0.00325,110.151,88.50340914246036,151530480.3698703
0.00225,0.001,0.00325,101.306,88.589040927265,151547926.96541947
0.0025,0.001,0.00325,103.392,88.66148478246615,151565375.5696978
0.00275,0.001,0.00325,103.632,88.72275112462971,151582826.18293658
0.003,0.001,0.00325,106.31,88.77690494117356,151582826.18293658
0.00325,0.001,0.00325,98.105,88.82597843013146,151600278.80536708
0.0035,0.001,0.00325,116.997,88.86791684907733,151600278.80536708
0.00375,0.001,0.00325,96.1259,88.90680428362228,151600278.80536708
0.004,0.001,0.00325,98.9288,88.94058875558919,151617733.4372207
0.00425,0.001,0.00325,92.095,88.97336171603382,151617733.4372207
0.0045,0.001,0.00325,107.252,89.00102329450668,151617733.4372207
0.00475,0.001,0.00325,114.736,89.02766849807772,151617733.4372207
0.005,0.001,0.00325,102.907,89.05227115078497,151617733.4372207
0.00025,0.00125,0.00325,140.296,85.37387620225034,167919062.1540839
0.0005,0.00125,0.00325,32.8203,88.01060369957688,167977069.36039788
0.00075,0.00125,0.00325,31.8678,88.7585093733078,168112497.44769597
0.001,0.00125,0.00325,126.638,87.64254897711446,169160905.02776378
0.00125,0.00125,0.00325,144.587,87.8890965106336,169258309.9050097
0.0015,0.00125,0.00325,112.068,88.07142027369031,169297287.55843082
0.00175,0.00125,0.00325,110.843,88.21348909448406,169355770.8691517
0.002,0.00125,0.00325,65.5885,88.35782157840883,169355770.8691517
0.00225,0.00125,0.00325,105.757,88.4229500185674,169394770.96637303
0.0025,0.00125,0.00325,117.357,88.50340914246036,169414274.38278195
0.00275,0.00125,0.00325,99.5803,88.57374346281414,169433780.04473323
0.003,0.00125,0.00325,104.626,88.63392873279338,169453287.9524854
0.00325,0.00125,0.00325,58.2808,88.75646565663145,169414274.38278195
0.0035,0.00125,0.00325,112.743,88.73398787876634,169472798.10629845
0.00375,0.00125,0.00325,109.861,88.77690494117356,169472798.10629845
0.004,0.00125,0.00325,92.7334,88.81677508512696,169492310.50643098
0.00425,0.00125,0.00325,106.307,88.85154828147786,169492310.50643098
0.0045,0.00125,0.00325,100.418,88.88326511985908,169492310.50643098
0.00475,0.00125,0.00325,103.109,88.9129459602121,169492310.50643098
0.005,0.00125,0.00325,100.053,88.94058875558919,169511825.1531402
0.00025,0.0015,0.00325,34.884,86.00030668888556,183041682.87058583
0.0005,0.0015,0.00325,31.8929,87.85267707622798,183738429.5283444
0.00075,0.0015,0.00325,32.1899,88.45145880471674,184098394.03774095
0.001,0.0015,0.00325,35.2563,88.41887808499601,184544029.85937005
0.00125,0.0015,0.00325,106.245,87.68998585047578,185331823.99841148
0.0015,0.0015,0.00325,112.11,87.8890965106336,185395846.39833108
0.00175,0.0015,0.00325,145.379,88.04404761646754,185459890.91462335
0.002,0.0015,0.00325,113.274,88.16982930341918,185502599.5494647
0.00225,0.0015,0.00325,131.121,88.27342957401449,185523957.5549284
0.0025,0.0015,0.00325,100.59,88.3618907001594,185545318.01946488
0.00275,0.0015,0.00325,98.5458,88.43822143966426,185566680.94335732
0.003,0.0015,0.00325,95.0207,88.5044280814787,185588046.3268896
0.00325,0.0015,0.00325,94.3806,88.56252700109464,185609414.1703434
0.0035,0.0015,0.00325,99.2166,88.61454257270096,185609414.1703434
0.00375,0.0015,0.00325,58.0281,88.73296629685842,185566680.94335732
0.004,0.0015,0.00325,97.2244,88.70334553715612,185630784.47400194
0.00425,0.0015,0.00325,111.126,88.74216095745406,185652157.23815003
0.0045,0.0015,0.00325,94.2304,88.77792702894672,185652157.23815003
0.00475,0.0015,0.00325,83.4696,88.81370751536753,185652157.23815003
0.005,0.0015,0.00325,93.9942,88.84029664017812,185673532.46307093
0.00025,0.00175,0.00325,140.599,84.57947790659561,197947490.35896125
0.0005,0.00175,0.00325,33.9006,87.2690001021285,198518049.74165028
0.00075,0.00175,0.00325,33.9007,87.96501883051509,198906969.21029493
0.001,0.00175,0.00325,29.5942,89.13432910688908,198540906.2924559
0.00125,0.00175,0.00325,33.9007,88.6737346654295,199227827.8779031
0.0015,0.00175,0.00325,108.592,87.72229798690167,200193512.70219257
0.00175,0.00175,0.00325,104.627,87.8890965106336,200262669.0340905
0.002,0.00175,0.00325,97.6813,88.02479047615252,200308786.52699932
0.00225,0.00175,0.00325,105.037,88.13633760780414,200354914.64007598
0.0025,0.00175,0.00325,113.129,88.2307559046808,200377982.67994148
0.00275,0.00175,0.00325,107.384,88.31307360470812,200401053.3757661
0.003,0.00175,0.00325,105.384,88.38427421969216,200424126.72785565
0.00325,0.00175,0.00325,109.161,88.44738555829746,200447202.73651594
0.0035,0.00175,0.00325,102.0,88.50340914246036,200470281.40205285
0.00375,0.00175,0.00325,96.0364,88.55437046654392,200470281.40205285
0.004,0.00175,0.00325,106.201,88.6002607469785,200493362.72477227
0.00425,0.00175,0.00325,68.7194,88.66250554140797,200493362.72477227
0.0045,0.00175,0.00325,99.437,88.6798602415844,200516446.70498097
0.00475,0.00175,0.00325,94.6081,88.71560120379608,200516446.70498097
0.005,0.00175,0.00325,108.317,88.74726951391219,200516446.70498097
0.00025,0.002,0.00325,146.538,84.23256000178019,211227276.78521165
0.0005,0.002,0.00325,32.1655,87.2690001021285,211836113.52485043
0.00075,0.002,0.00325,116.192,86.58247576500929,213378176.8002533
0.001,0.002,0.00325,28.3341,89.24625478118597,211909291.76313084
0.00125,0.002,0.00325,31.2056,88.9293258387237,212569034.521711
0.0015,0.002,0.00325,33.3177,88.81370751536753,212936445.39604187
0.00175,0.002,0.00325,118.535,87.74451948708555,214042492.67716327
0.002,0.002,0.00325,105.297,87.8890965106336,214091783.4570467
0.00225,0.002,0.00325,103.972,88.0085772038668,214141085.58785838
0.0025,0.002,0.00325,44.7634,88.44331249945381,213894688.41695216
0.00275,0.002,0.00325,95.7457,88.19825647993733,214190399.0722123
0.003,0.002,0.00325,99.7155,88.2744458652799,214215060.07278463
0.00325,0.002,0.00325,101.054,88.34154696517685,214239723.912723
0.0035,0.002,0.00325,96.7964,88.40157445917927,214264390.59235436
0.00375,0.002,0.00325,100.637,88.45553223872022,214289060.11200562
0.004,0.002,0.00325,100.628,88.50340914246036,214289060.11200562
0.00425,0.002,0.00325,94.8409,88.54927301392787,214313732.47200468
0.0045,0.002,0.00325,48.8735,88.79632662120184,214141085.58785838
0.00475,0.002,0.00325,91.1841,88.62780632936513,214338407.6726768
0.005,0.002,0.00325,103.155,88.66148478246615,214338407.6726768
0.00025,0.00225,0.00325,145.059,83.91217922531212,223614519.87225255
0.0005,0.00225,0.00325,32.5868,86.96009389356789,224543247.79840013
0.00075,0.00225,0.00325,29.8031,88.25412226289677,224698410.36401626
0.001,0.00225,0.00325,28.1462,89.11996350822731,224620815.68339497
0.00125,0.00225,0.00325,31.4784,88.72172967208887,225423921.2152428
0.0015,0.00225,0.00325,32.1417,88.84950242252613,225631639.96281534
0.00175,0.00225,0.00325,32.8033,88.93239740186752,225813550.87214532
0.002,0.00225,0.00325,99.8753,87.76270490135695,227012619.4776191
0.00225,0.00225,0.00325,101.939,87.8890965106336,227064897.08342287
0.0025,0.00225,0.00325,115.393,87.9964192094551,227117186.72797617
0.00275,0.00225,0.00325,111.944,88.08865927549421,227169488.4140523
0.003,0.00225,0.00325,114.272,88.16982930341918,227195643.7735262
0.00325,0.00225,0.00325,106.405,88.2409144306059,227221802.14442143
0.0035,0.00225,0.00325,105.141,88.3049400446062,227247963.52708468
0.00375,0.00225,0.00325,119.969,88.36087340215387,227274127.9218609
0.004,0.00225,0.00325,114.776,88.41277053622721,227274127.9218609
0.00425,0.00225,0.00325,97.581,88.46062429502817,227300295.32909778
0.0045,0.00225,0.00325,107.421,88.50340914246036,227300295.32909778
0.00475,0.00225,0.00325,100.497,88.54315645810755,227326465.7491422
0.005,0.00225,0.00325,52.8653,88.71049447025992,227221802.14442143
0.00025,0.0025,0.00325,142.057,83.61226724529278,235288120.19381636
0.0005,0.0025,0.00325,33.0932,86.65627169767139,236564732.6593659
0.00075,0.0025,0.00325,116.435,86.19161136748694,238259375.98126626
0.001,0.0025,0.00325,32.8634,88.0035111687323,237547246.1101378
0.00125,0.0025,0.00325,31.9597,88.48914522788704,237629306.19276232
0.0015,0.0025,0.00325,32.6322,88.63392873279338,237848271.6938626
0.00175,0.0025,0.00325,32.8085,88.80450544176426,237985227.58035237
0.002,0.0025,0.00325,32.343,89.0379187772373,237985227.58035237
0.00225,0.0025,0.00325,106.394,87.77584115561287,239304023.1606996
0.0025,0.0025,0.00325,103.397,87.8890965106336,239359131.29265648
0.00275,0.0025,0.00325,40.4032,88.53704032478937,238891116.38836738
0.003,0.0025,0.00325,97.5161,88.07243423922432,239441817.28633848
0.00325,0.0025,0.00325,134.582,88.14648526279522,239469385.63122562
0.0035,0.0025,0.00325,115.51,88.21348909448406,239496957.15021846
0.00375,0.0025,0.00325,103.711,88.27342957401449,239524531.84368148
0.004,0.0025,0.00325,111.05,88.32832604918204,239524531.84368148
0.00425,0.0025,0.00325,99.6014,88.37816906119109,239552109.71198314
0.0045,0.0025,0.00325,103.333,88.4229500185674,239552109.71198314
0.00475,0.0025,0.00325,82.0342,88.46979073508317,239579690.755486
0.005,0.0025,0.00325,108.497,88.50340914246036,239579690.755486
0.00025,0.00275,0.00325,62.1594,83.38539684903677,246206775.3021215
0.0005,0.00275,0.00325,27.636,87.56589683446123,246973297.31617504
0.00075,0.00275,0.00325,29.2361,88.01263024194928,248056150.64513272
0.001,0.00275,0.00325,27.386,89.00512203747296,247941942.86552426
0.00125,0.00275,0.00325,32.4597,88.26631586276042,249229817.80526188
0.0015,0.00275,0.00325,26.9474,89.7542454036676,248141841.00168714
0.00175,0.00275,0.00325,27.0708,89.92387225693194,248284724.04879767
0.002,0.00275,0.00325,32.8168,88.8505253461135,249603114.4495323
0.00225,0.00275,0.00325,31.9265,89.13227673674324,249545647.82482636
0.0025,0.00275,0.00325,103.964,87.787968673935,250986290.57152838
0.00275,0.00275,0.00325,99.7298,87.8890965106336,251015188.09953263
0.003,0.00275,0.00325,97.5383,87.97919825908578,251072993.13735235
0.00325,0.00275,0.00325,112.077,88.05722598188488,251101900.64793298
0.0035,0.00275,0.00325,101.631,88.12720571714809,251130811.48680434
0.00375,0.00275,0.00325,99.6485,88.19013349439642,251159725.6543527
0.004,0.00275,0.00325,101.418,88.24701010756544,251188643.1509582
0.00425,0.00275,0.00325,103.632,88.29884036612657,251217563.9770052
0.0045,0.00275,0.00325,109.207,88.34663245977612,251217563.9770052
0.00475,0.00275,0.00325,88.7732,88.39241508707809,251246488.13287705
0.005,0.00275,0.00325,97.2483,88.43109444829011,251246488.13287705
0.00025,0.003,0.00325,138.432,83.06632558524258,256862082.93828696
0.0005,0.003,0.00325,31.5462,86.48982134062764,258493722.05346733
0.00075,0.003,0.00325,28.5102,88.0166834666853,258761702.57124418
0.001,0.003,0.00325,31.5462,87.91237238639009,259806492.62902358
0.00125,0.003,0.00325,26.8366,89.38816047621093,258940510.57392332
0.0015,0.003,0.00325,27.2879,89.5302918078896,259238798.52913558
0.00175,0.003,0.00325,26.9862,89.8348816513787,259238798.52913558
0.002,0.003,0.00325,26.6289,90.11767944633401,259208954.27749088
0.00225,0.003,0.00325,115.938,87.56690497990814,262059555.47333485
0.0025,0.003,0.00325,31.5462,89.21851698460053,260585352.27544615
0.00275,0.003,0.00325,112.028,87.79605461702128,262150083.26991776
0.003,0.003,0.00325,40.5302,88.43211255475002,261667629.46362564
0.00325,0.003,0.00325,94.6513,87.97210825911864,262240642.33909416
0.0035,0.003,0.00325,112.047,88.04404761646754,262270835.6468186
0.00375,0.003,0.00325,113.621,88.10995917178316,262301032.43087724
0.004,0.003,0.00325,111.268,88.16982930341918,262331232.69166818
0.00425,0.003,0.00325,112.147,88.22364563237969,262361436.42959172
0.0045,0.003,0.00325,107.174,88.27342957401449,262361436.42959172
0.00475,0.003,0.00325,99.3202,88.32019108434277,262391643.64505035
0.005,0.003,0.00325,91.2305,88.36290800987713,262421854.33844447
0.00025,0.00325,0.00325,146.958,82.81518950732925,266900876.4945329
0.0005,0.00325,0.00325,29.9467,86.60739979144432,268534444.5658509
0.00075,0.00325,0.00325,27.8467,88.02783079721219,269029559.1704617
0.001,0.00325,0.00325,29.211,88.24294627613986,269836068.1426305
0.00125,0.00325,0.00325,122.595,86.62335493353825,272082118.2091784
0.0015,0.00325,0.00325,105.344,86.9110506394444,272270130.80779046
0.00175,0.00325,0.00325,26.8457,89.7666462675191,269711832.6494933
0.002,0.00325,0.00325,28.4662,89.49937448013708,270302461.1238348
0.00225,0.00325,0.00325,32.216,88.88428843215614,271237666.86361295
0.0025,0.00325,0.00325,31.1962,89.18873413880061,271112786.0590124
0.00275,0.00325,0.00325,104.971,87.70715019073008,272803539.0028608
0.003,0.00325,0.00325,104.873,87.80414130488471,272866361.571521
0.00325,0.00325,0.00325,98.7242,87.8890965106336,272897778.28080404
0.0035,0.00325,0.00325,103.049,87.96501883051509,272960622.55135834
0.00375,0.00325,0.00325,106.026,88.03391175436745,272992050.11346364
0.004,0.00325,0.00325,121.527,88.09474443467697,273023481.29400676
0.00425,0.00325,0.00325,99.7598,88.15257441659365,273054916.0934077
0.0045,0.00325,0.00325,93.4589,88.20434921008831,273054916.0934077
0.00475,0.00325,0.00325,100.752,88.25107412614175,273086354.51208204
0.005,0.00325,0.00325,99.1814,88.2957906848896,273117796.5504476
0.00025,0.0035,0.00325,144.04,82.5771709318692,276534932.41159195
0.0005,0.0035,0.00325,30.3137,86.34555791329869,278515904.2632077
0.00075,0.0035,0.00325,139.817,85.52242365020271,281222458.10819215
0.001,0.0035,0.00325,29.8055,87.97312108127433,280027059.5010627
0.00125,0.0035,0.00325,27.5024,88.9416127278528,279737056.01271546
0.0015,0.0035,0.00325,30.8721,88.45247714563122,280801872.8116633
0.00175,0.0035,0.00325,108.089,87.0302036962456,282650657.4673769
0.002,0.0035,0.00325,26.2724,90.0284970450016,279737056.01271546
0.00225,0.0035,0.00325,25.916,90.30254703280056,279672651.59032
0.0025,0.0035,0.00325,31.56,89.03381852396011,281351995.66099846
0.00275,0.0035,0.00325,30.8721,89.27400120137754,281254836.90402234
0.003,0.0035,0.00325,117.111,87.72229798690167,283106603.85132515
0.00325,0.0035,0.00325,44.2708,88.16272394102414,282780852.8817595
0.0035,0.0035,0.00325,103.622,87.8890965106336,283204402.2964093
0.00375,0.0035,0.00325,94.5705,87.96096798496868,283237009.2851323
0.004,0.0035,0.00325,98.2098,88.02479047615252,283269620.0280908
0.00425,0.0035,0.00325,97.5394,88.08358863059772,283302234.5257137
0.0045,0.0035,0.00325,107.856,88.13633760780414,283334852.77843666
0.00475,0.0035,0.00325,100.822,88.18607228217536,283367474.78669095
0.005,0.0035,0.00325,103.259,88.23177170464471,283400100.5509101
0.00025,0.00375,0.00325,67.4702,82.38250625424362,285594605.5395283
0.0005,0.00375,0.00325,27.1078,86.95909273425161,287342588.66748774
0.00075,0.00375,0.00325,30.1531,87.17360373858136,289201139.6215487
0.001,0.00375,0.00325,30.285,87.7414889510829,289834446.7560346
0.00125,0.00375,0.00325,27.7163,88.76361887088353,289534286.47598094
0.0015,0.00375,0.00325,27.0523,89.25858545869126,289534286.47598094
0.00175,0.00375,0.00325,26.4912,89.66955200490331,289467626.41760343
0.002,0.00375,0.00325,106.86,87.12243397912884,292650991.6077611
0.00225,0.00375,0.00325,31.6097,88.80246066600148,291138741.26187557
0.0025,0.00375,0.00325,31.059,89.03894387006059,291071711.80666083
0.00275,0.00375,0.00325,100.196,87.53968912638125,292954382.97694385
0.003,0.00375,0.00325,103.36,87.64355800505678,293021845.98312706
0.00325,0.00375,0.00325,36.6859,88.57986213158289,292146037.38773346
0.0035,0.00375,0.00325,99.5554,87.81627273328705,293123069.6229974
0.00375,0.00375,0.00325,116.25,87.8890965106336,293156818.606234
0.004,0.00375,0.00325,104.076,87.95590469036223,293190571.4751896
0.00425,0.00375,0.00325,98.6631,88.0166834666853,293224328.2303115
0.0045,0.00375,0.00325,106.228,88.07142027369031,293258088.87204725
0.00475,0.00375,0.00325,122.447,88.12213285340391,293291853.4008442
0.005,0.00375,0.00325,111.758,88.16982930341918,293291853.4008442
0.00025,0.004,0.00325,149.274,82.13532879500775,294543877.6647224
0.0005,0.004,0.00325,28.6547,86.37140812134007,296927211.66342944
0.00075,0.004,0.00325,27.5645,87.65667642549673,297920233.71471673
0.001,0.004,0.00325,30.6329,87.54472846100424,299295371.0332336
0.00125,0.004,0.00325,27.8658,88.60842150837495,298985412.76777
0.0015,0.004,0.00325,30.2879,88.35273543973065,299881724.7518062
0.00175,0.004,0.00325,26.2955,89.63445867227301,298847756.59581447
0.002,0.004,0.00325,25.6194,90.06167087951103,298675775.5033484
0.00225,0.004,0.00325,94.3124,87.1976940234805,302273448.0038649
0.0025,0.004,0.00325,117.59,87.33835342839707,302377867.58575684
0.00275,0.004,0.00325,30.0823,89.27091783986032,300400049.57242316
0.003,0.004,0.00325,30.2879,89.33466229183598,300538420.7663383
0.00325,0.004,0.00325,53.369,87.7849366372766,302482323.23912483
0.0035,0.004,0.00325,68.5747,87.76674661634073,302656496.18741524
0.00375,0.004,0.00325,99.7662,87.82132798980062,302726193.44494236
0.004,0.004,0.00325,111.209,87.8890965106336,302761048.09231406
0.00425,0.004,0.00325,107.941,87.9518542645278,302795906.75270385
0.0045,0.004,0.00325,103.839,88.0085772038668,302830769.4265775
0.00475,0.004,0.00325,113.427,88.06128126037797,302865636.11439586
0.005,0.004,0.00325,114.974,88.10995917178316,302900506.8166224
0.00025,0.00425,0.00325,135.891,81.92849932318144,303109815.358405
0.0005,0.00425,0.00325,27.9381,86.39129816285791,305632828.03659725
0.00075,0.00425,0.00325,32.6923,86.4340772637977,307999491.8610206
0.001,0.00425,0.00325,30.856,87.37858348913007,308425302.95634097
0.00125,0.00425,0.00325,136.908,86.15490343532917,310598961.99056584
0.0015,0.00425,0.00325,26.667,89.16820003799792,307928580.5214429
0.00175,0.00425,0.00325,26.0131,89.63239478635087,307857685.5079248
0.002,0.00425,0.00325,107.593,86.94007289707028,311386657.71825707
0.00225,0.00425,0.00325,30.6818,88.80246066600148,309599321.3309174
0.0025,0.00425,0.00325,134.606,87.25694427701164,311637706.8621972
0.00275,0.00425,0.00325,121.055,87.38260751426172,311745361.3031267
0.003,0.00425,0.00325,29.1133,89.51689298810837,309385531.54516584
0.00325,0.00425,0.00325,108.755,87.59009552892516,311924868.01979226
0.0035,0.00425,0.00325,42.4799,88.10995917178316,311458365.4012129
0.00375,0.00425,0.00325,95.7681,87.75462202975163,311996699.64452106
0.004,0.00425,0.00325,108.323,87.8243612833936,312032621.6598007
0.00425,0.00425,0.00325,95.6435,87.89010837707565,312104478.09857744
0.0045,0.00425,0.00325,101.062,87.94780402521813,312140412.52302706
0.00475,0.00425,0.00325,97.2509,88.00249799669982,312140412.52302706
0.005,0.00425,0.00325,105.82,88.0521571463822,312176351.084817
0.00025,0.0045,0.00325,133.15,81.72971791853857,311422509.4958213
0.0005,0.0045,0.00325,131.531,83.91217922531212,316227766.01683795
0.00075,0.0045,0.00325,29.7723,86.83803749274563,316191361.0455158
0.001,0.0045,0.00325,113.917,85.60024348406553,318933398.0133181
0.00125,0.0045,0.00325,27.4622,88.50137129961627,316774343.83924454
0.0015,0.0045,0.00325,26.4819,89.12817213822144,316701412.24793
0.00175,0.0045,0.00325,109.343,86.64230548248584,320110559.153497
0.002,0.0045,0.00325,24.8982,90.14984824844915,316337006.08184576
0.00225,0.0045,0.00325,100.815,87.0302036962456,320479312.28494066
0.0025,0.0045,0.00325,28.7627,89.28839162998304,318089988.1881833
0.00275,0.0045,0.00325,150.151,87.30919821711919,320737692.1962368
0.003,0.0045,0.00325,117.73,87.42084499692766,320811553.28236336
0.00325,0.0045,0.00325,111.165,87.5205423001928,320885431.3775929
0.0035,0.0045,0.00325,36.6795,88.45655062653216,319963176.73183537
0.00375,0.0045,0.00325,107.647,87.68998585047578,320996280.4210684
0.004,0.0045,0.00325,121.376,87.76270490135695,321070201.05619097
0.00425,0.0045,0.00325,101.12,87.82840583782404,321107167.7570622
0.0045,0.0045,0.00325,92.1672,87.89010837707565,321144138.7141259
0.00475,0.0045,0.00325,113.51,87.94476646813752,321181113.92787594
0.005,0.0045,0.00325,107.447,87.9964192094551,321218093.3987986
0.00025,0.00475,0.00325,148.207,81.53986723708145,319411096.7424359
0.0005,0.00475,0.00325,29.5355,85.68997181827343,322960939.6668331
0.00075,0.00475,0.00325,29.5355,86.7600912276279,324638482.7880331
0.001,0.00475,0.00325,29.5355,87.41782564005283,325499255.82763696
0.00125,0.00475,0.00325,29.5355,87.87594330694014,325986788.9044694
0.0015,0.00475,0.00325,29.5356,88.21653593307566,326324739.5045254
0.00175,0.00475,0.00325,25.9848,89.46125781292949,325311937.31384856
0.002,0.00475,0.00325,30.301,88.53704032478937,326964046.8343053
0.00225,0.00475,0.00325,29.8565,88.81064005155636,326964046.8343053
0.0025,0.00475,0.00325,126.02,87.10337841567917,329344185.14316416
0.00275,0.00475,0.00325,68.8079,87.25694427701164,329420028.1756982
0.003,0.00475,0.00325,114.361,87.35142616605042,329533825.4735968
0.00325,0.00475,0.00325,96.7331,87.45507166419101,329609712.1774583
0.0035,0.00475,0.00325,33.2359,88.80450544176426,328133068.65416235
0.00375,0.00475,0.00325,116.012,87.62741495191985,329761538.01591915
0.004,0.00475,0.00325,109.683,87.70210150662979,329799505.4015394
0.00425,0.00475,0.00325,135.232,87.7697780247273,329837477.15856814
0.0045,0.00475,0.00325,96.4459,87.83245057851741,329875453.2875086
0.00475,0.00475,0.00325,101.339,87.8890965106336,329913433.7888642
0.005,0.00475,0.00325,95.7321,87.94274148836827,329951418.66313833
0.00025,0.005,0.00325,141.658,81.35607724606547,327189983.62317854
0.0005,0.005,0.00325,29.3109,85.59334519747625,331054884.50161934
0.00075,0.005,0.00325,29.3109,86.68520887681726,332851102.6531664
0.001,0.005,0.00325,29.3109,87.35746039721522,333772076.0235374
0.00125,0.005,0.00325,29.3109,87.82537240453951,334310486.8395229
0.0015,0.005,0.00325,29.3109,88.1738897676062,334657066.61967945
0.00175,0.005,0.00325,114.689,86.46592662115938,337248479.25766355
0.002,0.005,0.00325,30.229,88.47080928705309,335351304.4505601
0.00225,0.005,0.00325,29.3109,88.85359418753777,335274095.84841716
0.0025,0.005,0.00325,97.7007,87.03220766381372,337831389.9290585
0.00275,0.005,0.00325,24.5611,90.58994583766751,333426412.76323473
0.003,0.005,0.00325,30.064,89.09944524062466,335776269.68938375
0.00325,0.005,0.00325,116.283,87.38864389943215,338142687.4738272
0.0035,0.005,0.00325,42.2602,87.92755562623967,337675848.64203197
0.00375,0.005,0.00325,46.6173,87.83649550548223,337948092.9101483
0.004,0.005,0.00325,98.6561,87.64355800505678,338337394.0873889
0.00425,0.005,0.00325,105.723,87.71219916546424,338376348.8617642
0.0045,0.005,0.00325,100.42,87.77685171814697,338415308.1212333
0.00475,0.005,0.00325,101.64,87.83548425627755,338454271.86630964
0.005,0.005,0.00325,93.3252,87.89010837707565,338493240.0975112
0.00025,0.00025,0.00375,123.912,87.8890965106336,75796648.00088082
0.0005,0.00025,0.00375,134.13,88.50340914246036,75875226.40818475
0.00075,0.00025,0.00375,112.729,88.77690494117356,75901437.30917446
0.001,0.00025,0.00375,128.811,88.94058875558919,75910176.28812526
0.00125,0.00025,0.00375,123.364,89.05227115078497,75918916.27324596
0.0015,0.00025,0.00375,118.912,89.13432910688908,75927657.26465255
0.00175,0.00025,0.00375,118.342,89.1990029623948,75927657.26465255
0.002,0.00025,0.00375,119.174,89.25036481773961,75927657.26465255
0.00225,0.00025,0.00375,95.3272,89.2935316309113,75936399.26246105
0.0025,0.00025,0.00375,101.03,89.32951992330462,75936399.26246105
0.00275,0.00025,0.00375,131.498,89.36037857523917,75936399.26246105
0.003,0.00025,0.00375,137.61,89.38816047621093,75936399.26246105
0.00325,0.00025,0.00375,103.038,89.41183335259669,75936399.26246105
0.0035,0.00025,0.00375,90.4186,89.4344828398636,75936399.26246105
0.00375,0.00025,0.00375,87.956,89.45507826160689,75945142.26678702
0.004,0.00025,0.00375,107.176,89.46949787873831,75945142.26678702
0.00425,0.00025,0.00375,71.1457,89.50143530311816,75945142.26678702
0.0045,0.00025,0.00375,63.2435,89.53956908870818,75936399.26246105
0.00475,0.00025,0.00375,58.8144,89.57875042946166,75936399.26246105
0.005,0.00025,0.00375,55.629,89.62001246874567,75936399.26246105
0.00025,0.0005,0.00375,37.7712,87.77685171814697,106696457.41055012
0.0005,0.0005,0.00375,117.043,87.8890965106336,107188945.8814051
0.00075,0.0005,0.00375,114.558,88.27342957401449,107263014.96168973
0.001,0.0005,0.00375,119.191,88.50340914246036,107300068.69316608
0.00125,0.0005,0.00375,123.958,88.66046403527608,107324778.29171953
0.0015,0.0005,0.00375,104.383,88.77690494117356,107337135.2247587
0.00175,0.0005,0.00375,104.88,88.86791684907733,107349493.58052382
0.002,0.0005,0.00375,127.814,88.94058875558919,107361853.3591787
0.00225,0.0005,0.00375,98.2392,89.00102329450668,107361853.3591787
0.0025,0.0005,0.00375,121.313,89.05227115078497,107374214.56088804
0.00275,0.0005,0.00375,104.075,89.09636790795251,107374214.56088804
0.003,0.0005,0.00375,96.2904,89.13535530968372,107374214.56088804
0.00325,0.0005,0.00375,106.339,89.16820003799792,107374214.56088804
0.0035,0.0005,0.00375,99.0671,89.1990029623948,107386577.18581569
0.00375,0.0005,0.00375,133.882,89.22570743729062,107386577.18581569
0.004,0.0005,0.00375,92.4164,89.2513923564525,107386577.18581569
0.00425,0.0005,0.00375,140.62,89.2729734023723,107386577.18581569
0.0045,0.0005,0.00375,98.1783,89.2935316309113,107386577.18581569
0.00475,0.0005,0.00375,92.5962,89.31306633310764,107386577.18581569
0.005,0.0005,0.00375,95.9827,89.33054837332953,107386577.18581569
0.00025,0.00075,0.00375,37.1889,87.18062938409416,130421743.00972375
0.0005,0.00075,0.00375,142.382,87.42084499692766,131159574.77555448
0.00075,0.00075,0.00375,122.05,87.8890965106336,131280432.85688697
0.001,0.00075,0.00375,120.798,88.16982930341918,131356025.70409428
0.00125,0.00075,0.00375,115.645,88.3618907001594,131386275.02920946
0.0015,0.00075,0.00375,113.646,88.50340914246036,131416531.32029006
0.00175,0.00075,0.00375,142.381,88.61352236595003,131431662.07856986
0.002,0.00075,0.00375,103.585,88.70334553715612,131446794.57894233
0.00225,0.00075,0.00375,122.442,88.77690494117356,131461928.82160859
0.0025,0.00075,0.00375,102.197,88.84029664017812,131477064.80676922
0.00275,0.00075,0.00375,112.079,88.8934987730083,131477064.80676922
0.003,0.00075,0.00375,101.248,88.94058875558919,131492202.53462486
0.00325,0.00075,0.00375,97.0639,88.98258128681087,131492202.53462486
0.0035,0.00075,0.00375,92.4731,89.0204940047974,131492202.53462486
0.00375,0.00075,0.00375,117.18,89.05227115078497,131492202.53462486
0.004,0.00075,0.00375,115.326,89.08200842742012,131507342.00537615
0.00425,0.00075,0.00375,103.494,89.10970378386277,131507342.00537615
0.0045,0.00075,0.00375,98.7331,89.13535530968372,131507342.00537615
0.00475,0.00075,0.00375,97.1335,89.15793476051732,131507342.00537615
0.005,0.00075,0.00375,100.521,89.17949320832842,131507342.00537615
0.00025,0.001,0.00375,36.3542,86.7221427556756,150279589.4706114
0.0005,0.001,0.00375,122.891,87.0302036962456,151286438.81929287
0.00075,0.001,0.00375,114.539,87.56690497990814,151495593.20403454
0.001,0.001,0.00375,121.732,87.8890965106336,151600278.80536708
0.00125,0.001,0.00375,129.028,88.10995917178316,151652648.73012263
0.0015,0.001,0.00375,95.294,88.2744458652799,151705036.745934
0.00175,0.001,0.00375,102.811,88.40055670430016,151722503.4391855
0.002,0.001,0.00375,99.4419,88.5044280814787,151757442.8590489
0.00225,0.001,0.00375,100.872,88.589040927265,151774915.5861251
0.0025,0.001,0.00375,101.601,88.66148478246615,151774915.5861251
0.00275,0.001,0.00375,55.3139,88.82188793684317,151739972.14348018
0.003,0.001,0.00375,108.933,88.77690494117356,151809867.07572144
0.00325,0.001,0.00375,97.6006,88.82597843013146,151809867.07572144
0.0035,0.001,0.00375,96.5606,88.86791684907733,151809867.07572144
0.00375,0.001,0.00375,113.842,88.9057807121034,151827345.83870548
0.004,0.001,0.00375,109.649,88.94058875558919,151827345.83870548
0.00425,0.001,0.00375,123.648,88.97233737824862,151827345.83870548
0.0045,0.001,0.00375,123.456,89.00102329450668,151844826.6141223
0.00475,0.001,0.00375,90.2016,89.02869347288967,151844826.6141223
0.005,0.001,0.00375,99.5986,89.05227115078497,151844826.6141223
0.00025,0.00125,0.00375,32.676,86.72014592753364,167475005.22015855
0.0005,0.00125,0.00375,129.301,86.68820292956858,168985717.48468268
0.00075,0.00125,0.00375,31.8589,88.75953124929299,168344913.9567068
0.001,0.00125,0.00375,122.572,87.64254897711446,169394770.96637303
0.00125,0.00125,0.00375,106.921,87.8890965106336,169492310.50643098
0.0015,0.00125,0.00375,112.74,88.07142027369031,169550861.18732554
0.00175,0.00125,0.00375,104.444,88.21348909448406,169589906.21092483
0.002,0.00125,0.00375,105.788,88.32832604918204,169609432.0944016
0.00225,0.00125,0.00375,89.8123,88.42498605567394,169628960.22600818
0.0025,0.00125,0.00375,111.201,88.50340914246036,169668023.23464692
0.00275,0.00125,0.00375,109.666,88.57272372577754,169668023.23464692
0.003,0.00125,0.00375,102.757,88.63392873279338,169687558.11219543
0.00325,0.00125,0.00375,103.803,88.68700728192067,169707095.23891002
0.0035,0.00125,0.00375,107.443,88.73398787876634,169707095.23891002
0.00375,0.00125,0.00375,99.3441,88.77792702894672,169707095.23891002
0.004,0.00125,0.00375,106.862,88.81575255010156,169726634.61504892
0.00425,0.00125,0.00375,94.1531,88.85154828147786,169726634.61504892
0.0045,0.00125,0.00375,101.054,88.88326511985908,169726634.61504892
0.00475,0.00125,0.00375,97.2101,88.91396961422438,169746176.24087182
0.005,0.00125,0.00375,97.2611,88.9416127278528,169746176.24087182
0.00025,0.0015,0.00375,35.2236,85.96071120194819,183336949.09838888
0.0005,0.0015,0.00375,34.3302,87.49233355770481,184246819.61436346
0.00075,0.0015,0.00375,32.2012,88.4494221580596,184352911.14209878
0.001,0.0015,0.00375,145.392,87.42084499692766,185481244.00279072
0.00125,0.0015,0.00375,123.501,87.68998585047578,185588046.3268896
0.0015,0.0015,0.00375,107.342,87.8890965106336,185673532.46307093
0.00175,0.0015,0.00375,123.142,88.04404761646754,185716290.29636067
0.002,0.0015,0.00375,98.8832,88.16982930341918,185759057.97613898
0.00225,0.0015,0.00375,96.9554,88.2744458652799,185780445.5091699
0.0025,0.0015,0.00375,105.04,88.3618907001594,185823227.9629327
0.00275,0.0015,0.00375,111.796,88.43720326287368,185844622.88423166
0.003,0.0015,0.00375,96.6439,88.5044280814787,185844622.88423166
0.00325,0.0015,0.00375,107.927,88.56252700109464,185866020.26885378
0.0035,0.0015,0.00375,93.5475,88.61556279119755,185887420.11708263
0.00375,0.0015,0.00375,137.898,88.66046403527608,185887420.11708263
0.004,0.0015,0.00375,98.5726,88.70334553715612,185908822.4292019
0.00425,0.0015,0.00375,110.244,88.74216095745406,185908822.4292019
0.0045,0.0015,0.00375,89.0829,88.77894912848721,185908822.4292019
0.00475,0.0015,0.00375,92.1378,88.81064005155636,185930227.20549527
0.005,0.0015,0.00375,92.0317,88.84131945777939,185930227.20549527
0.00025,0.00175,0.00375,33.913,85.74622318210328,197583193.23962247
0.0005,0.00175,0.00375,32.5545,87.46514088102661,198655228.52667743
0.00075,0.00175,0.00375,31.245,88.38325666398826,198884070.51736522
0.001,0.00175,0.00375,29.6152,89.13022441385438,198815390.25430745
0.00125,0.00175,0.00375,33.9131,88.67169290074051,199503261.51285616
0.0015,0.00175,0.00375,111.346,87.72229798690167,200470281.40205285
0.00175,0.00175,0.00375,107.515,87.8890965106336,200539533.34298328
0.002,0.00175,0.00375,100.848,88.02479047615252,200585714.59359443
0.00225,0.00175,0.00375,109.578,88.13633760780414,200631906.47905746
0.0025,0.00175,0.00375,43.9805,88.59516065278166,200377982.67994148
0.00275,0.00175,0.00375,102.453,88.31307360470812,200701214.2529525
0.003,0.00175,0.00375,110.387,88.38427421969216,200724322.16432944
0.00325,0.00175,0.00375,106.718,88.44738555829746,200724322.16432944
0.0035,0.00175,0.00375,102.896,88.50340914246036,200747432.73625618
0.00375,0.00175,0.00375,105.597,88.55437046654392,200770545.969039
0.004,0.00175,0.00375,120.854,88.59924070465219,200770545.969039
0.00425,0.00175,0.00375,101.414,88.64209259526876,200793661.86298424
0.0045,0.00175,0.00375,111.112,88.6798602415844,200793661.86298424
0.00475,0.00175,0.00375,98.4678,88.71457983357132,200793661.86298424
0.005,0.00175,0.00375,101.222,88.74726951391219,200816780.41839918
0.00025,0.002,0.00375,143.097,84.23256000178019,211519299.72832185
0.0005,0.002,0.00375,31.8076,87.32930421764885,212104557.3429625
0.00075,0.002,0.00375,29.6634,88.48507024598374,212251124.59723845
0.001,0.002,0.00375,34.3346,88.14039652960606,213108121.06359398
0.00125,0.002,0.00375,31.2085,88.92830200791735,212862912.45272386
0.0015,0.002,0.00375,33.3301,88.81166252772161,213255381.79462048
0.00175,0.002,0.00375,104.25,87.74552968901351,214313732.47200468
0.002,0.002,0.00375,113.266,87.8890965106336,214387766.59735024
0.00225,0.002,0.00375,109.956,88.0085772038668,214437136.88864645
0.0025,0.002,0.00375,105.234,88.10995917178316,214486518.54917946
0.00275,0.002,0.00375,53.7132,88.31612388288625,214412450.32200757
0.003,0.002,0.00375,102.473,88.27342957401449,214535911.58157095
0.00325,0.002,0.00375,97.1878,88.34154696517685,214560612.36303088
0.0035,0.002,0.00375,100.367,88.40157445917927,214585315.98843706
0.00375,0.002,0.00375,99.0048,88.45553223872022,214585315.98843706
0.004,0.002,0.00375,105.375,88.50340914246036,214610022.45811695
0.00425,0.002,0.00375,92.4889,88.54927301392787,214610022.45811695
0.0045,0.002,0.00375,98.022,88.589040927265,214634731.77239802
0.00475,0.002,0.00375,48.473,88.84336512830923,214461826.29759496
0.005,0.002,0.00375,94.2177,88.66148478246615,214659443.9316078
0.00025,0.00225,0.00375,144.046,83.91217922531212,223923668.25123617
0.0005,0.00225,0.00375,33.6684,86.80105425576438,224983153.5940442
0.00075,0.00225,0.00375,30.3244,88.14445563833256,225112701.59128758
0.001,0.00225,0.00375,28.166,89.1148334983958,224957252.94225225
0.00125,0.00225,0.00375,31.4594,88.72479406499129,225761561.3662848
0.0015,0.00225,0.00375,32.0972,88.85666313495777,225969591.2351825
0.00175,0.00225,0.00375,32.8157,88.93034968131748,226151774.61083627
0.002,0.00225,0.00375,117.805,87.76270490135695,227352639.182341
0.00225,0.00225,0.00375,106.071,87.8890965106336,227404995.08958954
0.0025,0.00225,0.00375,106.689,87.9964192094551,227457363.05361927
0.00275,0.00225,0.00375,101.781,88.08865927549421,227483551.55779564
0.003,0.00225,0.00375,104.872,88.16982930341918,227509743.0772067
0.00325,0.00225,0.00375,98.3411,88.2409144306059,227535937.61220238
0.0035,0.00225,0.00375,102.97,88.3049400446062,227562135.16312894
0.00375,0.00225,0.00375,92.6567,88.36290800987713,227588335.73033458
0.004,0.00225,0.00375,96.7771,88.41378843172397,227588335.73033458
0.00425,0.00225,0.00375,119.006,88.46062429502817,227614539.31416473
0.0045,0.00225,0.00375,113.97,88.50340914246036,227640745.9149676
0.00475,0.00225,0.00375,95.8193,88.54417585473635,227640745.9149676
0.005,0.00225,0.00375,111.457,88.57986213158289,227640745.9149676
0.00025,0.0025,0.00375,142.156,83.61226724529278,235640534.95092088
0.0005,0.0025,0.00375,28.2959,87.60421452212908,236129365.42895108
0.00075,0.0025,0.00375,28.3248,88.41277053622721,236782717.20032638
0.001,0.0025,0.00375,32.8496,88.00553754779122,237875656.564471
0.00125,0.0025,0.00375,31.9674,88.488126464818,237957830.09563974
0.0015,0.0025,0.00375,32.5771,88.6431131309485,238177098.3178234
0.00175,0.0025,0.00375,32.7599,88.81268501565857,238314243.54662567
0.002,0.0025,0.00375,32.3555,89.03586862699576,238314243.54662567
0.00225,0.0025,0.00375,98.3676,87.77685171814697,239634862.3695607
0.0025,0.0025,0.00375,115.984,87.8890965106336,239690046.6888317
0.00275,0.0025,0.00375,109.892,87.98628883046239,239745243.71622476
0.003,0.0025,0.00375,41.6427,88.5482535586162,239331575.6405395
0.00325,0.0025,0.00375,100.236,88.14648526279522,239800453.45466745
0.0035,0.0025,0.00375,107.507,88.21348909448406,239828063.09144622
0.00375,0.0025,0.00375,100.767,88.27342957401449,239855675.90708393
0.004,0.0025,0.00375,93.1742,88.32934297247017,239855675.90708393
0.00425,0.0025,0.00375,106.473,88.37816906119109,239883291.9019485
0.0045,0.0025,0.00375,104.058,88.4229500185674,239910911.07640597
0.00475,0.0025,0.00375,125.652,88.4646981511278,239910911.07640597
0.005,0.0025,0.00375,103.148,88.50340914246036,239938533.4308205
0.00025,0.00275,0.00375,31.9389,84.79397602651967,245810256.50893486
0.0005,0.00275,0.00375,29.1378,87.18364054835911,247628142.52739617
0.00075,0.00275,0.00375,140.74,86.01218889111063,250092115.37801155
0.001,0.00275,0.00375,31.939,87.99439304035127,249258513.10022447
0.00125,0.00275,0.00375,32.4035,88.27546216824592,249574379.48315692
0.0015,0.00275,0.00375,32.9916,88.4494221580596,249804351.87141526
0.00175,0.00275,0.00375,27.032,89.93526113329979,248627979.1290578
0.002,0.00275,0.00375,33.0011,88.82291054250528,250005751.5368656
0.00225,0.00275,0.00375,31.939,89.13022441385438,249890646.139567
0.0025,0.00275,0.00375,116.119,87.78695798341299,251333280.5832755
0.00275,0.00275,0.00375,111.474,87.8890965106336,251391158.87302843
0.003,0.00275,0.00375,97.6303,87.97919825908578,251420103.0159028
0.00325,0.00275,0.00375,62.4881,88.09981572177165,251420103.0159028
0.0035,0.00275,0.00375,127.013,88.12720571714809,251506955.44111314
0.00375,0.00275,0.00375,95.9182,88.19114882667476,251535912.91632754
0.004,0.00275,0.00375,97.7178,88.24802609466377,251535912.91632754
0.00425,0.00275,0.00375,122.746,88.29884036612657,251564873.72558537
0.0045,0.00275,0.00375,94.0994,88.3476495938258,251593837.86927152
0.00475,0.00275,0.00375,96.0026,88.39139743764954,251593837.86927152
0.005,0.00275,0.00375,95.5395,88.43211255475002,251622805.34776887
0.00025,0.003,0.00375,148.403,83.06632558524258,257217196.2672787
0.0005,0.003,0.00375,31.5586,86.48782986182232,258851091.13305983
0.00075,0.003,0.00375,130.575,85.84104580150093,261035756.0340792
0.001,0.003,0.00375,28.5508,88.54519526310155,259567312.16980696
0.00125,0.003,0.00375,31.5586,88.28257661663473,260435390.45516855
0.0015,0.003,0.00375,27.2325,89.54678541618345,259597197.6813048
0.00175,0.003,0.00375,27.205,89.76974675118548,259686874.86274722
0.002,0.003,0.00375,26.8302,90.05544985455559,259627086.63369632
0.00225,0.003,0.00375,32.5942,88.92215927060597,261065810.61615586
0.0025,0.003,0.00375,31.5586,89.21646267597943,260945613.04602963
0.00275,0.003,0.00375,98.8532,87.79706541227277,262512507.29023457
0.003,0.003,0.00375,114.808,87.8890965106336,262572959.9884425
0.00325,0.003,0.00375,39.0955,88.61148198768446,261969058.93854615
0.0035,0.003,0.00375,108.95,88.04404761646754,262633426.60800132
0.00375,0.003,0.00375,110.541,88.10995917178316,262663665.1392891
0.004,0.003,0.00375,124.902,88.16982930341918,262693907.15211794
0.00425,0.003,0.00375,108.981,88.22364563237969,262724152.64688548
0.0045,0.003,0.00375,115.438,88.27342957401449,262754401.6239958
0.00475,0.003,0.00375,108.731,88.31917426641908,262754401.6239958
0.005,0.003,0.00375,99.4339,88.3618907001594,262784654.08384877
0.00025,0.00325,0.00375,147.041,82.81518950732925,267300640.8663309
0.0005,0.00325,0.00375,26.2434,87.58908711648871,268040241.15654686
0.00075,0.00325,0.00375,31.6044,87.2017097181526,270178010.8982412
0.001,0.00325,0.00375,29.2373,88.23685087989006,270209118.0818966
0.00125,0.00325,0.00375,27.1408,89.16922663074838,269929282.31542957
0.0015,0.00325,0.00375,27.5009,89.3521485592268,270209118.0818966
0.00175,0.00325,0.00375,27.0745,89.69846271283238,270178010.8982412
0.002,0.00325,0.00375,26.6754,89.99947996372012,270115807.2739371
0.00225,0.00325,0.00375,26.3264,90.25993158525087,270053617.97089905
0.0025,0.00325,0.00375,31.2086,89.18668051594699,271487601.06825024
0.00275,0.00325,0.00375,31.2087,89.29661577349482,271550120.59611577
0.003,0.00325,0.00375,101.813,87.80414130488471,273243600.9091417
0.00325,0.00325,0.00375,101.438,87.8890965106336,273306524.81746715
0.0035,0.00325,0.00375,54.843,88.06939237764304,273243600.9091417
0.00375,0.00325,0.00375,101.055,88.03391175436745,273369463.21622616
0.004,0.00325,0.00375,119.086,88.09575866874185,273400937.85056096
0.00425,0.00325,0.00375,91.5693,88.15358931645473,273432416.1087556
0.0045,0.00325,0.00375,100.485,88.20434921008831,273463897.99122727
0.00475,0.00325,0.00375,95.4727,88.25209016002907,273463897.99122727
0.005,0.00325,0.00375,98.4232,88.2957906848896,273495383.49839324
0.00025,0.0035,0.00375,133.149,82.5771709318692,276917243.5698129
0.0005,0.0035,0.00375,28.5598,86.74211356612611,278580042.30402195
0.00075,0.0035,0.00375,27.461,87.97818536696447,279318692.2253968
0.001,0.0035,0.00375,29.8791,87.95792997322884,280446484.2815211
0.00125,0.0035,0.00375,27.4324,88.96107044092292,280123794.1255061
0.0015,0.0035,0.00375,27.5013,89.23803527587944,280349638.2230936
0.00175,0.0035,0.00375,26.9141,89.64065061518335,280285092.76466846
0.002,0.0035,0.00375,30.4783,88.94878086379711,281351995.66099846
0.00225,0.0035,0.00375,26.0909,90.24330662267643,280123794.1255061
0.0025,0.0035,0.00375,31.764,88.99897399380517,281773404.93202245
0.00275,0.0035,0.00375,30.8845,89.2719456151999,281676100.65057427
0.003,0.0035,0.00375,90.3811,87.72330793299366,283530641.17606884
0.00325,0.0035,0.00375,106.302,87.81020680958352,283563285.7265931
0.0035,0.0035,0.00375,39.2168,88.52073270128469,282943681.48721015
0.00375,0.0035,0.00375,102.075,87.95995530272991,283661241.93125147
0.004,0.0035,0.00375,104.444,88.02479047615252,283693901.5186088
0.00425,0.0035,0.00375,112.364,88.08257453664469,283726564.8662566
0.0045,0.0035,0.00375,116.653,88.13633760780414,283759231.97462773
0.00475,0.0035,0.00375,99.9012,88.18607228217536,283759231.97462773
0.005,0.0035,0.00375,101.716,88.23177170464471,283791902.84415525
0.00025,0.00375,0.00375,143.172,82.35216100745593,286088236.0627208
0.0005,0.00375,0.00375,31.0343,86.02803438120588,288569216.30438024
0.00075,0.00375,0.00375,30.012,87.20371763483833,289600961.8851714
0.001,0.00375,0.00375,30.4227,87.7132089952887,290301981.37677866
0.00125,0.00375,0.00375,27.6471,88.78201549771377,289934569.3170745
0.0015,0.00375,0.00375,114.776,86.68820292956858,292684686.2378789
0.00175,0.00375,0.00375,26.7278,89.59628447439297,290001336.9054061
0.002,0.00375,0.00375,26.2614,89.93733199305751,289901191.28764254
0.00225,0.00375,0.00375,103.791,87.28407222592651,293190571.4751896
0.0025,0.00375,0.00375,31.2417,89.00512203747296,291541242.2710759
0.00275,0.00375,0.00375,30.7132,89.2226257437521,291474120.1472481
0.003,0.00375,0.00375,30.5827,89.35111986052193,291507679.277232
0.00325,0.00375,0.00375,107.002,87.73441810745067,293494522.22697985
0.0035,0.00375,0.00375,33.8634,88.98565468936447,292213314.24403703
0.00375,0.00375,0.00375,69.1983,87.90933605305378,293562109.6191427
0.004,0.00375,0.00375,104.303,87.95590469036223,293595909.1516354
0.00425,0.00375,0.00375,100.044,88.0166834666853,293629712.5756695
0.0045,0.00375,0.00375,95.1874,88.07243423922432,293663519.89168954
0.00475,0.00375,0.00375,93.12,88.12314740279149,293697331.1001446
0.005,0.00375,0.00375,97.3086,88.16982930341918,293731146.2014831
0.00025,0.004,0.00375,57.5647,82.23373195800185,294611706.70772284
0.0005,0.004,0.00375,30.2867,86.00426724056341,297680235.0945551
0.00075,0.004,0.00375,30.3003,87.00014971923163,298985412.76777
0.001,0.004,0.00375,30.8468,87.50341447921107,299778167.15823877
0.00125,0.004,0.00375,27.7966,88.62678596991046,299398761.84612906
0.0015,0.004,0.00375,27.1346,89.12919827013094,299433233.3867267
0.00175,0.004,0.00375,120.969,86.82904012021241,302412682.1283222
0.002,0.004,0.00375,29.2071,89.03381852396011,300365466.7294059
0.00225,0.004,0.00375,31.3452,88.76259694783813,300988567.4820658
0.0025,0.004,0.00375,30.3003,89.10457436461141,300815354.39442205
0.00275,0.004,0.00375,101.589,87.46010612770108,302900506.8166224
0.003,0.004,0.00375,91.5235,87.56791313696175,302970260.26614106
0.00325,0.004,0.00375,30.3003,89.42521644713237,300988567.4820658
0.0035,0.004,0.00375,107.844,87.74552968901351,303109815.358405
0.00375,0.004,0.00375,41.587,88.30087354546984,302621653.5763348
0.004,0.004,0.00375,95.9571,87.89010837707565,303179617.0085468
0.00425,0.004,0.00375,107.159,87.9518542645278,303214523.8612393
0.0045,0.004,0.00375,95.7662,88.00959044588907,303249434.7329631
0.00475,0.004,0.00375,100.943,88.06128126037797,303284349.6241809
0.005,0.004,0.00375,98.826,88.11097358101519,303319268.5353555
0.00025,0.00425,0.00375,147.558,81.92849932318144,303563813.51125497
0.0005,0.00425,0.00375,28.516,86.24223442539596,306231597.5552118
0.00075,0.00425,0.00375,32.2598,86.5027670706499,308389796.2250688
0.001,0.00425,0.00375,25.0708,88.95390131459557,307114272.6067842
0.00125,0.00425,0.00375,27.8967,88.48914522788704,308531847.68063825
0.0015,0.00425,0.00375,26.9424,89.08405964008209,308460813.77571446
0.00175,0.00425,0.00375,26.3275,89.52926105824663,308425302.95634097
0.002,0.00425,0.00375,30.035,88.76259694783813,309777592.3320373
0.00225,0.00425,0.00375,115.391,87.11140130276864,311960781.7646757
0.0025,0.00425,0.00375,30.2391,89.03586862699576,310027344.19981945
0.00275,0.00425,0.00375,30.035,89.20413781754971,310027344.19981945
0.003,0.00425,0.00375,29.1735,89.50349617355204,309848929.47133964
0.00325,0.00425,0.00375,30.035,89.40977459275295,310170149.947769
0.0035,0.00425,0.00375,103.658,87.67686244505279,312392069.3664115
0.00375,0.00425,0.00375,35.7053,88.70130309065947,311350810.06804115
0.004,0.00425,0.00375,114.915,87.8243612833936,312499984.39991844
0.00425,0.00425,0.00375,102.014,87.8890965106336,312535964.36133367
0.0045,0.00425,0.00375,116.498,87.94780402521813,312571948.4653335
0.00475,0.00425,0.00375,106.366,88.00249799669982,312607936.7123962
0.005,0.00425,0.00375,104.733,88.0521571463822,312643929.10299623
0.00025,0.0045,0.00375,139.756,81.72971791853857,311853052.9330035
0.0005,0.0045,0.00375,141.712,83.91217922531212,316701412.24793
0.00075,0.0045,0.00375,42.0072,85.41615149785699,318053368.83295304
0.001,0.0045,0.00375,126.257,85.60024348406553,319374325.2977176
0.00125,0.0045,0.00375,27.7861,88.41175265244925,317358401.5166661
0.0015,0.0045,0.00375,26.7546,89.04304435937414,317285335.45658326
0.00175,0.0045,0.00375,25.9832,89.55090929300306,317139253.7989804
0.002,0.0045,0.00375,25.1444,90.05752348179276,316883772.7181494
0.00225,0.0045,0.00375,29.7848,88.90475715236869,318749858.02346027
0.0025,0.0045,0.00375,105.99,87.17962568578388,321070201.05619097
0.00275,0.0045,0.00375,29.7848,89.1825734120963,318933398.0133181
0.003,0.0045,0.00375,28.7299,89.53750738767434,318676471.60556173
0.00325,0.0045,0.00375,30.4433,89.25755783716528,319227281.84621817
0.0035,0.0045,0.00375,29.7848,89.48288960445598,319080306.0951421
0.00375,0.0045,0.00375,32.2059,89.10662609687922,319742230.3204924
0.004,0.0045,0.00375,48.5057,87.97919825908578,321255077.1273852
0.00425,0.0045,0.00375,100.596,87.82941700553485,321551100.2908209
0.0045,0.0045,0.00375,114.854,87.8890965106336,321588122.3604485
0.00475,0.0045,0.00375,95.3379,87.9457789755074,321625148.6926461
0.005,0.0045,0.00375,104.106,87.9964192094551,321662179.28790444
0.00025,0.00475,0.00375,150.398,81.53986723708145,319889510.96913904
0.0005,0.00475,0.00375,25.8716,86.70616941786824,322440807.42479265
0.00075,0.00475,0.00375,122.537,84.8271742323194,327001692.1283102
0.001,0.00475,0.00375,115.376,85.4860007167466,327981992.58090377
0.00125,0.00475,0.00375,27.5634,88.3690121141457,325874216.4980566
0.0015,0.00475,0.00375,26.5757,89.00307264239554,325836701.0020087
0.00175,0.00475,0.00375,28.8759,88.63596962792026,326851136.9532458
0.002,0.00475,0.00375,24.7364,90.12805522486578,325311937.31384856
0.00225,0.00475,0.00375,30.0084,88.77792702894672,327491475.55557907
0.0025,0.00475,0.00375,29.3455,89.07585507281209,327416076.5375754
0.00275,0.00475,0.00375,29.548,89.16204072969009,327566891.9368471
0.003,0.00475,0.00375,93.2213,87.35444322952907,330027401.53245753
0.00325,0.00475,0.00375,29.7626,89.33260530890114,327755508.88054293
0.0035,0.00475,0.00375,99.5206,87.54573636273986,330141408.64591074
0.00375,0.00475,0.00375,99.428,87.62842380562425,330217435.2670771
0.004,0.00475,0.00375,39.4281,88.31815746020183,329533825.4735968
0.00425,0.00475,0.00375,106.547,87.7697780247273,330331508.0271945
0.0045,0.00475,0.00375,102.53,87.83245057851741,330369541.03681487
0.00475,0.00475,0.00375,104.707,87.8890965106336,330407578.4253994
0.005,0.00475,0.00375,101.799,87.94274148836827,330407578.4253994
0.00025,0.005,0.00375,67.8294,81.38699245141116,327529181.57555515
0.0005,0.005,0.00375,28.5111,85.78473223199634,331321790.7523919
0.00075,0.005,0.00375,122.306,84.70128518608192,335274095.84841716
0.001,0.005,0.00375,29.0072,87.42789056853458,334156566.6149993
0.00125,0.005,0.00375,27.3578,88.32629223772874,334156566.6149993
0.0015,0.005,0.00375,26.4086,88.96209464899196,334156566.6149993
0.00175,0.005,0.00375,29.3234,88.44433074657995,335389915.4188705
0.002,0.005,0.00375,24.3509,90.19968066359712,333503195.8716412
0.00225,0.005,0.00375,108.182,86.87303613852735,338142687.4738272
0.0025,0.005,0.00375,28.9363,89.09739367370027,335737614.2429545
0.00275,0.005,0.00375,24.6069,90.57221733263005,333925819.1428233
0.003,0.005,0.00375,30.0825,89.09534215401436,336240482.34218884
0.00325,0.005,0.00375,127.402,87.38864389943215,338610171.7130323
0.0035,0.005,0.00375,96.8197,87.48326839292744,338688148.5634765
0.00375,0.005,0.00375,29.3234,89.5426617292711,336201773.4543793
0.004,0.005,0.00375,35.0708,88.66148478246615,337520378.9679259
0.00425,0.005,0.00375,107.688,87.71219916546424,338844156.13920206
0.0045,0.005,0.00375,89.8309,87.77786229231563,338883169.26007336
0.00475,0.005,0.00375,99.1288,87.83548425627755,338922186.8727561
0.005,0.005,0.00375,127.061,87.8890965106336,338961208.9777648
0.00025,0.00025,0.00425,128.433,87.8890965106336,75883962.36932018
0.0005,0.00025,0.00425,109.18,88.50340914246036,75962631.29545528
0.00075,0.00025,0.00425,104.592,88.77690494117356,75988872.39023802
0.001,0.00025,0.00425,137.521,88.94058875558919,75997621.43610385
0.00125,0.00025,0.00425,132.419,89.05227115078497,76006371.48929866
0.0015,0.00025,0.00425,118.835,89.13432910688908,76015122.5499387
0.00175,0.00025,0.00425,117.303,89.1990029623948,76015122.5499387
0.002,0.00025,0.00425,119.25,89.25036481773961,76023874.61814
0.00225,0.00025,0.00425,121.202,89.2935316309113,76023874.61814
0.0025,0.00025,0.00425,120.119,89.32951992330462,76023874.61814
0.00275,0.00025,0.00425,95.8562,89.36140738053955,76023874.61814
0.003,0.00025,0.00425,115.948,89.38816047621093,76023874.61814
0.00325,0.00025,0.00425,116.97,89.41183335259669,76032627.69401823
0.0035,0.00025,0.00425,94.7648,89.4344828398636,76032627.69401823
0.00375,0.00025,0.00425,102.322,89.4530185060238,76032627.69401823
0.004,0.00025,0.00425,85.1878,89.47258809908563,76032627.69401823
0.00425,0.00025,0.00425,72.6208,89.49937448013708,76032627.69401823
0.0045,0.00025,0.00425,63.7966,89.53750738767434,76032627.69401823
0.00475,0.00025,0.00425,59.1279,89.5766878262545,76023874.61814
0.005,0.00025,0.00425,55.876,89.61794891545584,76023874.61814
0.00025,0.0005,0.00425,36.2187,87.92350650589783,106770186.17432368
0.0005,0.0005,0.00425,132.293,87.8890965106336,107312422.78124338
0.00075,0.0005,0.00425,111.009,88.27342957401449,107386577.18581569
0.001,0.0005,0.00425,115.873,88.50340914246036,107423673.60154322
0.00125,0.0005,0.00425,58.9563,88.72581555281236,107423673.60154322
0.0015,0.0005,0.00425,111.089,88.77690494117356,107460782.83213174
0.00175,0.0005,0.00425,102.822,88.86791684907733,107473155.42417324
0.002,0.0005,0.00425,110.956,88.94058875558919,107485529.44074403
0.00225,0.0005,0.00425,123.217,89.00102329450668,107485529.44074403
0.0025,0.0005,0.00425,98.7822,89.05227115078497,107497904.88200814
0.00275,0.0005,0.00425,121.192,89.09636790795251,107497904.88200814
0.003,0.0005,0.00425,91.9651,89.13535530968372,107497904.88200814
0.00325,0.0005,0.00425,102.436,89.16922663074838,107510281.74812959
0.0035,0.0005,0.00425,108.004,89.1990029623948,107510281.74812959
0.00375,0.0005,0.00425,123.159,89.22570743729062,107510281.74812959
0.004,0.0005,0.00425,99.2514,89.25036481773961,107510281.74812959
0.00425,0.0005,0.00425,102.487,89.2729734023723,107510281.74812959
0.0045,0.0005,0.00425,84.757,89.29661577349482,107510281.74812959
0.00475,0.0005,0.00425,106.1,89.31203808435095,107510281.74812959
0.005,0.0005,0.00425,101.934,89.32951992330462,107522660.03927246
0.00025,0.00075,0.00425,142.391,86.38035807326862,130918192.29994097
0.0005,0.00075,0.00425,37.6183,88.18099602989685,130948340.79858103
0.00075,0.00075,0.00425,136.611,87.8890965106336,131431662.07856986
0.001,0.00075,0.00425,105.335,88.16982930341918,131507342.00537615
0.00125,0.00075,0.00425,123.777,88.3618907001594,131537626.1763684
0.0015,0.00075,0.00425,113.651,88.50340914246036,131567917.32135212
0.00175,0.00075,0.00425,97.0985,88.61454257270096,131583065.50959165
0.002,0.00075,0.00425,100.119,88.70334553715612,131598215.44193174
0.00225,0.00075,0.00425,142.391,88.77690494117356,131613367.11857264
0.0025,0.00075,0.00425,100.193,88.84029664017812,131628520.53971575
0.00275,0.00075,0.00425,114.858,88.8934987730083,131628520.53971575
0.003,0.00075,0.00425,116.08,88.94058875558919,131643675.70556083
0.00325,0.00075,0.00425,129.769,88.98155684288196,131643675.70556083
0.0035,0.00075,0.00425,99.3722,89.01946912438471,131643675.70556083
0.00375,0.00075,0.00425,106.049,89.05227115078497,131643675.70556083
0.004,0.00075,0.00425,104.907,89.08200842742012,131658832.6163093
0.00425,0.00075,0.00425,100.589,89.10970378386277,131658832.6163093
0.0045,0.00075,0.00425,92.7013,89.13535530968372,131658832.6163093
0.00475,0.00075,0.00425,94.9135,89.15896123508374,131658832.6163093
0.005,0.00075,0.00425,92.054,89.18051993109707,131658832.6163093
0.00025,0.001,0.00425,34.7284,86.90404671853615,150366122.2599852
0.0005,0.001,0.00425,134.12,87.0302036962456,151460714.0703402
0.00075,0.001,0.00425,114.494,87.56690497990814,151670109.39163372
0.001,0.001,0.00425,33.237,89.14664432022282,151042790.30038974
0.00125,0.001,0.00425,103.344,88.10995917178316,151827345.83870548
0.0015,0.001,0.00425,114.45,88.27342957401449,151879794.20318118
0.00175,0.001,0.00425,111.126,88.40055670430016,151897281.01728672
0.002,0.001,0.00425,102.095,88.50340914246036,151932260.68580955
0.00225,0.001,0.00425,103.918,88.589040927265,151949753.54068923
0.0025,0.001,0.00425,110.203,88.66046403527608,151967248.40962484
0.00275,0.001,0.00425,102.747,88.72275112462971,151967248.40962484
0.003,0.001,0.00425,110.374,88.77690494117356,151984745.2928476
0.00325,0.001,0.00425,124.852,88.82495578914929,151984745.2928476
0.0035,0.001,0.00425,98.4559,88.86791684907733,152002244.19059005
0.00375,0.001,0.00425,100.534,88.9057807121034,152002244.19059005
0.004,0.001,0.00425,99.6908,88.94058875558919,152002244.19059005
0.00425,0.001,0.00425,114.587,88.97233737824862,152002244.19059005
0.0045,0.001,0.00425,96.7768,89.00204796255258,152019745.10308295
0.00475,0.001,0.00425,102.683,89.02766849807772,152019745.10308295
0.005,0.001,0.00425,101.841,89.05227115078497,152019745.10308295
0.00025,0.00125,0.00425,32.2509,86.78706470626823,167629326.45699242
0.0005,0.00125,0.00425,58.7287,86.75709469198569,169102489.00969774
0.00075,0.00125,0.00425,31.8453,88.76259694783813,168538839.81266132
0.001,0.00125,0.00425,112.188,87.64254897711446,169589906.21092483
0.00125,0.00125,0.00425,121.63,87.8890965106336,169687558.11219543
0.0015,0.00125,0.00425,103.118,88.07142027369031,169746176.24087182
0.00175,0.00125,0.00425,110.02,88.21348909448406,169785266.2426023
0.002,0.00125,0.00425,123.867,88.32832604918204,169804814.61902797
0.00225,0.00125,0.00425,56.7294,88.5064659947086,169785266.2426023
0.0025,0.00125,0.00425,107.586,88.50340914246036,169863473.25366178
0.00275,0.00125,0.00425,96.5707,88.57374346281414,169863473.25366178
0.003,0.00125,0.00425,114.863,88.63290830285233,169883030.63452137
0.00325,0.00125,0.00425,105.221,88.68700728192067,169902590.26713726
0.0035,0.00125,0.00425,97.4785,88.73500947243576,169902590.26713726
0.00375,0.00125,0.00425,98.1534,88.77792702894672,169922152.1517687
0.004,0.00125,0.00425,98.8942,88.81677508512696,169922152.1517687
0.00425,0.00125,0.00425,119.803,88.8505253461135,169922152.1517687
0.0045,0.00125,0.00425,109.25,88.88326511985908,169941716.28867504
0.00475,0.00125,0.00425,106.412,88.9129459602121,169941716.28867504
0.005,0.00125,0.00425,99.3286,88.94058875558919,169941716.28867504
0.00025,0.0015,0.00425,35.0661,85.97852691458091,183548145.11225402
0.0005,0.0015,0.00425,133.073,86.38035807326862,185139889.42052722
0.00075,0.0015,0.00425,32.2076,88.44840385231667,184565277.49906674
0.001,0.0015,0.00425,34.596,88.4972957546946,184969447.78405145
0.00125,0.0015,0.00425,103.828,87.68998585047578,185801835.5046733
0.0015,0.0015,0.00425,107.157,87.8890965106336,185887420.11708263
0.00175,0.0015,0.00425,105.551,88.04404761646754,185930227.20549527
0.002,0.0015,0.00425,108.51,88.16982930341918,185973044.1517399
0.00225,0.0015,0.00425,103.895,88.27342957401449,185994456.32225716
0.0025,0.0015,0.00425,55.1819,88.46164274146486,185951634.4462472
0.00275,0.0015,0.00425,110.152,88.43720326287368,186058707.62680233
0.003,0.0015,0.00425,110.029,88.50340914246036,186058707.62680233
0.00325,0.0015,0.00425,97.8894,88.56252700109464,186080129.66026014
0.0035,0.0015,0.00425,98.7121,88.61454257270096,186101554.1601627
0.00375,0.0015,0.00425,103.287,88.66148478246615,186101554.1601627
0.004,0.0015,0.00425,57.4127,88.7809933628706,186058707.62680233
0.00425,0.0015,0.00425,101.651,88.74216095745406,186122981.12679395
0.0045,0.0015,0.00425,94.4674,88.77792702894672,186122981.12679395
0.00475,0.0015,0.00425,105.358,88.80961758716278,186144410.5604379
0.005,0.0015,0.00425,103.555,88.84029664017812,186144410.5604379
0.00025,0.00175,0.00425,42.8029,84.99825307953427,198243976.28726414
0.0005,0.00175,0.00425,33.9232,87.26598598969993,199021502.2279334
0.00075,0.00175,0.00425,31.6632,88.30799004185631,199159028.9057616
0.001,0.00175,0.00425,29.5767,89.13843398895627,199044416.7441852
0.00125,0.00175,0.00425,33.9232,88.67067203602582,199733080.39983892
0.0015,0.00175,0.00425,106.281,87.72229798690167,200701214.2529525
0.00175,0.00175,0.00425,109.931,87.8890965106336,200770545.969039
0.002,0.00175,0.00425,112.445,88.02377705913445,200839901.63558775
0.00225,0.00175,0.00425,97.8232,88.13633760780414,200863025.51485887
0.0025,0.00175,0.00425,105.248,88.23177170464471,200909281.2608732
0.00275,0.00175,0.00425,66.2459,88.3405299013859,200909281.2608732
0.003,0.00175,0.00425,107.737,88.38427421969216,200955547.65889212
0.00325,0.00175,0.00425,114.744,88.44738555829746,200978684.85316935
0.0035,0.00175,0.00425,100.963,88.50340914246036,200978684.85316935
0.00375,0.00175,0.00425,100.077,88.55437046654392,201001824.71136948
0.004,0.00175,0.00425,105.078,88.6002607469785,201001824.71136948
0.00425,0.00175,0.00425,95.3854,88.64209259526876,201024967.2337968
0.0045,0.00175,0.00425,53.5984,88.7993935906361,200932413.12822866
0.00475,0.00175,0.00425,95.1013,88.71560120379608,201048112.42075887
0.005,0.00175,0.00425,118.568,88.74726951391219,201048112.42075887
0.00025,0.002,0.00425,141.716,84.23256000178019,211762960.55707294
0.0005,0.002,0.00425,33.9696,87.00115135123669,212593508.8450444
0.00075,0.002,0.00425,29.8423,88.44636727600165,212520094.32736325
0.001,0.002,0.00425,34.2537,88.15054465192469,213353612.14388224
0.00125,0.002,0.00425,31.2104,88.92830200791735,213108121.06359398
0.0015,0.002,0.00425,33.3403,88.81064005155636,213501042.51272255
0.00175,0.002,0.00425,112.991,87.74552968901351,214585315.98843706
0.002,0.002,0.00425,106.783,87.8890965106336,214634731.77239802
0.00225,0.002,0.00425,120.052,88.0085772038668,214684158.93607384
0.0025,0.002,0.00425,109.048,88.10995917178316,214733597.48208594
0.00275,0.002,0.00425,97.5014,88.19825647993733,214758321.02428642
0.003,0.002,0.00425,99.1778,88.2744458652799,214783047.4130529
0.00325,0.002,0.00425,111.298,88.3405299013859,214807776.64871478
0.0035,0.002,0.00425,104.053,88.40055670430016,214832508.73159996
0.00375,0.002,0.00425,97.4288,88.45553223872022,214857243.66203442
0.004,0.002,0.00425,91.0701,88.50544703222802,214857243.66203442
0.00425,0.002,0.00425,102.051,88.5482535586162,214881981.44034693
0.0045,0.002,0.00425,95.3068,88.589040927265,214881981.44034693
0.00475,0.002,0.00425,111.605,88.62576562220293,214906722.06686535
0.005,0.002,0.00425,53.5265,88.78201549771377,214807776.64871478
0.00025,0.00225,0.00425,135.101,83.91217922531212,224181618.36100468
0.0005,0.00225,0.00425,28.6407,87.74350929678783,224517397.7897192
0.00075,0.00225,0.00425,28.4511,88.56966458510794,225034963.84425473
0.001,0.00225,0.00425,33.5975,88.06229510918163,226125739.42432225
0.00125,0.00225,0.00425,31.4434,88.72785856373588,226021628.64720663
0.0015,0.00225,0.00425,32.0563,88.86382442449798,226203853.97696197
0.00175,0.00225,0.00425,32.8259,88.9293258387237,226412291.40006626
0.002,0.00225,0.00425,103.494,87.76270490135695,227614539.31416473
0.00225,0.00225,0.00425,99.6875,87.8890965106336,227666955.53308964
0.0025,0.00225,0.00425,100.276,87.9964192094551,227719383.8226865
0.00275,0.00225,0.00425,110.249,88.08865927549421,227745602.49485436
0.003,0.00225,0.00425,39.3972,88.78712634844973,227247963.52708468
0.00325,0.00225,0.00425,101.583,88.2409144306059,227798048.89566752
0.0035,0.00225,0.00425,107.331,88.3049400446062,227824276.62500796
0.00375,0.00225,0.00425,95.8472,88.3618907001594,227850507.37410116
0.004,0.00225,0.00425,99.7503,88.41378843172397,227876741.1432948
0.00425,0.00225,0.00425,92.4336,88.46164274146486,227876741.1432948
0.0045,0.00225,0.00425,101.404,88.50340914246036,227902977.93293664
0.00475,0.00225,0.00425,98.7982,88.54417585473635,227902977.93293664
0.005,0.00225,0.00425,101.128,88.57986213158289,227929217.7433753
0.00025,0.0025,0.00425,32.3656,85.00510340543258,235071511.59382927
0.0005,0.0025,0.00425,135.402,85.37387620225034,238094849.06717077
0.00075,0.0025,0.00425,124.583,86.19161136748694,238863614.61535493
0.001,0.0025,0.00425,32.3656,88.08156045436687,238094849.06717077
0.00125,0.0025,0.00425,31.934,88.49322039745442,238231946.9358684
0.0015,0.0025,0.00425,32.5258,88.65025720969821,238451467.745295
0.00175,0.0025,0.00425,104.284,87.48326839292744,239772846.9963816
0.002,0.0025,0.00425,32.3656,89.03381852396011,238588770.9593031
0.00225,0.0025,0.00425,101.434,87.77685171814697,239910911.07640597
0.0025,0.0025,0.00425,122.504,87.8890965106336,239966158.96555915
0.00275,0.0025,0.00425,93.3296,87.9873018158788,240021419.57747367
0.003,0.0025,0.00425,146.089,88.07142027369031,240049054.65538195
0.00325,0.0025,0.00425,44.6977,88.48201413270576,239772846.9963816
0.0035,0.0025,0.00425,103.163,88.21348909448406,240104334.3569321
0.00375,0.0025,0.00425,93.7952,88.2744458652799,240131978.98130667
0.004,0.0025,0.00425,110.765,88.32832604918204,240159626.78857043
0.00425,0.0025,0.00425,98.0324,88.37816906119109,240159626.78857043
0.0045,0.0025,0.00425,88.0602,88.42498605567394,240187277.77908695
0.00475,0.0025,0.00425,103.284,88.4646981511278,240187277.77908695
0.005,0.0025,0.00425,129.117,88.50340914246036,240214931.9532256
0.00025,0.00275,0.00425,146.753,83.33165362357515,247001732.80466127
0.0005,0.00275,0.00425,31.9491,86.62335493353825,248399089.72132808
0.00075,0.00275,0.00425,30.2341,87.79504383340691,248885731.82823852
0.001,0.00275,0.00425,27.3617,89.01229529186917,248599356.4228227
0.00125,0.00275,0.00425,28.9203,88.96004624464541,249201125.81377804
0.0015,0.00275,0.00425,32.9389,88.45756902606874,250092115.37801155
0.00175,0.00275,0.00425,26.9943,89.94665145207105,248885731.82823852
0.002,0.00275,0.00425,108.149,87.52961132735575,251506955.44111314
0.00225,0.00275,0.00425,31.9491,89.12817213822144,250178509.0533244
0.0025,0.00275,0.00425,96.4532,87.787968673935,251622805.34776887
0.00275,0.00275,0.00425,121.084,87.8890965106336,251680750.31073928
0.003,0.00275,0.00425,96.331,87.97919825908578,251738708.61756563
0.00325,0.00275,0.00425,106.413,88.05722598188488,251767692.77588543
0.0035,0.00275,0.00425,71.0533,88.14242606060319,251767692.77588543
0.00375,0.00275,0.00425,102.389,88.19013349439642,251825671.1042592
0.004,0.00275,0.00425,104.882,88.24701010756544,251854665.27508163
0.00425,0.00275,0.00425,96.4379,88.29985694994623,251854665.27508163
0.0045,0.00275,0.00425,81.45,88.35171824712839,251883662.78417352
0.00475,0.00275,0.00425,92.421,88.39139743764954,251912663.63192022
0.005,0.00275,0.00425,105.012,88.43109444829011,251912663.63192022
0.00025,0.003,0.00425,148.413,83.06632558524258,257513499.04103142
0.0005,0.003,0.00425,131.623,84.95716271561216,260345454.7902394
0.00075,0.003,0.00425,28.5171,88.01465683098503,259447804.52484533
0.001,0.003,0.00425,143.251,86.38035807326862,261848445.50295934
0.00125,0.003,0.00425,26.7112,89.42727556254198,259567312.16980696
0.0015,0.003,0.00425,27.2164,89.55090929300306,259896242.1108662
0.00175,0.003,0.00425,27.2801,89.74804561417814,260015956.31652775
0.002,0.003,0.00425,27.0273,89.99637154548677,260015956.31652775
0.00225,0.003,0.00425,26.7031,90.23915086051571,259956092.32239285
0.0025,0.003,0.00425,31.5688,89.21440841466004,261246210.79013923
0.00275,0.003,0.00425,113.773,87.79605461702128,262814910.0268465
0.003,0.003,0.00425,106.433,87.8890965106336,262875432.36387494
0.00325,0.003,0.00425,99.351,87.97210825911864,262905698.75870788
0.0035,0.003,0.00425,39.3273,88.66760951239982,262331232.69166818
0.00375,0.003,0.00425,107.076,88.10995917178316,262966242.0030224
0.004,0.003,0.00425,101.842,88.16982930341918,262996518.85330436
0.00425,0.003,0.00425,92.46,88.22466135048299,263026799.18953815
0.0045,0.003,0.00425,92.2187,88.2744458652799,263057083.01212516
0.00475,0.003,0.00425,112.649,88.31917426641908,263057083.01212516
0.005,0.003,0.00425,79.0634,88.36799473415229,263087370.32146683
0.00025,0.00325,0.00425,141.524,82.81518950732925,267608559.31993333
0.0005,0.00325,0.00425,28.8192,86.86303508634539,268998587.7807265
0.00075,0.00325,0.00425,27.7385,88.05722598188488,269680782.71464247
0.001,0.00325,0.00425,29.2597,88.23177170464471,270551533.5753629
0.00125,0.00325,0.00425,115.537,86.62335493353825,272803539.0028608
0.0015,0.00325,0.00425,27.4551,89.36449386750881,270489243.9541862
0.00175,0.00325,0.00425,27.3041,89.63136286121065,270582683.7648823
0.002,0.00325,0.00425,26.8789,89.93733199305751,270520386.97193515
0.00225,0.00325,0.00425,26.5066,90.20279610399987,270458104.5217033
0.0025,0.00325,0.00425,112.798,87.59614624735492,273495383.49839324
0.00275,0.00325,0.00425,31.2188,89.29455966660336,271862934.2614273
0.003,0.00325,0.00425,135.7,87.80414130488471,273558365.3884786
0.00325,0.00325,0.00425,128.406,87.8890965106336,273621361.7823476
0.0035,0.00325,0.00425,98.8569,87.96603157105017,273652865.4192472
0.00375,0.00325,0.00425,48.9844,88.23888263185633,273495383.49839324
0.004,0.00325,0.00425,103.976,88.09575866874185,273715883.5750589
0.00425,0.00325,0.00425,97.0886,88.15257441659365,273747398.0948074
0.0045,0.00325,0.00425,108.3,88.20333372583582,273778916.2430079
0.00475,0.00325,0.00425,94.7029,88.25209016002907,273778916.2430079
0.005,0.00325,0.00425,100.917,88.2957906848896,273810438.0200782
0.00025,0.0035,0.00425,30.8947,84.22480225356301,276153149.07106775
0.0005,0.0035,0.00425,26.4037,87.35243184229822,278323578.72694725
0.00075,0.0035,0.00425,27.3931,87.99844542521379,279640454.93982035
0.001,0.0035,0.00425,29.9437,87.94375397242449,280801872.8116633
0.00125,0.0035,0.00425,27.3669,88.98053241074743,280414198.54536873
0.0015,0.0035,0.00425,30.8947,88.44840385231667,281514001.51333034
0.00175,0.0035,0.00425,27.146,89.57153152601443,280672588.5414676
0.002,0.0035,0.00425,26.6804,89.89902880520809,280607968.7295453
0.00225,0.0035,0.00425,26.264,90.18721997796524,280511066.9059951
0.0025,0.0035,0.00425,25.8868,90.44404970644044,280414198.54536873
0.00275,0.0035,0.00425,30.8947,89.26989007635328,282000578.9946889
0.003,0.0035,0.00425,115.902,87.72229798690167,283857255.8684126
0.00325,0.0035,0.00425,109.348,87.81020680958352,283889938.0240064
0.0035,0.0035,0.00425,108.659,87.8890965106336,283955313.6242972
0.00375,0.0035,0.00425,37.6497,88.71662258577982,283171799.06148857
0.004,0.0035,0.00425,100.381,88.02479047615252,284020704.2796083
0.00425,0.0035,0.00425,96.3812,88.08358863059772,284053405.25398034
0.0045,0.0035,0.00425,135.317,88.13633760780414,284086109.99340785
0.00475,0.0035,0.00425,98.407,88.18607228217536,284086109.99340785
0.005,0.0035,0.00425,100.482,88.23177170464471,284118818.49832445
0.00025,0.00375,0.00425,135.468,82.35216100745593,286417796.9906574
0.0005,0.00375,0.00425,34.1068,85.543103029014,289334352.339151
0.00075,0.00375,0.00425,149.381,85.37387620225034,291608379.85212344
0.001,0.00375,0.00425,30.5457,87.68897628801614,290669859.0298831
0.00125,0.00375,0.00425,27.5818,88.80041593732089,290235144.57046735
0.0015,0.00375,0.00425,27.5907,89.10457436461141,290469140.7381914
0.00175,0.00375,0.00425,30.5929,88.63699009310642,291440564.88067824
0.002,0.00375,0.00425,26.4585,89.87419221703537,290335405.55153227
0.00225,0.00375,0.00425,25.9687,90.19448850203872,290201731.9380225
0.0025,0.00375,0.00425,31.3835,88.97950799040699,291910690.3453921
0.00275,0.00375,0.00425,30.8422,89.19797602683371,291843483.16279334
0.003,0.00375,0.00425,30.5929,89.34906249864197,291843483.16279334
0.00325,0.00375,0.00425,108.064,87.73441810745067,293832614.86728066
0.0035,0.00375,0.00425,107.763,87.81627273328705,293866445.544635
0.00375,0.00375,0.00425,33.6086,89.09431641188552,292549930.9897075
0.004,0.00375,0.00425,46.9468,88.21450469565528,293663519.89168954
0.00425,0.00375,0.00425,96.3671,88.0166834666853,293967960.9492424
0.0045,0.00375,0.00425,100.939,88.07142027369031,294001807.2097861
0.00475,0.00375,0.00425,106.038,88.12213285340391,294035657.3672501
0.005,0.00375,0.00425,98.2492,88.16982930341918,294069511.422083
0.00025,0.004,0.00425,47.694,82.43943373328199,294204966.6240626
0.0005,0.004,0.00425,149.661,84.23256000178019,299467708.8962355
0.00075,0.004,0.00425,28.0549,87.5225575583545,298813352.4568446
0.001,0.004,0.00425,113.845,85.84203408875207,301751890.7307003
0.00125,0.004,0.00425,27.7308,88.64515423755641,299709148.6307039
0.0015,0.004,0.00425,27.4061,89.05022067007164,299847201.5797055
0.00175,0.004,0.00425,26.7581,89.48907107698454,299812682.38200176
0.002,0.004,0.00425,26.1889,89.86901879155891,299709148.6307039
0.00225,0.004,0.00425,29.3325,89.17127985170683,300849989.0356525
0.0025,0.004,0.00425,108.292,87.33835342839707,303179617.0085468
0.00275,0.004,0.00425,28.6009,89.60763186170274,300780723.74042124
0.003,0.004,0.00425,106.521,87.56690497990814,303354191.466951
0.00325,0.004,0.00425,30.3105,89.42315737913506,301335292.92930144
0.0035,0.004,0.00425,101.0,87.74552968901351,303458984.38887966
0.00375,0.004,0.00425,99.6749,87.82132798980062,303493923.40678316
0.004,0.004,0.00425,37.6838,88.64209259526876,302691342.8101305
0.00425,0.004,0.00425,106.851,87.9518542645278,303598764.5987495
0.0045,0.004,0.00425,104.458,88.0085772038668,303633719.71037084
0.00475,0.004,0.00425,102.189,88.06128126037797,303633719.71037084
0.005,0.004,0.00425,93.1778,88.11097358101519,303668678.8465786
0.00025,0.00425,0.00425,145.932,81.92849932318144,303913505.5274161
0.0005,0.00425,0.00425,123.431,84.06882935924264,308425302.95634097
0.00075,0.00425,0.00425,31.8975,86.56353830211687,308673964.56838566
0.001,0.00425,0.00425,28.6522,87.85874593377493,308709504.017632
0.00125,0.00425,0.00425,27.8291,88.50748496892041,308887262.6512746
0.0015,0.00425,0.00425,28.6522,88.61862351716243,309385531.54516584
0.00175,0.00425,0.00425,28.6522,88.87200946212413,309599321.3309174
0.002,0.00425,0.00425,25.8409,89.89592385637502,308709504.017632
0.00225,0.00425,0.00425,31.0591,88.73092316832637,310491703.4335621
0.0025,0.00425,0.00425,115.055,87.25694427701164,312464008.5806109
0.00275,0.00425,0.00425,29.7991,89.25344746936844,310348749.63885033
0.003,0.00425,0.00425,29.226,89.49113166271826,310241577.4872087
0.00325,0.00425,0.00425,98.1076,87.59009552892516,312715926.316719
0.0035,0.00425,0.00425,30.0452,89.49422263028288,310563205.02195174
0.00375,0.00425,0.00425,94.5663,87.75563234799007,312823953.22577417
0.004,0.00425,0.00425,33.237,89.08303402784719,311350810.06804115
0.00425,0.00425,0.00425,49.3178,88.08663098250877,312679925.63761055
0.0045,0.00425,0.00425,101.673,87.94780402521813,312932017.45244485
0.00475,0.00425,0.00425,104.725,88.00249799669982,312968047.15636677
0.005,0.00425,0.00425,92.0196,88.05317089014004,313004081.0086004
0.00025,0.0045,0.00425,133.687,81.72971791853857,312212293.78442496
0.0005,0.0045,0.00425,29.7949,85.7857198709099,315464141.0952515
0.00075,0.0045,0.00425,119.663,84.95716271561216,318823261.3411542
0.001,0.0045,0.00425,25.6284,88.63392873279338,316482718.20564127
0.00125,0.0045,0.00425,118.988,86.04685469216763,320294882.65137815
0.0015,0.0045,0.00425,27.0237,88.96107044092292,317760565.7161291
0.00175,0.0045,0.00425,120.195,86.64230548248584,320959326.4858386
0.002,0.0045,0.00425,114.275,86.85403512378748,321144138.7141259
0.00225,0.0045,0.00425,30.5933,88.73807432401419,319337558.0862233
0.0025,0.0045,0.00425,29.8892,89.03176846812927,319264036.3609602
0.00275,0.0045,0.00425,29.7949,89.18051993109707,319300795.10746706
0.003,0.0045,0.00425,28.7706,89.5271995945612,319080306.0951421
0.00325,0.0045,0.00425,30.4553,89.25550262960567,319595017.48147595
0.0035,0.0045,0.00425,29.7949,89.48082920850047,319484652.333502
0.00375,0.0045,0.00425,101.766,87.68998585047578,321847396.2272619
0.004,0.0045,0.00425,101.302,87.76270490135695,321884452.4111849
0.00425,0.0045,0.00425,39.1589,88.4646981511278,321144138.7141259
0.0045,0.0045,0.00425,110.611,87.8890965106336,321958577.5790114
0.00475,0.0045,0.00425,96.5728,87.9457789755074,321995646.56389874
0.005,0.0045,0.00425,91.0943,87.99743231150256,322032719.81675375
0.00025,0.00475,0.00425,150.408,81.53986723708145,320258009.46290386
0.0005,0.00475,0.00425,44.1484,84.11820564017623,325199597.9526712
0.00075,0.00475,0.00425,116.267,84.8271742323194,327416076.5375754
0.001,0.00475,0.00425,25.8364,88.44738555829746,325124726.598236
0.00125,0.00475,0.00425,28.8706,88.02985773625772,326663040.4580694
0.0015,0.00475,0.00425,26.8408,88.92113552230728,326324739.5045254
0.00175,0.00475,0.00425,25.9381,89.47670855891376,326136945.9408796
0.002,0.00475,0.00425,29.5582,88.6951760333362,327604606.6399548
0.00225,0.00475,0.00425,105.192,86.95008281906851,330027401.53245753
0.0025,0.00475,0.00425,30.254,88.8801952536549,328057521.9208953
0.00275,0.00475,0.00425,28.8278,89.32951992330462,327717776.8051715
0.003,0.00475,0.00425,30.4551,89.08611089997548,328246421.3752182
0.00325,0.00475,0.00425,30.1041,89.25961309204828,328208632.78471047
0.0035,0.00475,0.00425,110.025,87.54573636273986,330521716.86997974
0.00375,0.00475,0.00425,29.5582,89.54987830599386,328170848.5445259
0.004,0.00475,0.00425,94.2339,87.70311122019997,330635894.743391
0.00425,0.00475,0.00425,34.5566,88.8505253461135,329344185.14316416
0.0045,0.00475,0.00425,63.7805,87.86886162800371,330673962.7988459
0.00475,0.00475,0.00425,112.771,87.8890965106336,330788193.2652186
0.005,0.00475,0.00425,99.5474,87.94274148836827,330788193.2652186
0.00025,0.005,0.00425,146.21,81.35607724606547,328057521.9208953
0.0005,0.005,0.00425,128.359,83.61226724529278,333618403.6892743
0.00075,0.005,0.00425,29.3336,86.67922108153847,333733651.30514765
0.001,0.005,0.00425,141.613,85.37387620225034,336705336.7716947
0.00125,0.005,0.00425,27.6793,88.23583502145041,334657066.61967945
0.0015,0.005,0.00425,26.6689,88.8801952536549,334657066.61967945
0.00175,0.005,0.00425,100.357,86.46592662115938,338103759.5991647
0.002,0.005,0.00425,24.5551,90.11767944633401,334002717.2570383
0.00225,0.005,0.00425,29.7385,88.7585093733078,336240482.34218884
0.0025,0.005,0.00425,114.479,87.0302036962456,338688148.5634765
0.00275,0.005,0.00425,115.322,87.16557512269966,338805147.50962377
0.003,0.005,0.00425,30.0939,89.09329068156585,336627816.42798
0.00325,0.005,0.00425,100.823,87.39065612048607,339039266.66683143
0.0035,0.005,0.00425,29.4984,89.41903938537303,336589062.9492527
0.00375,0.005,0.00425,132.926,87.56690497990814,339156386.905822
0.004,0.005,0.00425,107.111,87.64254897711446,339195435.97565806
0.00425,0.005,0.00425,31.5411,89.24214493390215,337287308.65886927
0.0045,0.005,0.00425,42.6637,88.20130279240398,338766143.3708227
0.00475,0.005,0.00425,121.511,87.83447301871533,339312610.16293156
0.005,0.005,0.00425,150.63,87.8890965106336,339351677.2196702
0.00025,0.00025,0.00475,123.381,87.8890965106336,75962631.29545528
0.0005,0.00025,0.00475,120.329,88.50340914246036,76041381.77768956
0.00075,0.00025,0.00475,119.248,88.77690494117356,76058892.96887575
0.001,0.00025,0.00475,124.74,88.94058875558919,76076408.19262695
0.00125,0.00025,0.00475,110.119,89.05227115078497,76085167.31700478
0.0015,0.00025,0.00475,114.162,89.13432910688908,76085167.31700478
0.00175,0.00025,0.00475,115.83,89.1990029623948,76093927.44987197
0.002,0.00025,0.00475,109.169,89.25036481773961,76093927.44987197
0.00225,0.00025,0.00475,114.219,89.2935316309113,76093927.44987197
0.0025,0.00025,0.00475,88.7899,89.33157683519495,76102688.59134464
0.00275,0.00025,0.00475,114.055,89.36037857523917,76102688.59134464
0.003,0.00025,0.00475,105.658,89.38816047621093,76102688.59134464
0.00325,0.00025,0.00475,108.726,89.41183335259669,76102688.59134464
0.0035,0.00025,0.00475,121.414,89.43345319325584,76102688.59134464
0.00375,0.00025,0.00475,107.096,89.4530185060238,76102688.59134464
0.004,0.00025,0.00475,103.841,89.46949787873831,76102688.59134464
0.00425,0.00025,0.00475,73.3969,89.49731370460762,76102688.59134464
0.0045,0.00025,0.00475,64.1565,89.53544573411233,76102688.59134464
0.00475,0.00025,0.00475,59.3765,89.57462527053994,76102688.59134464
0.005,0.00025,0.00475,56.0769,89.61588540968057,76102688.59134464
0.00025,0.0005,0.00475,126.023,87.0302036962456,107201287.17525944
0.0005,0.0005,0.00475,129.014,87.8890965106336,107423673.60154322
0.00075,0.0005,0.00475,113.328,88.27342957401449,107497904.88200814
0.001,0.0005,0.00475,106.415,88.50340914246036,107535039.75560078
0.00125,0.0005,0.00475,113.828,88.66046403527608,107559803.46447067
0.0015,0.0005,0.00475,130.185,88.77690494117356,107572187.4573396
0.00175,0.0005,0.00475,120.924,88.86791684907733,107584572.8760509
0.002,0.0005,0.00475,114.753,88.94058875558919,107584572.8760509
0.00225,0.0005,0.00475,125.384,89.00102329450668,107596959.72076875
0.0025,0.0005,0.00475,109.254,89.05227115078497,107596959.72076875
0.00275,0.0005,0.00475,118.957,89.09636790795251,107609347.99165647
0.003,0.0005,0.00475,126.918,89.13432910688908,107609347.99165647
0.00325,0.0005,0.00475,117.367,89.16820003799792,107609347.99165647
0.0035,0.0005,0.00475,99.4368,89.1990029623948,107609347.99165647
0.00375,0.0005,0.00475,96.035,89.2267346921233,107609347.99165647
0.004,0.0005,0.00475,101.451,89.25036481773961,107621737.68887867
0.00425,0.0005,0.00475,107.061,89.2729734023723,107621737.68887867
0.0045,0.0005,0.00475,108.476,89.2935316309113,107621737.68887867
0.00475,0.0005,0.00475,114.361,89.31203808435095,107621737.68887867
0.005,0.0005,0.00475,110.769,89.32951992330462,107621737.68887867
0.00025,0.00075,0.00475,37.3102,87.16958933820766,130707347.07217048
0.0005,0.00075,0.00475,37.6268,88.17998081450622,131069004.2366076
0.00075,0.00075,0.00475,134.174,87.8890965106336,131567917.32135212
0.001,0.00075,0.00475,103.608,88.16982930341918,131628520.53971575
0.00125,0.00075,0.00475,134.304,88.3618907001594,131673991.27216151
0.0015,0.00075,0.00475,109.631,88.50340914246036,131704313.81998418
0.00175,0.00075,0.00475,99.6443,88.61454257270096,131719477.71235545
0.002,0.00075,0.00475,105.62,88.70334553715612,131734643.35063486
0.00225,0.00075,0.00475,69.1117,88.7973489325767,131734643.35063486
0.0025,0.00075,0.00475,98.8226,88.84029664017812,131749810.7350234
0.00275,0.00075,0.00475,89.5735,88.89554564502511,131764979.86572212
0.003,0.00075,0.00475,116.024,88.94058875558919,131764979.86572212
0.00325,0.00075,0.00475,105.251,88.98258128681087,131764979.86572212
0.0035,0.00075,0.00475,102.964,89.01946912438471,131780150.7429321
0.00375,0.00075,0.00475,110.705,89.05227115078497,131780150.7429321
0.004,0.00075,0.00475,102.602,89.08200842742012,131780150.7429321
0.00425,0.00075,0.00475,102.622,89.10970378386277,131780150.7429321
0.0045,0.00075,0.00475,95.72,89.13535530968372,131780150.7429321
0.00475,0.00075,0.00475,86.2861,89.15998772146784,131795323.3668544
0.005,0.00075,0.00475,94.159,89.17949320832842,131795323.3668544
0.00025,0.001,0.00475,141.98,85.84203408875207,151025401.8575007
0.0005,0.001,0.00475,68.4138,87.05224987756804,151600278.80536708
0.00075,0.001,0.00475,138.149,87.56690497990814,151809867.07572144
0.001,0.001,0.00475,37.0126,88.70334553715612,151443277.51496866
0.00125,0.001,0.00475,116.015,88.10995917178316,151984745.2928476
0.0015,0.001,0.00475,103.845,88.27342957401449,152019745.10308295
0.00175,0.001,0.00475,105.652,88.40055670430016,152054752.97324908
0.002,0.001,0.00475,101.66,88.50340914246036,152072259.9313876
0.00225,0.001,0.00475,103.139,88.589040927265,152089768.90520456
0.0025,0.001,0.00475,104.778,88.66148478246615,152107279.8949327
0.00275,0.001,0.00475,94.3841,88.72377258893042,152124792.90080404
0.003,0.001,0.00475,102.649,88.77690494117356,152124792.90080404
0.00325,0.001,0.00475,108.513,88.82495578914929,152142307.9230508
0.0035,0.001,0.00475,119.407,88.86791684907733,152142307.9230508
0.00375,0.001,0.00475,98.0638,88.90680428362228,152142307.9230508
0.004,0.001,0.00475,143.649,88.94058875558919,152159824.9619051
0.00425,0.001,0.00475,118.482,88.97233737824862,152159824.9619051
0.0045,0.001,0.00475,111.41,89.00102329450668,152159824.9619051
0.00475,0.001,0.00475,113.889,89.02766849807772,152159824.9619051
0.005,0.001,0.00475,97.5598,89.05227115078497,152177344.0175991
0.00025,0.00125,0.00475,31.1041,86.98712955249823,167687233.57485956
0.0005,0.00125,0.00475,119.077,86.68820292956858,169336274.18782172
0.00075,0.00125,0.00475,31.8359,88.76361887088353,168694141.3287315
0.001,0.00125,0.00475,123.005,87.64254897711446,169765720.11663637
0.00125,0.00125,0.00475,103.428,87.8890965106336,169843918.12429926
0.0015,0.00125,0.00475,107.097,88.07142027369031,169902590.26713726
0.00175,0.00125,0.00475,144.618,88.21348909448406,169941716.28867504
0.002,0.00125,0.00475,108.985,88.32832604918204,169980851.32034945
0.00225,0.00125,0.00475,103.209,88.4229500185674,170000422.21563703
0.0025,0.00125,0.00475,111.175,88.50340914246036,170019995.36423618
0.00275,0.00125,0.00475,122.088,88.57272372577754,170039570.7664064
0.003,0.00125,0.00475,94.8901,88.63392873279338,170059148.4224085
0.00325,0.00125,0.00475,120.118,88.68700728192067,170059148.4224085
0.0035,0.00125,0.00475,56.8304,88.81677508512696,170019995.36423618
0.00375,0.00125,0.00475,94.8149,88.77792702894672,170078728.33250195
0.004,0.00125,0.00475,118.982,88.81575255010156,170078728.33250195
0.00425,0.00125,0.00475,102.675,88.85154828147786,170098310.49694496
0.0045,0.00125,0.00475,110.312,88.88326511985908,170098310.49694496
0.00475,0.00125,0.00475,98.212,88.91396961422438,170098310.49694496
0.005,0.00125,0.00475,92.4736,88.9416127278528,170117894.91599777
0.00025,0.0015,0.00475,34.935,85.99436620333978,183717277.07755864
0.0005,0.0015,0.00475,32.9767,87.67989074889643,184522784.66575745
0.00075,0.0015,0.00475,32.2162,88.44636727600165,184756616.3766028
0.001,0.0015,0.00475,34.6045,88.4962768977897,185139889.42052722
0.00125,0.0015,0.00475,107.312,87.68998585047578,185994456.32225716
0.0015,0.0015,0.00475,123.558,87.8890965106336,186058707.62680233
0.00175,0.0015,0.00475,98.7173,88.04506126686046,186122981.12679395
0.002,0.0015,0.00475,105.628,88.16982930341918,186144410.5604379
0.00225,0.0015,0.00475,99.0215,88.2744458652799,186187276.82990012
0.0025,0.0015,0.00475,99.4884,88.3618907001594,186208713.66628656
0.00275,0.0015,0.00475,127.28,88.43720326287368,186230152.97082284
0.003,0.0015,0.00475,106.137,88.50340914246036,186251594.74379086
0.00325,0.0015,0.00475,115.165,88.56150739319163,186273038.98547706
0.0035,0.0015,0.00475,107.424,88.61454257270096,186273038.98547706
0.00375,0.0015,0.00475,106.168,88.66148478246615,186294485.69616497
0.004,0.0015,0.00475,48.9058,88.90987506888567,186144410.5604379
0.00425,0.0015,0.00475,145.41,88.74113928145056,186294485.69616497
0.0045,0.0015,0.00475,123.934,88.77690494117356,186315934.87613958
0.00475,0.0015,0.00475,109.71,88.80961758716278,186315934.87613958
0.005,0.0015,0.00475,94.5376,88.84029664017812,186315934.87613958
0.00025,0.00175,0.00475,33.4929,85.80349931586602,197970281.2179081
0.0005,0.00175,0.00475,33.9612,87.26096270032158,199204892.24687967
0.00075,0.00175,0.00475,32.0491,88.24294627613986,199411408.017336
0.001,0.00175,0.00475,29.5645,89.1415127745645,199227827.8779031
0.00125,0.00175,0.00475,33.9318,88.66965118306429,199940143.74310902
0.0015,0.00175,0.00475,106.354,87.72229798690167,200909281.2608732
0.00175,0.00175,0.00475,111.718,87.8890965106336,200978684.85316935
0.002,0.00175,0.00475,105.703,88.02377705913445,201024967.2337968
0.00225,0.00175,0.00475,139.117,88.13633760780414,201071260.27256244
0.0025,0.00175,0.00475,115.237,88.2307559046808,201094410.78951433
0.00275,0.00175,0.00475,107.852,88.31307360470812,201117563.97192144
0.003,0.00175,0.00475,114.658,88.38427421969216,201140719.82009065
0.00325,0.00175,0.00475,117.271,88.44738555829746,201163878.33432883
0.0035,0.00175,0.00475,98.3632,88.5044280814787,201187039.514943
0.00375,0.00175,0.00475,99.0062,88.55437046654392,201187039.514943
0.004,0.00175,0.00475,106.347,88.6002607469785,201210203.36224097
0.00425,0.00175,0.00475,95.5013,88.64209259526876,201210203.36224097
0.0045,0.00175,0.00475,108.993,88.6798602415844,201233369.87652808
0.00475,0.00175,0.00475,110.127,88.71457983357132,201233369.87652808
0.005,0.00175,0.00475,114.306,88.74726951391219,201233369.87652808
0.00025,0.002,0.00475,132.66,84.23256000178019,211982495.28064469
0.0005,0.002,0.00475,28.7408,87.95995530272991,212080139.309009
0.00075,0.002,0.00475,30.0701,88.39750350996614,212764908.02699524
0.001,0.002,0.00475,34.1846,88.1596789610008,213550208.6047436
0.00125,0.002,0.00475,31.2118,88.92830200791735,213329050.31545812
0.0015,0.002,0.00475,33.3488,88.8085951345406,213697774.82452467
0.00175,0.002,0.00475,146.616,87.74451948708555,214783047.4130529
0.002,0.002,0.00475,135.135,87.8890965106336,214857243.66203442
0.00225,0.002,0.00475,98.4472,88.00959044588907,214906722.06686535
0.0025,0.002,0.00475,109.653,88.10995917178316,214931465.54191768
0.00275,0.002,0.00475,103.035,88.19724106582959,214980961.03893578
0.003,0.002,0.00475,41.4667,88.76055313704298,214585315.98843706
0.00325,0.002,0.00475,102.761,88.3405299013859,215030467.93402544
0.0035,0.002,0.00475,104.918,88.40055670430016,215030467.93402544
0.00375,0.002,0.00475,113.465,88.45451386263281,215055225.65666822
0.004,0.002,0.00475,86.0094,88.5064659947086,215079986.22981146
0.00425,0.002,0.00475,108.884,88.5482535586162,215079986.22981146
0.0045,0.002,0.00475,107.509,88.589040927265,215104749.65378603
0.00475,0.002,0.00475,95.1933,88.62678596991046,215104749.65378603
0.005,0.002,0.00475,51.7311,88.80961758716278,214980961.03893578
0.00025,0.00225,0.00475,131.573,83.91217922531212,224414027.51077804
0.0005,0.00225,0.00475,29.6378,87.51046670540026,224931355.27221134
0.00075,0.00225,0.00475,28.1644,88.6431131309485,225190466.1926244
0.001,0.00225,0.00475,33.5952,88.06330896965771,226360164.0449754
0.00125,0.00225,0.00475,31.429,88.73092316832637,226229898.15726393
0.0015,0.00225,0.00475,32.8344,88.74011761720955,226542662.3119928
0.00175,0.00225,0.00475,32.8344,88.92830200791735,226620920.8895672
0.002,0.00225,0.00475,123.016,87.76270490135695,227824276.62500796
0.00225,0.00225,0.00475,108.382,87.8890965106336,227876741.1432948
0.0025,0.00225,0.00475,104.028,87.9964192094551,227929217.7433753
0.00275,0.00225,0.00475,102.63,88.08865927549421,227955460.57495674
0.003,0.00225,0.00475,96.0379,88.16982930341918,228007955.30294132
0.00325,0.00225,0.00475,44.3752,88.589040927265,227719383.8226865
0.0035,0.00225,0.00475,121.952,88.30392340226558,228060462.11967728
0.00375,0.00225,0.00475,102.66,88.3618907001594,228060462.11967728
0.004,0.00225,0.00475,108.726,88.41378843172397,228086720.06219578
0.00425,0.00225,0.00475,98.8549,88.46062429502817,228112981.02794567
0.0045,0.00225,0.00475,103.652,88.50340914246036,228112981.02794567
0.00475,0.00225,0.00475,86.4833,88.5462146832031,228112981.02794567
0.005,0.00225,0.00475,103.078,88.57986213158289,228139245.01727504
0.00025,0.0025,0.00475,138.504,83.61226724529278,236129365.42895108
0.0005,0.0025,0.00475,39.6435,86.02902482125508,236973618.43832144
0.00075,0.0025,0.00475,33.3322,87.43896332832345,238122262.3276836
0.001,0.0025,0.00475,32.8444,88.00655075481804,238396568.5865336
0.00125,0.0025,0.00475,31.9033,88.49933350369473,238451467.745295
0.0015,0.0025,0.00475,32.4775,88.65842257615107,238671190.83399767
0.00175,0.0025,0.00475,32.3741,88.87303264483494,238753639.18042406
0.002,0.0025,0.00475,32.3741,89.03279349014412,238836116.00841883
0.00225,0.0025,0.00475,107.557,87.77685171814697,240159626.78857043
0.0025,0.0025,0.00475,96.989,87.89010837707565,240214931.9532256
0.00275,0.0025,0.00475,105.012,87.98628883046239,240242589.311352
0.003,0.0025,0.00475,122.395,88.07142027369031,240297913.58103544
0.00325,0.0025,0.00475,99.6271,88.14648526279522,240325580.49332476
0.0035,0.0025,0.00475,51.0825,88.37409918981146,240187277.77908695
0.00375,0.0025,0.00475,111.262,88.27342957401449,240380923.87463325
0.004,0.0025,0.00475,124.659,88.32832604918204,240380923.87463325
0.00425,0.0025,0.00475,92.4241,88.37918655832136,240408600.34438598
0.0045,0.0025,0.00475,93.081,88.42396803126047,240408600.34438598
0.00475,0.0025,0.00475,92.7192,88.46571664446677,240436280.00069347
0.005,0.0025,0.00475,107.509,88.50340914246036,240463962.84392262
0.00025,0.00275,0.00475,148.043,83.33165362357515,247229334.6062341
0.0005,0.00275,0.00475,31.9576,86.62235765105024,248627979.1290578
0.00075,0.00275,0.00475,129.461,86.01218889111063,250610925.30321088
0.001,0.00275,0.00475,31.9576,87.99135387417091,249804351.87141526
0.00125,0.00275,0.00475,32.3645,88.28156023176112,250092115.37801155
0.0015,0.00275,0.00475,32.8888,88.4646981511278,250322564.83831742
0.00175,0.00275,0.00475,26.9576,89.9580432134285,249143751.73971942
0.002,0.00275,0.00475,31.9577,88.9877036833741,250351385.94767377
0.00225,0.00275,0.00475,31.9577,89.12714601812561,250409038.1218001
0.0025,0.00275,0.00475,101.766,87.787968673935,251883662.78417352
0.00275,0.00275,0.00475,108.137,87.8890965106336,251941667.81870407
0.003,0.00275,0.00475,100.312,87.97818536696447,251970675.34490955
0.00325,0.00275,0.00475,96.3704,88.05722598188488,251999686.21092317
0.0035,0.00275,0.00475,36.7899,88.96107044092292,251217563.9770052
0.00375,0.00275,0.00475,102.178,88.19013349439642,252057717.96391097
0.004,0.00275,0.00475,95.1439,88.24802609466377,252086738.85165334
0.00425,0.00275,0.00475,111.736,88.29884036612657,252115763.0807412
0.0045,0.00275,0.00475,90.6121,88.3476495938258,252144790.6515593
0.00475,0.00275,0.00475,109.146,88.39037979993715,252144790.6515593
0.005,0.00275,0.00475,96.4366,88.43109444829011,252173821.56449234
0.00025,0.003,0.00475,31.5773,84.59018991435238,256832512.30038702
0.0005,0.003,0.00475,28.5104,87.13246489743119,258851091.13305983
0.00075,0.003,0.00475,28.4869,88.02276365378366,259686874.86274722
0.001,0.003,0.00475,28.5383,88.5482535586162,260105778.1570602
0.00125,0.003,0.00475,28.4717,88.93546907110117,260345454.7902394
0.0015,0.003,0.00475,27.1696,89.56534435751668,260135725.6653135
0.00175,0.003,0.00475,27.2533,89.75631209533613,260255550.18262473
0.002,0.003,0.00475,27.1947,89.94665145207105,260315483.13741815
0.00225,0.003,0.00475,31.5773,89.09021356146103,261456835.22105646
0.0025,0.003,0.00475,31.5773,89.21338130173815,261517044.81379998
0.00275,0.003,0.00475,100.232,87.79706541227277,263087370.32146683
0.003,0.003,0.00475,100.448,87.89010837707565,263117661.1179646
0.00325,0.003,0.00475,118.107,87.9710954486235,263178253.17403436
0.0035,0.003,0.00475,103.265,88.04506126686046,263208554.43441057
0.00375,0.003,0.00475,40.6162,88.64719539116311,262693907.15211794
0.004,0.003,0.00475,99.0611,88.16982930341918,263269167.42184854
0.00425,0.003,0.00475,103.837,88.22364563237969,263299479.14971584
0.0045,0.003,0.00475,103.705,88.27342957401449,263299479.14971584
0.00475,0.003,0.00475,118.893,88.31917426641908,263329794.36755174
0.005,0.003,0.00475,84.4703,88.36494266444944,263329794.36755174
0.00025,0.00325,0.00475,136.995,82.81518950732925,267855149.45323288
0.0005,0.00325,0.00475,31.7298,86.26507415880033,269773943.2444926
0.00075,0.00325,0.00475,27.6127,88.09170180254206,269929282.31542957
0.001,0.00325,0.00475,118.588,86.23727006619877,272646545.8529001
0.00125,0.00325,0.00475,27.0187,89.2051648240515,270458104.5217033
0.0015,0.00325,0.00475,27.4468,89.36758046108343,270769660.233049
0.00175,0.00325,0.00475,27.4766,89.58184442332357,270894382.9859783
0.002,0.00325,0.00475,27.0789,89.8783311718425,270863196.9128255
0.00225,0.00325,0.00475,26.6833,90.14777249538008,270769660.233049
0.0025,0.00325,0.00475,92.1761,87.59816324638189,273747398.0948074
0.00275,0.00325,0.00475,31.2274,89.2935316309113,272113444.62391007
0.003,0.00325,0.00475,118.049,87.80414130488471,273841963.4264361
0.00325,0.00325,0.00475,95.8275,87.89010837707565,273873492.46249956
0.0035,0.00325,0.00475,102.752,87.96501883051509,273936561.42541444
0.00375,0.00325,0.00475,35.7673,88.97233737824862,272960622.55135834
0.004,0.00325,0.00475,48.4993,88.31205686872697,273778916.2430079
0.00425,0.00325,0.00475,103.686,88.15155952841707,273999644.91216683
0.0045,0.00325,0.00475,109.764,88.20333372583582,274031192.1030272
0.00475,0.00325,0.00475,113.179,88.25107412614175,274062742.9261024
0.005,0.00325,0.00475,93.6721,88.2957906848896,274062742.9261024
0.00025,0.0035,0.00475,148.473,82.5771709318692,277523650.8137277
0.0005,0.0035,0.00475,31.8461,86.0597341192822,279769263.7854649
0.00075,0.0035,0.00475,27.3294,88.0166834666853,279898131.9634357
0.001,0.0035,0.00475,30.0031,87.93160493305464,281060620.03344005
0.00125,0.0035,0.00475,115.271,86.49977942251563,283204402.2964093
0.0015,0.0035,0.00475,27.6175,89.20619184237714,280963561.896664
0.00175,0.0035,0.00475,27.3769,89.50555709143971,281028263.5963663
0.002,0.0035,0.00475,26.8792,89.8390187958257,280963561.896664
0.00225,0.0035,0.00475,26.4336,90.1322058707656,280866537.2767912
0.0025,0.0035,0.00475,26.082,90.37847312814017,280769546.16225076
0.00275,0.0035,0.00475,30.9032,89.26886232467884,282260430.7742492
0.003,0.0035,0.00475,30.9032,89.36758046108343,282325431.1234279
0.00325,0.0035,0.00475,100.059,87.81121776776916,284184246.8063589
0.0035,0.0035,0.00475,97.8115,87.89010837707565,284216966.610344
0.00375,0.0035,0.00475,114.062,87.95995530272991,284249690.1815538
0.004,0.0035,0.00475,37.3831,88.80348304799757,283432730.0715243
0.00425,0.0035,0.00475,119.81,88.08257453664469,284315148.6273753
0.0045,0.0035,0.00475,106.716,88.13633760780414,284347883.5028571
0.00475,0.0035,0.00475,88.4529,88.18708756769699,284380622.1472988
0.005,0.0035,0.00475,111.584,88.2307559046808,284413364.561132
0.00025,0.00375,0.00475,133.904,82.35216100745593,286714726.405145
0.0005,0.00375,0.00475,28.5359,86.57051478018317,288702137.9435212
0.00075,0.00375,0.00475,118.685,85.37387620225034,291877084.81971395
0.001,0.00375,0.00475,30.6592,87.6667688542744,290971196.55833775
0.00125,0.00375,0.00475,117.395,86.38035807326862,293021845.98312706
0.0015,0.00375,0.00475,114.046,86.68820292956858,293325621.81715
0.00175,0.00375,0.00475,27.1902,89.45713806461809,290770270.181934
0.002,0.00375,0.00475,26.6463,89.81523281686941,290669859.0298831
0.00225,0.00375,0.00475,26.1924,90.11975450647704,290602937.52636325
0.0025,0.00375,0.00475,31.5492,88.94980493037644,292213314.24403703
0.00275,0.00375,0.00475,30.9654,89.17435977179052,292179673.87950164
0.003,0.00375,0.00475,30.6014,89.34803383546658,292146037.38773346
0.00325,0.00375,0.00475,107.976,87.7354281930816,294103369.3747312
0.0035,0.00375,0.00475,101.956,87.81627273328705,294137231.2256446
0.00375,0.00375,0.00475,112.229,87.8890965106336,294204966.6240626
0.004,0.00375,0.00475,32.5392,89.31820775446688,292684686.2378789
0.00425,0.00375,0.00475,43.6194,88.3964858019553,293832614.86728066
0.0045,0.00375,0.00475,119.551,88.07142027369031,294306598.9699013
0.00475,0.00375,0.00475,99.2965,88.12314740279149,294306598.9699013
0.005,0.00375,0.00475,97.9051,88.16982930341918,294340484.2198335
0.00025,0.004,0.00475,138.872,82.13532879500775,295596984.9504585
0.0005,0.004,0.00475,125.607,84.23256000178019,299778167.15823877
0.00075,0.004,0.00475,26.9187,87.84357457591226,298778952.2785684
0.001,0.004,0.00475,30.319,87.60724031675906,300296312.9867151
0.00125,0.004,0.00475,27.6679,88.66250554140797,299985318.11907935
0.0015,0.004,0.00475,27.6743,88.97541042698396,300227175.1654313
0.00175,0.004,0.00475,123.063,86.82904012021241,303074920.56003046
0.002,0.004,0.00475,26.4102,89.79662209585187,300088947.2724124
0.00225,0.004,0.00475,25.6337,90.22252972553973,299847201.5797055
0.0025,0.004,0.00475,30.9798,88.9713130522564,301612960.84186924
0.00275,0.004,0.00475,30.3822,89.20927296829915,301543519.8861128
0.003,0.004,0.00475,29.8312,89.43036432455693,301474094.9178867
0.00325,0.004,0.00475,30.319,89.42212786291569,301647687.3162217
0.0035,0.004,0.00475,93.5411,87.74653990257201,303773580.40736145
0.00375,0.004,0.00475,111.254,87.8203169152174,303808555.64655393
0.004,0.004,0.00475,106.265,87.8890965106336,303843534.9126514
0.00425,0.004,0.00475,36.1679,88.8484795107155,302830769.4265775
0.0045,0.004,0.00475,96.4222,88.00959044588907,303913505.5274161
0.00475,0.004,0.00475,104.207,88.06128126037797,303948496.87701195
0.005,0.004,0.00475,114.273,88.10995917178316,303983492.25536644
0.00025,0.00425,0.00475,127.656,81.92849932318144,304193549.1554313
0.0005,0.00425,0.00475,28.6493,86.20848241758723,306902198.8391158
0.00075,0.00425,0.00475,31.587,86.61737141083098,308922826.65878516
0.001,0.00425,0.00475,25.5993,88.76259694783813,307964034.15023935
0.00125,0.00425,0.00475,112.44,86.15490343532917,311709472.35801286
0.0015,0.00425,0.00475,27.4828,88.92727818889814,309314301.0948957
0.00175,0.00425,0.00475,26.7718,89.39021873836545,309243087.04415727
0.002,0.00425,0.00475,30.0537,88.7585093733078,310420218.3071237
0.00225,0.00425,0.00475,25.1568,90.30878512721402,308780595.1921946
0.0025,0.00425,0.00475,30.0537,89.07482955503532,310634723.0760887
0.00275,0.00425,0.00475,29.8351,89.24625478118597,310670488.2789958
0.003,0.00425,0.00475,29.2722,89.48082920850047,310563205.02195174
0.00325,0.00425,0.00475,103.971,87.59009552892516,313004081.0086004
0.0035,0.00425,0.00475,30.0537,89.49216197337776,310885165.988056
0.00375,0.00425,0.00475,123.399,87.75462202975163,313112207.4599484
0.004,0.00425,0.00475,103.1,87.82537240453951,313148257.91020584
0.00425,0.00425,0.00475,32.1416,89.31615115040745,311458365.4012129
0.0045,0.00425,0.00475,42.464,88.38223911999945,312715926.316719
0.00475,0.00425,0.00475,121.997,88.00249799669982,313256434.1670934
0.005,0.00425,0.00475,96.9323,88.05317089014004,313292501.22301996
0.00025,0.0045,0.00475,146.206,81.72971791853857,312535964.36133367
0.0005,0.0045,0.00475,123.405,83.91217922531212,317358401.5166661
0.00075,0.0045,0.00475,150.181,84.95716271561216,319153785.5100771
0.001,0.0045,0.00475,25.9614,88.5197135745536,316920257.4109004
0.00125,0.0045,0.00475,27.8246,88.40055670430016,318053368.83295304
0.0015,0.0045,0.00475,29.5296,88.31409035239497,318859969.338639
0.00175,0.0045,0.00475,26.5621,89.36243619768446,318089988.1881833
0.002,0.0045,0.00475,25.6249,89.88453996145024,317833741.21462214
0.00225,0.0045,0.00475,29.8035,88.90066303126974,319447872.42086947
0.0025,0.0045,0.00475,28.751,89.29147559503407,319227281.84621817
0.00275,0.0045,0.00475,29.3652,89.27605683488741,319484652.333502
0.003,0.0045,0.00475,30.8217,89.08405964008209,319963176.73183537
0.00325,0.0045,0.00475,30.4619,89.25344746936844,319926341.7302168
0.0035,0.0045,0.00475,29.8035,89.47876885998674,319779044.12428266
0.00375,0.0045,0.00475,29.8035,89.55812653442766,319815862.16666144
0.004,0.0045,0.00475,109.858,87.76270490135695,322181055.5177118
0.00425,0.0045,0.00475,96.4306,87.82941700553485,322218150.1177916
0.0045,0.0045,0.00475,36.1081,88.79223749339837,321181113.92787594
0.00475,0.0045,0.00475,106.978,87.94476646813752,322292352.1312014
0.005,0.0045,0.00475,98.8279,87.99743231150256,322329459.545515
0.00025,0.00475,0.00475,148.592,81.53986723708145,320553113.87004393
0.0005,0.00475,0.00475,136.014,83.75967817321579,325761682.96606314
0.00075,0.00475,0.00475,114.28,84.8261976290068,327755508.88054293
0.001,0.00475,0.00475,29.5667,87.41178723914878,326663040.4580694
0.00125,0.00475,0.00475,27.8621,88.28664227314705,326663040.4580694
0.0015,0.00475,0.00475,27.103,88.84234228715644,326738266.0631425
0.00175,0.00475,0.00475,105.32,86.55257640104207,329951418.66313833
0.002,0.00475,0.00475,25.1771,89.9611503078252,326249609.1064971
0.00225,0.00475,0.00475,30.2935,88.718665385025,328246421.3752182
0.0025,0.00475,0.00475,29.5212,89.0368936962157,328170848.5445259
0.00275,0.00475,0.00475,129.946,87.23585059042877,330597831.070432
0.003,0.00475,0.00475,30.4702,89.08303402784719,328586714.53692216
0.00325,0.00475,0.00475,29.5667,89.37581189849195,328397619.2504806
0.0035,0.00475,0.00475,29.766,89.42315737913506,328511063.359854
0.00375,0.00475,0.00475,29.5667,89.54781636758425,328473244.3030683
0.004,0.00475,0.00475,102.27,87.70210150662979,330978665.0728407
0.00425,0.00475,0.00475,91.8467,87.7707885174566,331016772.59345853
0.0045,0.00475,0.00475,32.4272,89.21235420064117,329306270.1752084
0.00475,0.00475,0.00475,43.3431,88.28156023176112,330597831.070432
0.005,0.00475,0.00475,107.405,87.94274148836827,331131121.4825908
0.00025,0.005,0.00475,60.8771,81.4263560675144,328057521.9208953
0.0005,0.005,0.00475,124.751,83.61226724529278,333925819.1428233
0.00075,0.005,0.00475,128.791,84.70128518608192,335969613.6912147
0.001,0.005,0.00475,26.4792,88.1241619638595,334041172.95457244
0.00125,0.005,0.00475,27.8877,88.1789656108036,335081152.10362613
0.0015,0.005,0.00475,29.3421,88.16678407798959,335853593.9346415
0.00175,0.005,0.00475,126.321,86.46592662115938,338454271.86630964
0.002,0.005,0.00475,136.792,86.68820292956858,338688148.5634765
0.00225,0.005,0.00475,25.3988,89.98290297368885,334926877.05634
0.0025,0.005,0.00475,29.0779,89.06457502661006,336511569.3754901
0.00275,0.005,0.00475,24.676,90.54510985908365,334695597.6563047
0.003,0.005,0.00475,29.3421,89.25653022747007,336744103.6377125
0.00325,0.005,0.00475,29.7992,89.25961309204828,336938004.92993325
0.0035,0.005,0.00475,29.5095,89.4159510145009,336899215.7414906
0.00375,0.005,0.00475,108.159,87.56690497990814,339468905.3800793
0.004,0.005,0.00475,29.3421,89.6138219514187,336938004.92993325
0.00425,0.005,0.00475,99.7027,87.7132089952887,339586174.03665227
0.0045,0.005,0.00475,29.82,89.64065061518335,337170833.8651642
0.00475,0.005,0.00475,37.0037,88.65025720969821,338610171.7130323
0.005,0.005,0.00475,123.463,87.8890965106336,339703483.2033798
0.00025,0.00025,0.005,137.632,87.8890965106336,75988872.39023802
0.0005,0.00025,0.005,122.834,88.50340914246036,76067650.07662268
0.00075,0.00025,0.005,117.778,88.77690494117356,76093927.44987197
0.001,0.00025,0.005,121.431,88.94058875558919,76111450.74153921
0.00125,0.00025,0.005,121.811,89.05227115078497,76120213.90057184
0.0015,0.00025,0.005,120.959,89.13432910688908,76120213.90057184
0.00175,0.00025,0.005,103.079,89.1990029623948,76128978.06855835
0.002,0.00025,0.005,103.968,89.25036481773961,76128978.06855835
0.00225,0.00025,0.005,112.715,89.2935316309113,76128978.06855835
0.0025,0.00025,0.005,106.297,89.32951992330462,76128978.06855835
0.00275,0.00025,0.005,110.0,89.36037857523917,76137743.24561523
0.003,0.00025,0.005,111.67,89.38816047621093,76137743.24561523
0.00325,0.00025,0.005,115.314,89.41183335259669,76137743.24561523
0.0035,0.00025,0.005,96.4524,89.43345319325584,76137743.24561523
0.00375,0.00025,0.005,113.401,89.45198864601747,76137743.24561523
0.004,0.00025,0.005,91.816,89.47155801377738,76137743.24561523
0.00425,0.00025,0.005,74.03,89.49731370460762,76137743.24561523
0.0045,0.00025,0.005,64.3611,89.5344149251329,76137743.24561523
0.00475,0.00025,0.005,59.5051,89.57359401049202,76137743.24561523
0.005,0.00025,0.005,56.1459,89.61485367461057,76137743.24561523
0.00025,0.0005,0.005,36.2084,87.92451876850185,106917796.57993789
0.0005,0.0005,0.005,112.897,87.8890965106336,107473155.42417324
0.00075,0.0005,0.005,117.1,88.27342957401449,107547420.89727911
0.001,0.0005,0.005,106.912,88.50340914246036,107584572.8760509
0.00125,0.0005,0.005,114.137,88.66046403527608,107596959.72076875
0.0015,0.0005,0.005,117.066,88.77690494117356,107621737.68887867
0.00175,0.0005,0.005,110.393,88.86791684907733,107634128.8125996
0.002,0.0005,0.005,117.264,88.94058875558919,107634128.8125996
0.00225,0.0005,0.005,109.255,89.00102329450668,107646521.3629835
0.0025,0.0005,0.005,96.0617,89.05329640884712,107646521.3629835
0.00275,0.0005,0.005,121.906,89.09636790795251,107646521.3629835
0.003,0.0005,0.005,106.596,89.13432910688908,107658915.34019461
0.00325,0.0005,0.005,99.1694,89.16922663074838,107658915.34019461
0.0035,0.0005,0.005,100.936,89.1990029623948,107658915.34019461
0.00375,0.0005,0.005,105.019,89.22570743729062,107658915.34019461
0.004,0.0005,0.005,88.5019,89.25241990699536,107658915.34019461
0.00425,0.0005,0.005,112.316,89.2729734023723,107671310.74439722
0.0045,0.0005,0.005,107.087,89.2935316309113,107671310.74439722
0.00475,0.0005,0.005,94.1189,89.31306633310764,107671310.74439722
0.005,0.0005,0.005,122.614,89.32951992330462,107671310.74439722
0.00025,0.00075,0.005,37.6305,87.140490463608,130767553.89202207
0.0005,0.00075,0.005,37.6306,88.17998081450622,131129377.64409357
0.00075,0.00075,0.005,110.254,87.8890965106336,131628520.53971575
0.001,0.00075,0.005,119.516,88.16982930341918,131689151.67332004
0.00125,0.00075,0.005,120.708,88.3618907001594,131734643.35063486
0.0015,0.00075,0.005,106.239,88.50340914246036,131749810.7350234
0.00175,0.00075,0.005,61.5386,88.66250554140797,131749810.7350234
0.002,0.00075,0.005,128.108,88.70334553715612,131795323.3668544
0.00225,0.00075,0.005,62.6927,88.81882019049523,131780150.7429321
0.0025,0.00075,0.005,94.4477,88.84029664017812,131810497.73769015
0.00275,0.00075,0.005,101.243,88.8934987730083,131810497.73769015
0.003,0.00075,0.005,111.571,88.94058875558919,131825673.855641
0.00325,0.00075,0.005,117.346,88.98155684288196,131825673.855641
0.0035,0.00075,0.005,110.365,89.01844425577141,131825673.855641
0.00375,0.00075,0.005,100.682,89.05227115078497,131840851.72090706
0.004,0.00075,0.005,118.857,89.08200842742012,131840851.72090706
0.00425,0.00075,0.005,137.997,89.10970378386277,131840851.72090706
0.0045,0.00075,0.005,125.219,89.13432910688908,131840851.72090706
0.00475,0.00075,0.005,106.775,89.15793476051732,131840851.72090706
0.005,0.00075,0.005,109.756,89.17846649738038,131840851.72090706
0.00025,0.001,0.005,34.3605,86.95008281906851,150556669.82669798
0.0005,0.001,0.005,121.062,87.0302036962456,151687572.0634935
0.00075,0.001,0.005,118.828,87.56690497990814,151879794.20318118
0.001,0.001,0.005,120.267,87.8890965106336,151984745.2928476
0.00125,0.001,0.005,108.029,88.10995917178316,152054752.97324908
0.0015,0.001,0.005,109.554,88.27342957401449,152089768.90520456
0.00175,0.001,0.005,113.095,88.40055670430016,152124792.90080404
0.002,0.001,0.005,106.355,88.50340914246036,152142307.9230508
0.00225,0.001,0.005,118.09,88.589040927265,152159824.9619051
0.0025,0.001,0.005,109.299,88.66046403527608,152177344.0175991
0.00275,0.001,0.005,117.868,88.72275112462971,152177344.0175991
0.003,0.001,0.005,105.534,88.77690494117356,152194865.09036505
0.00325,0.001,0.005,114.789,88.82495578914929,152194865.09036505
0.0035,0.001,0.005,105.003,88.86791684907733,152212388.18043518
0.00375,0.001,0.005,95.0045,88.90680428362228,152212388.18043518
0.004,0.001,0.005,106.885,88.94058875558919,152229913.28804234
0.00425,0.001,0.005,108.717,88.97233737824862,152229913.28804234
0.0045,0.001,0.005,86.5366,89.00307264239554,152229913.28804234
0.00475,0.001,0.005,102.589,89.02766849807772,152229913.28804234
0.005,0.001,0.005,94.9635,89.05329640884712,152229913.28804234
0.00025,0.00125,0.005,36.3317,86.25712921773179,168151211.23767152
0.0005,0.00125,0.005,44.8655,87.0312056742618,169044093.1643263
0.00075,0.00125,0.005,35.4931,88.25513833187728,169102489.00969774
0.001,0.00125,0.005,107.677,87.64355800505678,169843918.12429926
0.00125,0.00125,0.005,103.395,87.8890965106336,169922152.1517687
0.0015,0.00125,0.005,105.012,88.07142027369031,169980851.32034945
0.00175,0.00125,0.005,119.282,88.21348909448406,170019995.36423618
0.002,0.00125,0.005,109.232,88.32832604918204,170059148.4224085
0.00225,0.00125,0.005,122.482,88.4229500185674,170078728.33250195
0.0025,0.00125,0.005,116.502,88.50340914246036,170098310.49694496
0.00275,0.00125,0.005,117.394,88.57272372577754,170117894.91599777
0.003,0.00125,0.005,100.439,88.63392873279338,170117894.91599777
0.00325,0.00125,0.005,123.044,88.68700728192067,170137481.58991992
0.0035,0.00125,0.005,53.1643,88.86075522974004,170059148.4224085
0.00375,0.00125,0.005,109.984,88.77690494117356,170157070.5189711
0.004,0.00125,0.005,110.718,88.81575255010156,170157070.5189711
0.00425,0.00125,0.005,105.946,88.85154828147786,170176661.70341083
0.0045,0.00125,0.005,144.622,88.88326511985908,170176661.70341083
0.00475,0.00125,0.005,111.588,88.9129459602121,170176661.70341083
0.005,0.00125,0.005,94.6091,88.9416127278528,170176661.70341083
0.00025,0.0015,0.005,33.0871,86.24024864742441,183653834.33483437
0.0005,0.0015,0.005,115.325,86.38135256961758,185395846.39833108
0.00075,0.0015,0.005,33.1228,88.30595669865149,184926861.8978076
0.001,0.0015,0.005,117.182,87.42084499692766,185951634.4462472
0.00125,0.0015,0.005,106.864,87.68998585047578,186058707.62680233
0.0015,0.0015,0.005,107.416,87.8890965106336,186144410.5604379
0.00175,0.0015,0.005,107.2,88.04404761646754,186187276.82990012
0.002,0.0015,0.005,112.633,88.16982930341918,186230152.97082284
0.00225,0.0015,0.005,101.902,88.27342957401449,186273038.98547706
0.0025,0.0015,0.005,111.998,88.3618907001594,186294485.69616497
0.00275,0.0015,0.005,115.3,88.43720326287368,186315934.87613958
0.003,0.0015,0.005,102.061,88.50340914246036,186337386.5256837
0.00325,0.0015,0.005,111.29,88.56150739319163,186337386.5256837
0.0035,0.0015,0.005,119.759,88.61352236595003,186358840.6450824
0.00375,0.0015,0.005,90.534,88.66250554140797,186358840.6450824
0.004,0.0015,0.005,133.634,88.70334553715612,186380297.23461935
0.00425,0.0015,0.005,112.716,88.74216095745406,186380297.23461935
0.0045,0.0015,0.005,106.599,88.77690494117356,186401756.29458115
0.00475,0.0015,0.005,112.459,88.80961758716278,186401756.29458115
0.005,0.0015,0.005,94.4902,88.84029664017812,186401756.29458115
0.00025,0.00175,0.005,126.025,84.57947790659561,198746733.70847777
0.0005,0.00175,0.005,33.4905,87.32528264716821,199250766.14963984
0.00075,0.00175,0.005,33.5306,88.015670143002,199664106.94979164
0.001,0.00175,0.005,29.5531,89.14356535738042,199319596.8121753
0.00125,0.00175,0.005,108.645,87.50744425315465,200909281.2608732
0.0015,0.00175,0.005,103.157,87.72229798690167,201001824.71136948
0.00175,0.00175,0.005,112.107,87.8890965106336,201071260.27256244
0.002,0.00175,0.005,109.612,88.02377705913445,201117563.97192144
0.00225,0.00175,0.005,117.344,88.13633760780414,201163878.33432883
0.0025,0.00175,0.005,100.399,88.23177170464471,201187039.514943
0.00275,0.00175,0.005,98.3049,88.31307360470812,201210203.36224097
0.003,0.00175,0.005,123.207,88.38427421969216,201233369.87652808
0.00325,0.00175,0.005,95.6416,88.44840385231667,201256539.05811146
0.0035,0.00175,0.005,101.259,88.50340914246036,201279710.90729982
0.00375,0.00175,0.005,92.672,88.5553899922795,201279710.90729982
0.004,0.00175,0.005,117.313,88.59924070465219,201302885.4244003
0.00425,0.00175,0.005,106.076,88.64107207133823,201302885.4244003
0.0045,0.00175,0.005,103.316,88.6798602415844,201326062.6097184
0.00475,0.00175,0.005,66.8914,88.74011761720955,201302885.4244003
0.005,0.00175,0.005,108.881,88.74726951391219,201326062.6097184
0.00025,0.002,0.005,146.663,84.23256000178019,212055724.08612457
0.0005,0.002,0.005,33.8869,87.01217006441847,212862912.45272386
0.00075,0.002,0.005,30.171,88.37715157577503,212887420.6119522
0.001,0.002,0.005,34.1812,88.1596789610008,213648574.75803658
0.00125,0.002,0.005,31.2124,88.92830200791735,213402744.2848977
0.0015,0.002,0.005,122.635,87.56690497990814,214807776.64871478
0.00175,0.002,0.005,106.851,87.74552968901351,214881981.44034693
0.002,0.002,0.005,102.053,87.8890965106336,214931465.54191768
0.00225,0.002,0.005,109.017,88.0085772038668,214980961.03893578
0.0025,0.002,0.005,113.843,88.10995917178316,215030467.93402544
0.00275,0.002,0.005,98.807,88.19825647993733,215055225.65666822
0.003,0.002,0.005,105.186,88.27342957401449,215079986.22981146
0.00325,0.002,0.005,101.949,88.34154696517685,215104749.65378603
0.0035,0.002,0.005,104.824,88.40055670430016,215129515.92891926
0.00375,0.002,0.005,114.927,88.45451386263281,215154285.05554032
0.004,0.002,0.005,95.5867,88.5044280814787,215154285.05554032
0.00425,0.002,0.005,88.9608,88.55029248097662,215179057.03397575
0.0045,0.002,0.005,146.663,88.58802101411085,215179057.03397575
0.00475,0.002,0.005,92.7882,88.62780632936513,215203831.86455476
0.005,0.002,0.005,95.1006,88.66148478246615,215203831.86455476
0.00025,0.00225,0.005,139.663,83.91217922531212,224517397.7897192
0.0005,0.00225,0.005,30.1231,87.40675555701742,225112701.59128758
0.00075,0.00225,0.005,28.5101,88.5553899922795,225346075.99532092
0.001,0.00225,0.005,33.5936,88.06330896965771,226438359.57899392
0.00125,0.00225,0.005,31.4222,88.73194472671176,226334104.86812124
0.0015,0.00225,0.005,32.8382,88.73909596473078,226647013.0892361
0.00175,0.00225,0.005,32.8382,88.92727818889814,226725307.71451795
0.002,0.00225,0.005,101.053,87.76270490135695,227929217.7433753
0.00225,0.00225,0.005,104.04,87.8890965106336,227981706.42802885
0.0025,0.00225,0.005,99.6478,87.9964192094551,228034207.2000421
0.00275,0.00225,0.005,109.856,88.08865927549421,228060462.11967728
0.003,0.00225,0.005,93.3768,88.17084440193558,228086720.06219578
0.00325,0.00225,0.005,38.9419,88.89247535467389,227562135.16312894
0.0035,0.00225,0.005,99.1287,88.3049400446062,228139245.01727504
0.00375,0.00225,0.005,94.7184,88.36290800987713,228165512.03053197
0.004,0.00225,0.005,98.6488,88.41378843172397,228191782.06806466
0.00425,0.00225,0.005,97.0919,88.46062429502817,228191782.06806466
0.0045,0.00225,0.005,133.355,88.50340914246036,228218055.1302213
0.00475,0.00225,0.005,147.175,88.54315645810755,228218055.1302213
0.005,0.00225,0.005,102.813,88.57986213158289,228244331.21735013
0.00025,0.0025,0.005,147.581,83.61226724529278,236238132.06284353
0.0005,0.0025,0.005,31.3205,86.94707972146244,237273917.10726273
0.00075,0.0025,0.005,117.432,86.19161136748694,239193844.95683137
0.001,0.0025,0.005,32.8399,88.00756397350982,238506379.54651126
0.00125,0.0025,0.005,31.8885,88.50137129961627,238561303.99309084
0.0015,0.0025,0.005,32.4542,88.66250554140797,238781128.29131782
0.00175,0.0025,0.005,32.3779,88.87200946212413,238863614.61535493
0.002,0.0025,0.005,32.3779,89.03176846812927,238918621.32782075
0.00225,0.0025,0.005,113.713,87.77584115561287,240242589.311352
0.0025,0.0025,0.005,100.761,87.8890965106336,240297913.58103544
0.00275,0.0025,0.005,110.14,87.98628883046239,240353250.59106746
0.003,0.0025,0.005,97.1259,88.07243423922432,240380923.87463325
0.00325,0.0025,0.005,96.9099,88.14750009255188,240408600.34438598
0.0035,0.0025,0.005,41.4105,88.70334553715612,239993787.68098816
0.00375,0.0025,0.005,96.8667,88.2744458652799,240463962.84392262
0.004,0.0025,0.005,100.514,88.32832604918204,240491648.8744403
0.00425,0.0025,0.005,103.837,88.37816906119109,240519338.09261358
0.0045,0.0025,0.005,103.822,88.4229500185674,240519338.09261358
0.00475,0.0025,0.005,102.109,88.4646981511278,240547030.49880943
0.005,0.0025,0.005,94.7302,88.5044280814787,240547030.49880943
0.00025,0.00275,0.005,129.869,83.33165362357515,247343214.1420364
0.0005,0.00275,0.005,116.427,85.1598720003653,249833113.31586447
0.00075,0.00275,0.005,29.313,87.99439304035127,249057715.39520997
0.001,0.00275,0.005,28.438,88.72275112462971,249229817.80526188
0.00125,0.00275,0.005,32.3437,88.2846094214871,250178509.0533244
0.0015,0.00275,0.005,32.8646,88.46877219483976,250409038.1218001
0.00175,0.00275,0.005,33.009,88.65433979891739,250553226.64819565
0.002,0.00275,0.005,31.9614,88.9877036833741,250466703.57235855
0.00225,0.00275,0.005,31.9614,89.1261199098434,250524382.3024065
0.0025,0.00275,0.005,110.865,87.78695798341299,251999686.21092317
0.00275,0.00275,0.005,111.325,87.8890965106336,252028700.41712946
0.003,0.00275,0.005,97.6388,87.97919825908578,252086738.85165334
0.00325,0.00275,0.005,102.277,88.05722598188488,252115763.0807412
0.0035,0.00275,0.005,136.786,88.12619112103766,252144790.6515593
0.00375,0.00275,0.005,46.0297,88.47793947919406,251912663.63192022
0.004,0.00275,0.005,96.6905,88.24802609466377,252202855.8199252
0.00425,0.00275,0.005,92.3657,88.29985694994623,252231893.41824266
0.0045,0.00275,0.005,105.932,88.34663245977612,252231893.41824266
0.00475,0.00275,0.005,92.5769,88.39139743764954,252260934.3598296
0.005,0.00275,0.005,112.418,88.43109444829011,252260934.3598296
0.00025,0.003,0.005,124.131,83.06632558524258,257899202.99047405
0.0005,0.003,0.005,29.5504,86.88703954609801,259179113.4615938
0.00075,0.003,0.005,28.4641,88.02884426090091,259806492.62902358
0.001,0.003,0.005,28.536,88.5482535586162,260225588.87985814
0.00125,0.003,0.005,26.6892,89.43345319325584,259926165.49400195
0.0015,0.003,0.005,27.1468,89.57153152601443,260225588.87985814
0.00175,0.003,0.005,27.2399,89.75941222206659,260375429.89387438
0.002,0.003,0.005,27.1902,89.94872257410363,260435390.45516855
0.00225,0.003,0.005,31.5811,89.08918787837695,261547154.80948493
0.0025,0.003,0.005,31.5811,89.21235420064117,261607385.20147675
0.00275,0.003,0.005,97.2781,87.79706541227277,263178253.17403436
0.003,0.003,0.005,113.63,87.8890965106336,263238859.1835481
0.00325,0.003,0.005,95.416,87.97210825911864,263269167.42184854
0.0035,0.003,0.005,104.692,88.04404761646754,263329794.36755174
0.00375,0.003,0.005,35.7886,89.04714503752662,262391643.64505035
0.004,0.003,0.005,60.6847,88.22262992597015,263329794.36755174
0.00425,0.003,0.005,102.067,88.22364563237969,263390435.2747313
0.0045,0.003,0.005,103.239,88.27342957401449,263420760.96487984
0.00475,0.003,0.005,105.106,88.31917426641908,263451090.14660344
0.005,0.003,0.005,106.982,88.3618907001594,263451090.14660344
0.00025,0.00325,0.005,31.2311,84.4004962195865,266962339.76843446
0.0005,0.00325,0.005,27.318,87.25995807714509,269029559.1704617
0.00075,0.00325,0.005,108.809,85.67912054055762,272238786.3549347
0.001,0.00325,0.005,29.2901,88.22466135048299,270925572.6497671
0.00125,0.00325,0.005,26.9899,89.21338130173815,270551533.5753629
0.0015,0.00325,0.005,27.4265,89.37272502061845,270863196.9128255
0.00175,0.00325,0.005,27.4674,89.58493852405005,271019163.1890842
0.002,0.00325,0.005,27.1778,89.84936249051763,271019163.1890842
0.00225,0.00325,0.005,26.7704,90.12079205446614,270925572.6497671
0.0025,0.00325,0.005,31.2311,89.1825734120963,272176108.27417296
0.00275,0.00325,0.005,31.2311,89.29250360705495,272238786.3549347
0.003,0.00325,0.005,99.7244,87.80414130488471,273968101.35310197
0.00325,0.00325,0.005,93.3129,87.89010837707565,273999644.91216683
0.0035,0.00325,0.005,130.477,87.96501883051509,274031192.1030272
0.00375,0.00325,0.005,104.25,88.03391175436745,274062742.9261024
0.004,0.00325,0.005,39.1433,88.73194472671176,273432416.1087556
0.00425,0.00325,0.005,99.4169,88.15257441659365,274125855.4705631
0.0045,0.00325,0.005,100.724,88.20434921008831,274157417.1927875
0.00475,0.00325,0.005,94.7895,88.25209016002907,274188982.54889977
0.005,0.00325,0.005,100.642,88.2957906848896,274188982.54889977
0.00025,0.0035,0.005,128.282,82.5771709318692,277619520.6421048
0.0005,0.0035,0.005,35.9296,85.50371804366942,280349638.2230936
0.00075,0.0035,0.005,28.4813,87.70614043065979,280317363.6361128
0.001,0.0035,0.005,30.907,87.7505808731129,281384389.371248
0.00125,0.0035,0.005,27.2787,89.00512203747296,280801872.8116633
0.0015,0.0035,0.005,144.715,86.79605772923779,283661241.93125147
0.00175,0.0035,0.005,27.4902,89.47258809908563,281190083.0398939
0.002,0.0035,0.005,26.9775,89.80902881466434,281092980.19590074
0.00225,0.0035,0.005,26.5172,90.10626746957608,281028263.5963663
0.0025,0.0035,0.005,26.1521,90.3555845731743,280931216.633178
0.00275,0.0035,0.005,30.907,89.26783458483669,282390446.44121337
0.003,0.0035,0.005,30.907,89.36758046108343,282455476.7310538
0.00325,0.0035,0.005,103.377,87.81020680958352,284315148.6273753
0.0035,0.0035,0.005,103.093,87.8890965106336,284347883.5028571
0.00375,0.0035,0.005,97.4869,87.96096798496868,284380622.1472988
0.004,0.0035,0.005,33.3128,89.26989007635328,283041423.6511856
0.00425,0.0035,0.005,45.1731,88.40055670430016,284118818.49832445
0.0045,0.0035,0.005,105.318,88.13633760780414,284478860.6987115
0.00475,0.0035,0.005,106.476,88.18607228217536,284511614.4233282
0.005,0.0035,0.005,104.677,88.23177170464471,284511614.4233282
0.00025,0.00375,0.005,143.328,82.35216100745593,286813771.2668462
0.0005,0.00375,0.005,133.114,84.40243963520514,290669859.0298831
0.00075,0.00375,0.005,29.705,87.2690001021285,290301981.37677866
0.001,0.00375,0.005,30.7134,87.65566724652388,291105224.6050054
0.00125,0.00375,0.005,118.996,86.38035807326862,293156818.606234
0.0015,0.00375,0.005,27.7436,89.0614988982916,290937699.1896553
0.00175,0.00375,0.005,109.354,86.92806251178723,293663519.89168954
0.002,0.00375,0.005,26.7413,89.78525077592235,290837230.21965796
0.00225,0.00375,0.005,26.3023,90.08448498130657,290770270.181934
0.0025,0.00375,0.005,31.6303,88.93649298442189,292381574.1738292
0.00275,0.00375,0.005,31.025,89.16306725152845,292314258.5787052
0.003,0.00375,0.005,30.6052,89.34700518413393,292246958.4817854
0.00325,0.00375,0.005,102.032,87.7354281930816,294238840.1724649
0.0035,0.00375,0.005,96.4476,87.81627273328705,294272717.62092817
0.00375,0.00375,0.005,104.956,87.8890965106336,294306598.9699013
0.004,0.00375,0.005,102.715,87.95590469036223,294340484.2198335
0.00425,0.00375,0.005,36.502,88.87917198848197,293426950.39559644
0.0045,0.00375,0.005,92.9069,88.07243423922432,294408266.4243715
0.00475,0.00375,0.005,97.8042,88.12314740279149,294442163.3798757
0.005,0.00375,0.005,110.406,88.16982930341918,294476064.2381359
0.00025,0.004,0.005,144.261,82.13532879500775,295733143.7419896
0.0005,0.004,0.005,28.5698,86.39229278516002,298091779.75716245
0.00075,0.004,0.005,26.8361,87.86886162800371,298882164.6959377
0.001,0.004,0.005,31.3065,87.41782564005283,300642240.9875522
0.00125,0.004,0.005,27.6375,88.67067203602582,300123498.278118
0.0015,0.004,0.005,30.3228,88.34561533743651,301092543.20530003
0.00175,0.004,0.005,27.0964,89.38713136290602,300330887.86765516
0.002,0.004,0.005,121.102,87.0302036962456,303354191.466951
0.00225,0.004,0.005,25.7309,90.18825830268386,300019857.193351
0.0025,0.004,0.005,31.0478,88.95799788746453,301751890.7307003
0.00275,0.004,0.005,30.429,89.20002990977909,301682417.78883755
0.003,0.004,0.005,29.8638,89.42315737913506,301612960.84186924
0.00325,0.004,0.005,30.3228,89.42109835854895,301786633.2008682
0.0035,0.004,0.005,102.732,87.74552968901351,303878518.2061176
0.00375,0.004,0.005,111.459,87.8203169152174,303948496.87701195
0.004,0.004,0.005,95.8597,87.89010837707565,303983492.25536644
0.00425,0.004,0.005,32.144,89.37786987630673,302308250.5239908
0.0045,0.004,0.005,41.7152,88.48201413270576,303493923.40678316
0.00475,0.004,0.005,104.278,88.06128126037797,304088502.5676283
0.005,0.004,0.005,96.1707,88.11097358101519,304088502.5676283
0.00025,0.00425,0.005,125.5,81.92849932318144,304333667.7227811
0.0005,0.00425,0.005,137.407,84.06786148664787,308922826.65878516
0.00075,0.00425,0.005,28.648,87.23283762292404,308425302.95634097
0.001,0.00425,0.005,25.7223,88.71968680228673,308141363.5333946
0.00125,0.00425,0.005,27.733,88.53296313728619,309278692.0198207
0.0015,0.00425,0.005,27.6161,88.88940517036487,309492407.9779465
0.00175,0.00425,0.005,30.0575,88.55233145028548,310420218.3071237
0.002,0.00425,0.005,28.5035,89.1148334983958,310134442.34512526
0.00225,0.00425,0.005,25.246,90.27655961053858,308958394.7609879
0.0025,0.00425,0.005,30.5009,88.9836057425341,310885165.988056
0.00275,0.00425,0.005,29.8705,89.23906267264233,310813590.27394736
0.003,0.00425,0.005,29.2932,89.47567842616724,310706257.59976107
0.00325,0.00425,0.005,131.765,87.59009552892516,313148257.91020584
0.0035,0.00425,0.005,30.0575,89.49113166271826,310992560.465683
0.00375,0.00425,0.005,96.1079,87.75563234799007,313256434.1670934
0.004,0.00425,0.005,106.402,87.82537240453951,313292501.22301996
0.00425,0.00425,0.005,91.956,87.89010837707565,313328572.4315576
0.0045,0.00425,0.005,35.4374,88.92420680256271,312212293.78442496
0.00475,0.00425,0.005,57.0895,88.08257453664469,313292501.22301996
0.005,0.00425,0.005,102.426,88.0521571463822,313436810.9776308
0.00025,0.0045,0.005,144.67,81.72971791853857,312643929.10299623
0.0005,0.0045,0.005,28.7474,86.02704395255957,315682131.28632545
0.00075,0.0045,0.005,39.8509,85.54605763414555,318749858.02346027
0.001,0.0045,0.005,30.6501,87.30015202717054,318456413.7117132
0.00125,0.0045,0.005,27.7917,88.40971692004953,318163239.5477372
0.0015,0.0045,0.005,27.4221,88.84541084594295,318346441.75564355
0.00175,0.0045,0.005,26.6678,89.32951992330462,318273148.21707857
0.002,0.0045,0.005,115.486,86.85403512378748,321625148.6926461
0.00225,0.0045,0.005,107.164,87.0302036962456,321773296.6569406
0.0025,0.0045,0.005,30.0393,88.99999863825754,319742230.3204924
0.00275,0.0045,0.005,29.34,89.28119612574744,319631814.3357848
0.003,0.0045,0.005,30.8318,89.08200842742012,320073707.1848268
0.00325,0.0045,0.005,30.4634,89.25344746936844,320036859.458652
0.0035,0.0045,0.005,29.8073,89.47773870352027,319926341.7302168
0.00375,0.0045,0.005,29.8073,89.55812653442766,319963176.73183537
0.004,0.0045,0.005,106.224,87.76270490135695,322329459.545515
0.00425,0.0045,0.005,99.1629,87.82941700553485,322366571.23222345
0.0045,0.0045,0.005,31.765,89.37889888298427,320553113.87004393
0.00475,0.0045,0.005,40.7505,88.47386501332278,321810344.3093442
0.005,0.0045,0.005,101.37,87.9964192094551,322477931.93163747
0.00025,0.00475,0.005,136.265,81.53986723708145,320700768.0303629
0.0005,0.00475,0.005,128.289,83.75967817321579,325911736.31348425
0.00075,0.00475,0.005,139.966,84.8271742323194,327830986.0647294
0.001,0.00475,0.005,26.4456,88.245994132164,325836701.0020087
0.00125,0.00475,0.005,29.5705,87.86785000617252,327303010.5579463
0.0015,0.00475,0.005,27.2332,88.80450544176426,326926405.8741255
0.00175,0.00475,0.005,26.4303,89.31512286613577,326813508.9915482
0.002,0.00475,0.005,25.285,89.92180170709247,326437467.5429458
0.00225,0.00475,0.005,30.3615,88.7053880306825,328435429.6001105
0.0025,0.00475,0.005,117.754,87.10337841567917,330635894.743391
0.00275,0.00475,0.005,28.8958,89.31306633310764,328208632.78471047
0.003,0.00475,0.005,102.014,87.35243184229822,330864368.83119446
0.00325,0.00475,0.005,101.662,87.45406480626535,330940561.9392608
0.0035,0.00475,0.005,29.769,89.42212786291569,328624546.6582047
0.00375,0.00475,0.005,29.5705,89.54678541618345,328624546.6582047
0.004,0.00475,0.005,99.4085,87.70311122019997,331169246.5564132
0.00425,0.00475,0.005,107.175,87.7697780247273,331169246.5564132
0.0045,0.00475,0.005,150.42,87.83143937588142,331207376.0197969
0.00475,0.00475,0.005,35.3353,88.87712549347826,329989407.9108345
0.005,0.00475,0.005,56.3121,88.02985773625772,331169246.5564132
0.00025,0.005,0.005,128.303,81.35607724606547,328511063.359854
0.0005,0.005,0.005,135.663,83.61226724529278,334079633.0797372
0.00075,0.005,0.005,140.055,84.70128518608192,336124369.04705375
0.001,0.005,0.005,124.535,85.37387620225034,337170833.8651642
0.00125,0.005,0.005,27.8504,88.18911817380742,335196905.02216256
0.0015,0.005,0.005,27.0543,88.76361887088353,335274095.84841716
0.00175,0.005,0.005,120.471,86.46592662115938,338571190.0203559
0.002,0.005,0.005,24.8533,90.00155230218814,334657066.61967945
0.00225,0.005,0.005,29.9189,88.71968680228673,336782874.9671862
0.0025,0.005,0.005,29.1096,89.05739755913471,336666574.3686232
0.00275,0.005,0.005,29.3459,89.13740775071719,336821650.76063114
0.003,0.005,0.005,25.0907,90.50446385993655,335119731.96770775
0.00325,0.005,0.005,29.8015,89.25961309204828,337093206.34912175
0.0035,0.005,0.005,94.519,87.48326839292744,339547079.98402256
0.00375,0.005,0.005,150.643,87.56690497990814,339625272.59040886
0.004,0.005,0.005,29.3459,89.612790240105,337093206.34912175
0.00425,0.005,0.005,96.3434,87.7132089952887,339742595.2636308
0.0045,0.005,0.005,107.343,87.77685171814697,339781711.82708335
0.00475,0.005,0.005,31.9797,89.28839162998304,337909187.43772334
0.005,0.005,0.005,41.2984,88.38630936624526,339195435.97565806
